2026-08-30 21:55:21,556 [INFO] [MainThread] [root/log.py:104]: YASB v2.0.6
2026-08-30 21:55:21,557 [INFO] [CLIPipeServer] [cli_server/cli_server.py:216]: CLI server started v1.1.7
2026-08-30 21:55:21,558 [INFO] [MainThread] [cli_server/cli_server.py:106]: Log pipe server started
2026-08-30 21:58:06,695 [INFO] [MainThread] [root/welcome.py:867]: Created config file at C:\Users\User\.config\yasb\config.yaml
2026-08-30 21:58:06,696 [INFO] [MainThread] [root/welcome.py:876]: Created styles file at C:\Users\User\.config\yasb\styles.css
2026-08-30 21:58:12,063 [INFO] [MainThread] [root/service.py:52]: AudioOutputService starting...
2026-08-30 21:58:12,546 [INFO] [MainThread] [root/bar_manager.py:238]: Starting HotkeyListener...
2026-08-30 21:58:12,553 [INFO] [MainThread] [root/bar_manager.py:103]: Starting WindowsNotificationEventListener...
2026-08-30 21:58:12,553 [INFO] [MainThread] [root/bar_manager.py:103]: Starting KomorebiEventListener...
2026-08-30 21:58:12,557 [INFO] [Dummy-9] [root/event_listener.py:54]: Created named pipe yasb-2fc1ee62-a4f0-11f1-9d2b-b306d4664e56
2026-08-30 21:58:12,558 [INFO] [MainThread] [root/watcher.py:65]: Watching directory: c:\users\user\.config\yasb
2026-08-30 21:58:12,559 [INFO] [MainThread] [root/watcher.py:104]: Created file watcher
2026-08-30 21:58:12,586 [INFO] [MainThread] [root/update_service.py:434]: Background update checker started
2026-08-30 21:58:12,707 [INFO] [Dummy-11] [root/windows_notification.py:161]: Notification service started (WNF_SHEL_NOTIFICATION_TOTAL)
2026-08-30 21:58:16,222 [WARNING] [Dummy-9] [root/event_listener.py:136]: Komorebi failed to subscribe named pipe. Error: Una operación socket encontró una red inactiva. (os error 10050) Location: komorebic\src\main.rs:3157:13
2026-08-30 22:00:26,806 [INFO] [MainThread] [root/controller.py:21]: Reloading Application because of config change.
2026-08-30 22:00:26,908 [INFO] [MainThread] [cli_server/cli_server.py:114]: Log pipe server stopped
2026-08-30 22:00:26,965 [INFO] [MainThread] [root/bar_manager.py:93]: Successfully loaded updated config and re-initialised all bars.
2026-08-30 22:00:27,010 [INFO] [MainThread] [root/bar_manager.py:111]: Stopping HotkeyListener...
2026-08-30 22:00:27,014 [INFO] [MainThread] [root/bar_manager.py:119]: Stopping WindowsNotificationEventListener...
2026-08-30 22:00:27,015 [INFO] [Dummy-11] [root/windows_notification.py:97]: Notification service stopped
2026-08-30 22:00:27,020 [INFO] [MainThread] [root/bar_manager.py:119]: Stopping KomorebiEventListener...
2026-08-30 22:00:27,769 [INFO] [MainThread] [root/log.py:104]: YASB v2.0.6
2026-08-30 22:00:27,770 [INFO] [CLIPipeServer] [cli_server/cli_server.py:216]: CLI server started v1.1.7
2026-08-30 22:00:27,770 [INFO] [MainThread] [cli_server/cli_server.py:106]: Log pipe server started
2026-08-30 22:00:28,645 [INFO] [MainThread] [root/service.py:52]: AudioOutputService starting...
2026-08-30 22:00:28,838 [INFO] [MainThread] [root/bar_manager.py:238]: Starting HotkeyListener...
2026-08-30 22:00:28,838 [INFO] [MainThread] [root/bar_manager.py:103]: Starting KomorebiEventListener...
2026-08-30 22:00:28,839 [INFO] [MainThread] [root/bar_manager.py:103]: Starting WindowsNotificationEventListener...
2026-08-30 22:00:28,841 [INFO] [Dummy-8] [root/event_listener.py:54]: Created named pipe yasb-80fd6d36-a4f0-11f1-a3a5-b306d4664e56
2026-08-30 22:00:28,843 [INFO] [MainThread] [root/watcher.py:65]: Watching directory: c:\users\user\.config\yasb
2026-08-30 22:00:28,844 [INFO] [MainThread] [root/watcher.py:104]: Created file watcher
2026-08-30 22:00:28,874 [INFO] [MainThread] [root/update_service.py:434]: Background update checker started
2026-08-30 22:00:28,880 [INFO] [Dummy-11] [root/windows_notification.py:161]: Notification service started (WNF_SHEL_NOTIFICATION_TOTAL)
2026-08-30 22:00:29,043 [WARNING] [Dummy-8] [root/event_listener.py:136]: Komorebi failed to subscribe named pipe. Error: Una operación socket encontró una red inactiva. (os error 10050) Location: komorebic\src\main.rs:3157:13
2026-08-30 22:07:22,348 [INFO] [MainThread] [root/controller.py:21]: Reloading Application because of config change.
2026-08-30 22:07:22,450 [INFO] [MainThread] [cli_server/cli_server.py:114]: Log pipe server stopped
2026-08-30 22:07:22,498 [INFO] [MainThread] [root/bar_manager.py:93]: Successfully loaded updated config and re-initialised all bars.
2026-08-30 22:07:22,552 [INFO] [MainThread] [root/bar_manager.py:111]: Stopping HotkeyListener...
2026-08-30 22:07:22,556 [INFO] [MainThread] [root/bar_manager.py:119]: Stopping KomorebiEventListener...
2026-08-30 22:07:22,561 [INFO] [MainThread] [root/bar_manager.py:119]: Stopping WindowsNotificationEventListener...
2026-08-30 22:07:22,562 [INFO] [Dummy-11] [root/windows_notification.py:97]: Notification service stopped
2026-08-30 22:07:23,382 [INFO] [MainThread] [root/log.py:104]: YASB v2.0.6
2026-08-30 22:07:23,383 [INFO] [CLIPipeServer] [cli_server/cli_server.py:216]: CLI server started v1.1.7
2026-08-30 22:07:23,383 [INFO] [MainThread] [cli_server/cli_server.py:106]: Log pipe server started
2026-08-30 22:07:24,219 [INFO] [MainThread] [root/service.py:52]: AudioOutputService starting...
2026-08-30 22:07:24,406 [INFO] [MainThread] [root/bar_manager.py:238]: Starting HotkeyListener...
2026-08-30 22:07:24,406 [INFO] [MainThread] [root/bar_manager.py:103]: Starting KomorebiEventListener...
2026-08-30 22:07:24,407 [INFO] [MainThread] [root/bar_manager.py:103]: Starting WindowsNotificationEventListener...
2026-08-30 22:07:24,408 [INFO] [Dummy-8] [root/event_listener.py:54]: Created named pipe yasb-78b0021f-a4f1-11f1-91a6-b306d4664e56
2026-08-30 22:07:24,411 [INFO] [MainThread] [root/watcher.py:65]: Watching directory: c:\users\user\.config\yasb
2026-08-30 22:07:24,411 [INFO] [MainThread] [root/watcher.py:104]: Created file watcher
2026-08-30 22:07:24,444 [INFO] [MainThread] [root/update_service.py:434]: Background update checker started
2026-08-30 22:07:24,452 [INFO] [Dummy-11] [root/windows_notification.py:161]: Notification service started (WNF_SHEL_NOTIFICATION_TOTAL)
2026-08-30 22:07:24,599 [WARNING] [Dummy-8] [root/event_listener.py:136]: Komorebi failed to subscribe named pipe. Error: Una operación socket encontró una red inactiva. (os error 10050) Location: komorebic\src\main.rs:3157:13
2026-08-30 22:08:01,497 [INFO] [MainThread] [root/controller.py:21]: Reloading Application because of config change.
2026-08-30 22:08:01,599 [INFO] [MainThread] [cli_server/cli_server.py:114]: Log pipe server stopped
2026-08-30 22:08:01,647 [INFO] [MainThread] [root/bar_manager.py:93]: Successfully loaded updated config and re-initialised all bars.
2026-08-30 22:08:01,700 [INFO] [MainThread] [root/bar_manager.py:111]: Stopping HotkeyListener...
2026-08-30 22:08:01,704 [INFO] [MainThread] [root/bar_manager.py:119]: Stopping KomorebiEventListener...
2026-08-30 22:08:01,708 [INFO] [MainThread] [root/bar_manager.py:119]: Stopping WindowsNotificationEventListener...
2026-08-30 22:08:01,708 [INFO] [Dummy-11] [root/windows_notification.py:97]: Notification service stopped
2026-08-30 22:08:02,453 [INFO] [MainThread] [root/log.py:104]: YASB v2.0.6
2026-08-30 22:08:02,454 [INFO] [CLIPipeServer] [cli_server/cli_server.py:216]: CLI server started v1.1.7
2026-08-30 22:08:02,454 [INFO] [MainThread] [cli_server/cli_server.py:106]: Log pipe server started
2026-08-30 22:08:03,266 [INFO] [MainThread] [root/service.py:52]: AudioOutputService starting...
2026-08-30 22:08:03,469 [INFO] [MainThread] [root/bar_manager.py:238]: Starting HotkeyListener...
2026-08-30 22:08:03,469 [INFO] [MainThread] [root/bar_manager.py:103]: Starting KomorebiEventListener...
2026-08-30 22:08:03,470 [INFO] [MainThread] [root/bar_manager.py:103]: Starting WindowsNotificationEventListener...
2026-08-30 22:08:03,474 [INFO] [Dummy-7] [root/event_listener.py:54]: Created named pipe yasb-8ff89c44-a4f1-11f1-b1f4-b306d4664e56
2026-08-30 22:08:03,477 [INFO] [MainThread] [root/watcher.py:65]: Watching directory: c:\users\user\.config\yasb
2026-08-30 22:08:03,477 [INFO] [MainThread] [root/watcher.py:104]: Created file watcher
2026-08-30 22:08:03,514 [INFO] [MainThread] [root/update_service.py:434]: Background update checker started
2026-08-30 22:08:03,515 [INFO] [Dummy-11] [root/windows_notification.py:161]: Notification service started (WNF_SHEL_NOTIFICATION_TOTAL)
2026-08-30 22:08:03,646 [WARNING] [Dummy-7] [root/event_listener.py:136]: Komorebi failed to subscribe named pipe. Error: Una operación socket encontró una red inactiva. (os error 10050) Location: komorebic\src\main.rs:3157:13
2026-08-30 22:16:11,653 [INFO] [MainThread] [root/controller.py:21]: Reloading Application from tray...
2026-08-30 22:16:11,753 [INFO] [MainThread] [cli_server/cli_server.py:114]: Log pipe server stopped
2026-08-30 22:16:11,853 [INFO] [MainThread] [root/bar_manager.py:111]: Stopping HotkeyListener...
2026-08-30 22:16:11,857 [INFO] [MainThread] [root/bar_manager.py:119]: Stopping KomorebiEventListener...
2026-08-30 22:16:11,860 [INFO] [MainThread] [root/bar_manager.py:119]: Stopping WindowsNotificationEventListener...
2026-08-30 22:16:11,861 [INFO] [Dummy-11] [root/windows_notification.py:97]: Notification service stopped
2026-08-30 22:16:12,612 [INFO] [MainThread] [root/log.py:104]: YASB v2.0.6
2026-08-30 22:16:12,613 [INFO] [CLIPipeServer] [cli_server/cli_server.py:216]: CLI server started v1.1.7
2026-08-30 22:16:12,613 [INFO] [MainThread] [cli_server/cli_server.py:106]: Log pipe server started
2026-08-30 22:16:13,350 [INFO] [MainThread] [root/service.py:52]: AudioOutputService starting...
2026-08-30 22:16:13,563 [INFO] [MainThread] [root/bar_manager.py:238]: Starting HotkeyListener...
2026-08-30 22:16:13,563 [INFO] [MainThread] [root/bar_manager.py:103]: Starting WindowsNotificationEventListener...
2026-08-30 22:16:13,564 [INFO] [MainThread] [root/bar_manager.py:103]: Starting KomorebiEventListener...
2026-08-30 22:16:13,566 [INFO] [Dummy-8] [root/event_listener.py:54]: Created named pipe yasb-b417042e-a4f2-11f1-ad77-b306d4664e56
2026-08-30 22:16:13,568 [INFO] [MainThread] [root/watcher.py:65]: Watching directory: c:\users\user\.config\yasb
2026-08-30 22:16:13,568 [INFO] [MainThread] [root/watcher.py:104]: Created file watcher
2026-08-30 22:16:13,597 [INFO] [MainThread] [root/update_service.py:434]: Background update checker started
2026-08-30 22:16:13,602 [INFO] [Dummy-11] [root/windows_notification.py:161]: Notification service started (WNF_SHEL_NOTIFICATION_TOTAL)
2026-08-30 22:16:13,748 [WARNING] [Dummy-8] [root/event_listener.py:136]: Komorebi failed to subscribe named pipe. Error: Una operación socket encontró una red inactiva. (os error 10050) Location: komorebic\src\main.rs:3157:13
2026-08-30 22:16:45,651 [INFO] [MainThread] [root/controller.py:21]: Reloading Application because of config change.
2026-08-30 22:16:45,757 [INFO] [MainThread] [cli_server/cli_server.py:114]: Log pipe server stopped
2026-08-30 22:16:45,801 [INFO] [MainThread] [root/bar_manager.py:93]: Successfully loaded updated config and re-initialised all bars.
2026-08-30 22:16:45,859 [INFO] [MainThread] [root/bar_manager.py:111]: Stopping HotkeyListener...
2026-08-30 22:16:45,863 [INFO] [MainThread] [root/bar_manager.py:119]: Stopping WindowsNotificationEventListener...
2026-08-30 22:16:45,864 [INFO] [Dummy-11] [root/windows_notification.py:97]: Notification service stopped
2026-08-30 22:16:45,868 [INFO] [MainThread] [root/bar_manager.py:119]: Stopping KomorebiEventListener...
2026-08-30 22:16:46,622 [INFO] [MainThread] [root/log.py:104]: YASB v2.0.6
2026-08-30 22:16:46,623 [INFO] [CLIPipeServer] [cli_server/cli_server.py:216]: CLI server started v1.1.7
2026-08-30 22:16:46,623 [INFO] [MainThread] [cli_server/cli_server.py:106]: Log pipe server started
2026-08-30 22:16:47,372 [INFO] [MainThread] [root/service.py:52]: AudioOutputService starting...
2026-08-30 22:16:47,588 [INFO] [MainThread] [root/bar_manager.py:238]: Starting HotkeyListener...
2026-08-30 22:16:47,589 [INFO] [MainThread] [root/bar_manager.py:103]: Starting WindowsNotificationEventListener...
2026-08-30 22:16:47,590 [INFO] [MainThread] [root/bar_manager.py:103]: Starting KomorebiEventListener...
2026-08-30 22:16:47,595 [INFO] [Dummy-9] [root/event_listener.py:54]: Created named pipe yasb-c85f10b6-a4f2-11f1-acfc-b306d4664e56
2026-08-30 22:16:47,595 [INFO] [MainThread] [root/watcher.py:65]: Watching directory: c:\users\user\.config\yasb
2026-08-30 22:16:47,600 [INFO] [MainThread] [root/watcher.py:104]: Created file watcher
2026-08-30 22:16:47,627 [INFO] [MainThread] [root/update_service.py:434]: Background update checker started
2026-08-30 22:16:47,633 [INFO] [Dummy-11] [root/windows_notification.py:161]: Notification service started (WNF_SHEL_NOTIFICATION_TOTAL)
2026-08-30 22:16:47,763 [WARNING] [Dummy-9] [root/event_listener.py:136]: Komorebi failed to subscribe named pipe. Error: Una operación socket encontró una red inactiva. (os error 10050) Location: komorebic\src\main.rs:3157:13
2026-08-30 22:17:05,680 [INFO] [MainThread] [root/controller.py:21]: Reloading Application because of config change.
2026-08-30 22:17:05,796 [INFO] [MainThread] [cli_server/cli_server.py:114]: Log pipe server stopped
2026-08-30 22:17:05,845 [INFO] [MainThread] [root/bar_manager.py:93]: Successfully loaded updated config and re-initialised all bars.
2026-08-30 22:17:05,901 [INFO] [MainThread] [root/bar_manager.py:111]: Stopping HotkeyListener...
2026-08-30 22:17:05,905 [INFO] [MainThread] [root/bar_manager.py:119]: Stopping WindowsNotificationEventListener...
2026-08-30 22:17:05,906 [INFO] [Dummy-11] [root/windows_notification.py:97]: Notification service stopped
2026-08-30 22:17:05,910 [INFO] [MainThread] [root/bar_manager.py:119]: Stopping KomorebiEventListener...
2026-08-30 22:17:06,667 [INFO] [MainThread] [root/log.py:104]: YASB v2.0.6
2026-08-30 22:17:06,668 [INFO] [CLIPipeServer] [cli_server/cli_server.py:216]: CLI server started v1.1.7
2026-08-30 22:17:06,668 [INFO] [MainThread] [cli_server/cli_server.py:106]: Log pipe server started
2026-08-30 22:17:07,423 [INFO] [MainThread] [root/service.py:52]: AudioOutputService starting...
2026-08-30 22:17:07,633 [INFO] [MainThread] [root/bar_manager.py:238]: Starting HotkeyListener...
2026-08-30 22:17:07,634 [INFO] [MainThread] [root/bar_manager.py:103]: Starting KomorebiEventListener...
2026-08-30 22:17:07,635 [INFO] [MainThread] [root/bar_manager.py:103]: Starting WindowsNotificationEventListener...
2026-08-30 22:17:07,637 [INFO] [Dummy-8] [root/event_listener.py:54]: Created named pipe yasb-d45189b3-a4f2-11f1-ab60-b306d4664e56
2026-08-30 22:17:07,642 [INFO] [MainThread] [root/watcher.py:65]: Watching directory: c:\users\user\.config\yasb
2026-08-30 22:17:07,647 [INFO] [MainThread] [root/watcher.py:104]: Created file watcher
2026-08-30 22:17:07,679 [INFO] [Dummy-11] [root/windows_notification.py:161]: Notification service started (WNF_SHEL_NOTIFICATION_TOTAL)
2026-08-30 22:17:07,679 [INFO] [MainThread] [root/update_service.py:434]: Background update checker started
2026-08-30 22:17:07,825 [WARNING] [Dummy-8] [root/event_listener.py:136]: Komorebi failed to subscribe named pipe. Error: Una operación socket encontró una red inactiva. (os error 10050) Location: komorebic\src\main.rs:3157:13
2026-08-30 22:17:17,237 [INFO] [MainThread] [root/controller.py:21]: Reloading Application because of config change.
2026-08-30 22:17:17,338 [INFO] [MainThread] [cli_server/cli_server.py:114]: Log pipe server stopped
2026-08-30 22:17:17,387 [INFO] [MainThread] [root/bar_manager.py:93]: Successfully loaded updated config and re-initialised all bars.
2026-08-30 22:17:17,450 [INFO] [MainThread] [root/bar_manager.py:111]: Stopping HotkeyListener...
2026-08-30 22:17:17,454 [INFO] [MainThread] [root/bar_manager.py:119]: Stopping KomorebiEventListener...
2026-08-30 22:17:17,457 [INFO] [MainThread] [root/bar_manager.py:119]: Stopping WindowsNotificationEventListener...
2026-08-30 22:17:17,459 [INFO] [Dummy-11] [root/windows_notification.py:97]: Notification service stopped
2026-08-30 22:17:18,221 [INFO] [MainThread] [root/log.py:104]: YASB v2.0.6
2026-08-30 22:17:18,222 [INFO] [CLIPipeServer] [cli_server/cli_server.py:216]: CLI server started v1.1.7
2026-08-30 22:17:18,222 [INFO] [MainThread] [cli_server/cli_server.py:106]: Log pipe server started
2026-08-30 22:17:18,983 [INFO] [MainThread] [root/service.py:52]: AudioOutputService starting...
2026-08-30 22:17:19,189 [INFO] [MainThread] [root/bar_manager.py:238]: Starting HotkeyListener...
2026-08-30 22:17:19,190 [INFO] [MainThread] [root/bar_manager.py:103]: Starting WindowsNotificationEventListener...
2026-08-30 22:17:19,190 [INFO] [MainThread] [root/bar_manager.py:103]: Starting KomorebiEventListener...
2026-08-30 22:17:19,192 [INFO] [Dummy-8] [root/event_listener.py:54]: Created named pipe yasb-db34d42a-a4f2-11f1-b161-b306d4664e56
2026-08-30 22:17:19,195 [INFO] [MainThread] [root/watcher.py:65]: Watching directory: c:\users\user\.config\yasb
2026-08-30 22:17:19,195 [INFO] [MainThread] [root/watcher.py:104]: Created file watcher
2026-08-30 22:17:19,231 [INFO] [MainThread] [root/update_service.py:434]: Background update checker started
2026-08-30 22:17:19,237 [INFO] [Dummy-11] [root/windows_notification.py:161]: Notification service started (WNF_SHEL_NOTIFICATION_TOTAL)
2026-08-30 22:17:19,359 [WARNING] [Dummy-8] [root/event_listener.py:136]: Komorebi failed to subscribe named pipe. Error: Una operación socket encontró una red inactiva. (os error 10050) Location: komorebic\src\main.rs:3157:13
2026-08-30 22:17:27,715 [INFO] [MainThread] [root/controller.py:21]: Reloading Application because of config change.
2026-08-30 22:17:27,825 [INFO] [MainThread] [cli_server/cli_server.py:114]: Log pipe server stopped
2026-08-30 22:17:27,882 [INFO] [MainThread] [root/bar_manager.py:93]: Successfully loaded updated config and re-initialised all bars.
2026-08-30 22:17:27,943 [INFO] [MainThread] [root/bar_manager.py:111]: Stopping HotkeyListener...
2026-08-30 22:17:27,948 [INFO] [MainThread] [root/bar_manager.py:119]: Stopping WindowsNotificationEventListener...
2026-08-30 22:17:27,952 [INFO] [Dummy-11] [root/windows_notification.py:97]: Notification service stopped
2026-08-30 22:17:27,957 [INFO] [MainThread] [root/bar_manager.py:119]: Stopping KomorebiEventListener...
2026-08-30 22:17:28,696 [INFO] [MainThread] [root/log.py:104]: YASB v2.0.6
2026-08-30 22:17:28,696 [INFO] [CLIPipeServer] [cli_server/cli_server.py:216]: CLI server started v1.1.7
2026-08-30 22:17:28,697 [INFO] [MainThread] [cli_server/cli_server.py:106]: Log pipe server started
2026-08-30 22:17:29,426 [INFO] [MainThread] [root/service.py:52]: AudioOutputService starting...
2026-08-30 22:17:29,631 [INFO] [MainThread] [root/bar_manager.py:238]: Starting HotkeyListener...
2026-08-30 22:17:29,631 [INFO] [MainThread] [root/bar_manager.py:103]: Starting WindowsNotificationEventListener...
2026-08-30 22:17:29,632 [INFO] [MainThread] [root/bar_manager.py:103]: Starting KomorebiEventListener...
2026-08-30 22:17:29,634 [INFO] [Dummy-8] [root/event_listener.py:54]: Created named pipe yasb-e16e0a1e-a4f2-11f1-a0db-b306d4664e56
2026-08-30 22:17:29,636 [INFO] [MainThread] [root/watcher.py:65]: Watching directory: c:\users\user\.config\yasb
2026-08-30 22:17:29,637 [INFO] [MainThread] [root/watcher.py:104]: Created file watcher
2026-08-30 22:17:29,671 [INFO] [MainThread] [root/update_service.py:434]: Background update checker started
2026-08-30 22:17:29,677 [INFO] [Dummy-11] [root/windows_notification.py:161]: Notification service started (WNF_SHEL_NOTIFICATION_TOTAL)
2026-08-30 22:17:29,804 [WARNING] [Dummy-8] [root/event_listener.py:136]: Komorebi failed to subscribe named pipe. Error: Una operación socket encontró una red inactiva. (os error 10050) Location: komorebic\src\main.rs:3157:13
2026-08-30 22:27:43,188 [INFO] [MainThread] [root/bar.py:153]: Screen geometry changed. Updating position for bar primary-bar on screen MSI G271
2026-08-30 22:28:26,774 [INFO] [MainThread] [root/controller.py:43]: Exiting Application...
2026-08-30 22:28:26,880 [INFO] [MainThread] [cli_server/cli_server.py:114]: Log pipe server stopped
2026-08-30 22:28:27,024 [INFO] [MainThread] [root/bar_manager.py:111]: Stopping HotkeyListener...
2026-08-30 22:28:27,032 [INFO] [MainThread] [root/bar_manager.py:119]: Stopping WindowsNotificationEventListener...
2026-08-30 22:28:27,034 [INFO] [Dummy-11] [root/windows_notification.py:97]: Notification service stopped
2026-08-30 22:28:27,040 [INFO] [MainThread] [root/bar_manager.py:119]: Stopping KomorebiEventListener...
2026-08-31 12:19:45,185 [INFO] [MainThread] [root/log.py:104]: YASB v2.0.6
2026-08-31 12:19:45,187 [INFO] [CLIPipeServer] [cli_server/cli_server.py:216]: CLI server started v1.1.7
2026-08-31 12:19:45,187 [INFO] [MainThread] [cli_server/cli_server.py:106]: Log pipe server started
2026-08-31 12:19:46,537 [INFO] [MainThread] [root/service.py:52]: AudioOutputService starting...
2026-08-31 12:19:46,703 [INFO] [MainThread] [root/bar_manager.py:238]: Starting HotkeyListener...
2026-08-31 12:19:46,703 [INFO] [MainThread] [root/bar_manager.py:103]: Starting KomorebiEventListener...
2026-08-31 12:19:46,704 [INFO] [MainThread] [root/bar_manager.py:103]: Starting WindowsNotificationEventListener...
2026-08-31 12:19:46,705 [INFO] [Dummy-8] [root/event_listener.py:54]: Created named pipe yasb-8bdf41e6-a568-11f1-b60f-b306d4664e56
2026-08-31 12:19:46,714 [INFO] [MainThread] [root/watcher.py:65]: Watching directory: c:\users\user\.config\yasb
2026-08-31 12:19:46,714 [INFO] [MainThread] [root/watcher.py:104]: Created file watcher
2026-08-31 12:19:46,736 [INFO] [MainThread] [root/update_service.py:434]: Background update checker started
2026-08-31 12:19:46,771 [INFO] [Dummy-9] [root/windows_notification.py:161]: Notification service started (WNF_SHEL_NOTIFICATION_TOTAL)
2026-08-31 12:19:46,873 [WARNING] [Dummy-8] [root/event_listener.py:136]: Komorebi failed to subscribe named pipe. Error: Una operación socket encontró una red inactiva. (os error 10050) Location: komorebic\src\main.rs:3157:13
2026-08-31 12:23:42,385 [INFO] [MainThread] [root/utils.py:464]: YASB added to startup
2026-08-31 12:26:20,384 [INFO] [Dummy-8] [root/event_listener.py:147]: Komorebi connected to named pipe: yasb-8bdf41e6-a568-11f1-b60f-b306d4664e56
2026-08-31 12:53:10,857 [INFO] [MainThread] [root/bar_manager.py:97]: Screens updated. Re-initialising all bars.
2026-08-31 12:53:10,857 [INFO] [MainThread] [root/controller.py:21]: Reloading Application because of screen update.
2026-08-31 12:53:10,966 [INFO] [MainThread] [cli_server/cli_server.py:114]: Log pipe server stopped
2026-08-31 12:53:11,192 [INFO] [MainThread] [root/bar.py:153]: Screen geometry changed. Updating position for bar primary-bar on screen MSI G271
2026-08-31 12:53:11,412 [INFO] [MainThread] [root/bar_manager.py:111]: Stopping HotkeyListener...
2026-08-31 12:53:11,434 [INFO] [MainThread] [root/bar_manager.py:119]: Stopping KomorebiEventListener...
2026-08-31 12:53:11,450 [INFO] [MainThread] [root/bar_manager.py:119]: Stopping WindowsNotificationEventListener...
2026-08-31 12:53:11,451 [INFO] [Dummy-9] [root/windows_notification.py:97]: Notification service stopped
2026-08-31 12:53:11,771 [INFO] [MainThread] [root/log.py:104]: YASB v2.0.6
2026-08-31 12:53:11,772 [INFO] [CLIPipeServer] [cli_server/cli_server.py:216]: CLI server started v1.1.7
2026-08-31 12:53:11,772 [INFO] [MainThread] [cli_server/cli_server.py:106]: Log pipe server started
2026-08-31 12:53:12,567 [INFO] [MainThread] [root/service.py:52]: AudioOutputService starting...
2026-08-31 12:53:12,914 [INFO] [MainThread] [root/bar_manager.py:238]: Starting HotkeyListener...
2026-08-31 12:53:12,914 [INFO] [MainThread] [root/bar_manager.py:103]: Starting KomorebiEventListener...
2026-08-31 12:53:12,915 [INFO] [MainThread] [root/bar_manager.py:103]: Starting WindowsNotificationEventListener...
2026-08-31 12:53:12,918 [INFO] [MainThread] [root/watcher.py:65]: Watching directory: c:\users\user\.config\yasb
2026-08-31 12:53:12,919 [INFO] [MainThread] [root/watcher.py:104]: Created file watcher
2026-08-31 12:53:12,921 [INFO] [Dummy-10] [root/event_listener.py:54]: Created named pipe yasb-37aaaeac-a56d-11f1-9a6f-b306d4664e56
2026-08-31 12:53:12,995 [INFO] [MainThread] [root/update_service.py:434]: Background update checker started
2026-08-31 12:53:13,009 [INFO] [Dummy-13] [root/windows_notification.py:161]: Notification service started (WNF_SHEL_NOTIFICATION_TOTAL)
2026-08-31 12:53:13,142 [INFO] [Dummy-10] [root/event_listener.py:147]: Komorebi connected to named pipe: yasb-37aaaeac-a56d-11f1-9a6f-b306d4664e56
2026-08-31 12:53:48,579 [INFO] [MainThread] [root/controller.py:43]: Exiting Application...
2026-08-31 12:53:48,683 [INFO] [MainThread] [cli_server/cli_server.py:114]: Log pipe server stopped
2026-08-31 12:53:48,782 [INFO] [MainThread] [root/bar_manager.py:111]: Stopping HotkeyListener...
2026-08-31 12:53:48,783 [INFO] [MainThread] [root/bar_manager.py:119]: Stopping KomorebiEventListener...
2026-08-31 12:53:48,786 [INFO] [MainThread] [root/bar_manager.py:119]: Stopping WindowsNotificationEventListener...
2026-08-31 12:53:48,786 [INFO] [Dummy-13] [root/windows_notification.py:97]: Notification service stopped
2026-08-31 13:15:02,572 [INFO] [MainThread] [root/log.py:104]: YASB v2.0.6
2026-08-31 13:15:02,573 [INFO] [CLIPipeServer] [cli_server/cli_server.py:216]: CLI server started v1.1.7
2026-08-31 13:15:02,573 [INFO] [MainThread] [cli_server/cli_server.py:106]: Log pipe server started
2026-08-31 13:15:04,921 [INFO] [MainThread] [root/service.py:52]: AudioOutputService starting...
2026-08-31 13:15:05,396 [INFO] [MainThread] [root/bar_manager.py:238]: Starting HotkeyListener...
2026-08-31 13:15:05,397 [INFO] [MainThread] [root/bar_manager.py:103]: Starting KomorebiEventListener...
2026-08-31 13:15:05,397 [INFO] [MainThread] [root/bar_manager.py:103]: Starting WindowsNotificationEventListener...
2026-08-31 13:15:05,399 [INFO] [Dummy-8] [root/event_listener.py:54]: Created named pipe yasb-45f7a9e5-a570-11f1-a5b0-5cea1d922ca9
2026-08-31 13:15:05,407 [INFO] [MainThread] [root/watcher.py:65]: Watching directory: c:\users\user\.config\yasb
2026-08-31 13:15:05,408 [INFO] [MainThread] [root/watcher.py:104]: Created file watcher
2026-08-31 13:15:05,444 [INFO] [MainThread] [root/update_service.py:434]: Background update checker started
2026-08-31 13:15:05,513 [INFO] [Dummy-9] [root/windows_notification.py:161]: Notification service started (WNF_SHEL_NOTIFICATION_TOTAL)
2026-08-31 13:15:06,702 [WARNING] [Dummy-8] [root/event_listener.py:134]: Komorebi failed to subscribe named pipe. Komorebi is not running, please start Komorebi.
2026-08-31 13:15:54,072 [INFO] [MainThread] [root/bar.py:153]: Screen geometry changed. Updating position for bar primary-bar on screen \\.\DISPLAY1
2026-08-31 13:20:18,519 [INFO] [MainThread] [root/controller.py:21]: Reloading Application because of config change.
2026-08-31 13:20:18,629 [INFO] [MainThread] [cli_server/cli_server.py:114]: Log pipe server stopped
2026-08-31 13:20:18,643 [INFO] [MainThread] [root/bar_manager.py:93]: Successfully loaded updated config and re-initialised all bars.
2026-08-31 13:20:18,677 [INFO] [MainThread] [root/bar_manager.py:111]: Stopping HotkeyListener...
2026-08-31 13:20:18,679 [INFO] [MainThread] [root/bar_manager.py:119]: Stopping KomorebiEventListener...
2026-08-31 13:20:18,681 [INFO] [MainThread] [root/bar_manager.py:119]: Stopping WindowsNotificationEventListener...
2026-08-31 13:20:18,682 [INFO] [Dummy-9] [root/windows_notification.py:97]: Notification service stopped
2026-08-31 13:20:21,542 [INFO] [MainThread] [root/log.py:104]: YASB v2.0.6
2026-08-31 13:20:21,543 [INFO] [CLIPipeServer] [cli_server/cli_server.py:216]: CLI server started v1.1.7
2026-08-31 13:20:21,544 [INFO] [MainThread] [cli_server/cli_server.py:106]: Log pipe server started
2026-08-31 13:20:23,987 [INFO] [MainThread] [root/service.py:52]: AudioOutputService starting...
2026-08-31 13:20:24,272 [INFO] [MainThread] [root/bar_manager.py:238]: Starting HotkeyListener...
2026-08-31 13:20:24,272 [INFO] [MainThread] [root/bar_manager.py:103]: Starting WindowsNotificationEventListener...
2026-08-31 13:20:24,273 [INFO] [MainThread] [root/bar_manager.py:103]: Starting KomorebiEventListener...
2026-08-31 13:20:24,277 [INFO] [MainThread] [root/watcher.py:65]: Watching directory: c:\users\user\.config\yasb
2026-08-31 13:20:24,278 [INFO] [MainThread] [root/watcher.py:104]: Created file watcher
2026-08-31 13:20:24,278 [INFO] [Dummy-10] [root/event_listener.py:54]: Created named pipe yasb-0408667e-a571-11f1-940f-ae27547f4192
2026-08-31 13:20:24,307 [INFO] [MainThread] [root/update_service.py:434]: Background update checker started
2026-08-31 13:20:24,373 [INFO] [Dummy-11] [root/windows_notification.py:161]: Notification service started (WNF_SHEL_NOTIFICATION_TOTAL)
2026-08-31 13:20:24,544 [WARNING] [Dummy-10] [root/event_listener.py:134]: Komorebi failed to subscribe named pipe. Komorebi is not running, please start Komorebi.
2026-08-31 13:30:35,504 [INFO] [Dummy-10] [root/event_listener.py:147]: Komorebi connected to named pipe: yasb-0408667e-a571-11f1-940f-ae27547f4192
2026-08-31 13:34:50,970 [INFO] [MainThread] [root/controller.py:21]: Reloading Application because of config change.
2026-08-31 13:34:51,071 [INFO] [MainThread] [cli_server/cli_server.py:114]: Log pipe server stopped
2026-08-31 13:34:51,176 [INFO] [MainThread] [root/bar_manager.py:93]: Successfully loaded updated config and re-initialised all bars.
2026-08-31 13:34:51,229 [INFO] [MainThread] [root/bar_manager.py:111]: Stopping HotkeyListener...
2026-08-31 13:34:51,232 [INFO] [MainThread] [root/bar_manager.py:119]: Stopping WindowsNotificationEventListener...
2026-08-31 13:34:51,233 [INFO] [Dummy-11] [root/windows_notification.py:97]: Notification service stopped
2026-08-31 13:34:51,237 [INFO] [MainThread] [root/bar_manager.py:119]: Stopping KomorebiEventListener...
2026-08-31 13:34:54,308 [INFO] [MainThread] [root/log.py:104]: YASB v2.0.6
2026-08-31 13:34:54,309 [INFO] [CLIPipeServer] [cli_server/cli_server.py:216]: CLI server started v1.1.7
2026-08-31 13:34:54,310 [INFO] [MainThread] [cli_server/cli_server.py:106]: Log pipe server started
2026-08-31 13:34:55,765 [WARNING] [MainThread] [root/widget_builder.py:39]: No widget config could be found for widget 'komorebi_workspaces
2026-08-31 13:34:56,686 [INFO] [MainThread] [root/service.py:52]: AudioOutputService starting...
2026-08-31 13:34:56,982 [INFO] [MainThread] [root/bar_manager.py:238]: Starting HotkeyListener...
2026-08-31 13:34:56,983 [INFO] [MainThread] [root/bar_manager.py:103]: Starting WindowsNotificationEventListener...
2026-08-31 13:34:56,983 [ERROR] [MainThread] [root/widget_builder.py:100]: Failed to add undefined widget(s)  - The widget "komorebi_workspaces" is undefined.
2026-08-31 13:34:57,038 [INFO] [MainThread] [root/watcher.py:65]: Watching directory: c:\users\user\.config\yasb
2026-08-31 13:34:57,038 [INFO] [MainThread] [root/watcher.py:104]: Created file watcher
2026-08-31 13:34:57,517 [INFO] [Dummy-8] [root/windows_notification.py:161]: Notification service started (WNF_SHEL_NOTIFICATION_TOTAL)
2026-08-31 13:34:57,519 [INFO] [MainThread] [root/update_service.py:434]: Background update checker started
2026-08-31 13:35:15,042 [INFO] [MainThread] [root/controller.py:21]: Reloading Application because of config change.
2026-08-31 13:35:15,146 [INFO] [MainThread] [cli_server/cli_server.py:114]: Log pipe server stopped
2026-08-31 13:35:15,174 [INFO] [MainThread] [root/bar_manager.py:93]: Successfully loaded updated config and re-initialised all bars.
2026-08-31 13:35:15,233 [INFO] [MainThread] [root/bar_manager.py:111]: Stopping HotkeyListener...
2026-08-31 13:35:15,237 [INFO] [MainThread] [root/bar_manager.py:119]: Stopping WindowsNotificationEventListener...
2026-08-31 13:35:15,238 [INFO] [Dummy-8] [root/windows_notification.py:97]: Notification service stopped
2026-08-31 13:35:16,058 [INFO] [MainThread] [root/log.py:104]: YASB v2.0.6
2026-08-31 13:35:16,058 [INFO] [CLIPipeServer] [cli_server/cli_server.py:216]: CLI server started v1.1.7
2026-08-31 13:35:16,059 [INFO] [MainThread] [cli_server/cli_server.py:106]: Log pipe server started
2026-08-31 13:35:16,894 [INFO] [MainThread] [root/service.py:52]: AudioOutputService starting...
2026-08-31 13:35:17,090 [INFO] [MainThread] [root/bar_manager.py:238]: Starting HotkeyListener...
2026-08-31 13:35:17,090 [INFO] [MainThread] [root/bar_manager.py:103]: Starting WindowsNotificationEventListener...
2026-08-31 13:35:17,093 [INFO] [MainThread] [root/watcher.py:65]: Watching directory: c:\users\user\.config\yasb
2026-08-31 13:35:17,093 [INFO] [MainThread] [root/watcher.py:104]: Created file watcher
2026-08-31 13:35:17,141 [INFO] [MainThread] [root/update_service.py:434]: Background update checker started
2026-08-31 13:35:17,159 [INFO] [Dummy-10] [root/windows_notification.py:161]: Notification service started (WNF_SHEL_NOTIFICATION_TOTAL)
2026-08-31 14:10:20,453 [INFO] [MainThread] [root/service.py:223]: Quick Launch rebuilding app list after install/uninstall detected
2026-08-31 14:11:04,931 [INFO] [MainThread] [root/service.py:223]: Quick Launch rebuilding app list after install/uninstall detected
2026-08-31 14:11:15,072 [INFO] [MainThread] [root/service.py:223]: Quick Launch rebuilding app list after install/uninstall detected
2026-08-31 14:11:30,413 [INFO] [MainThread] [root/service.py:223]: Quick Launch rebuilding app list after install/uninstall detected
2026-08-31 14:12:07,469 [INFO] [MainThread] [root/service.py:223]: Quick Launch rebuilding app list after install/uninstall detected
2026-08-31 14:12:14,059 [INFO] [MainThread] [root/service.py:223]: Quick Launch rebuilding app list after install/uninstall detected
2026-08-31 14:13:04,249 [INFO] [MainThread] [root/service.py:223]: Quick Launch rebuilding app list after install/uninstall detected
2026-08-31 14:18:05,991 [INFO] [MainThread] [root/controller.py:21]: Reloading Application because of config change.
2026-08-31 14:18:06,091 [INFO] [MainThread] [cli_server/cli_server.py:114]: Log pipe server stopped
2026-08-31 14:18:06,128 [INFO] [MainThread] [root/bar_manager.py:93]: Successfully loaded updated config and re-initialised all bars.
2026-08-31 14:18:06,279 [INFO] [MainThread] [root/bar_manager.py:111]: Stopping HotkeyListener...
2026-08-31 14:18:06,282 [INFO] [MainThread] [root/bar_manager.py:119]: Stopping WindowsNotificationEventListener...
2026-08-31 14:18:06,283 [INFO] [Dummy-10] [root/windows_notification.py:97]: Notification service stopped
2026-08-31 14:18:07,398 [INFO] [MainThread] [root/log.py:104]: YASB v2.0.6
2026-08-31 14:18:07,399 [INFO] [CLIPipeServer] [cli_server/cli_server.py:216]: CLI server started v1.1.7
2026-08-31 14:18:07,399 [INFO] [MainThread] [cli_server/cli_server.py:106]: Log pipe server started
2026-08-31 14:18:08,449 [INFO] [MainThread] [root/service.py:52]: AudioOutputService starting...
2026-08-31 14:18:08,760 [INFO] [MainThread] [root/bar_manager.py:238]: Starting HotkeyListener...
2026-08-31 14:18:08,761 [INFO] [MainThread] [root/bar_manager.py:103]: Starting WindowsNotificationEventListener...
2026-08-31 14:18:08,767 [INFO] [MainThread] [root/watcher.py:65]: Watching directory: c:\users\user\.config\yasb
2026-08-31 14:18:08,769 [INFO] [MainThread] [root/watcher.py:104]: Created file watcher
2026-08-31 14:18:08,812 [INFO] [MainThread] [root/update_service.py:434]: Background update checker started
2026-08-31 14:18:08,818 [INFO] [Dummy-10] [root/windows_notification.py:161]: Notification service started (WNF_SHEL_NOTIFICATION_TOTAL)
2026-08-31 14:20:47,615 [INFO] [MainThread] [root/controller.py:21]: Reloading Application because of config change.
2026-08-31 14:20:47,727 [INFO] [MainThread] [cli_server/cli_server.py:114]: Log pipe server stopped
2026-08-31 14:20:47,737 [INFO] [MainThread] [root/bar_manager.py:93]: Successfully loaded updated config and re-initialised all bars.
2026-08-31 14:20:47,775 [INFO] [MainThread] [root/bar_manager.py:111]: Stopping HotkeyListener...
2026-08-31 14:20:47,778 [INFO] [MainThread] [root/bar_manager.py:119]: Stopping WindowsNotificationEventListener...
2026-08-31 14:20:47,778 [INFO] [Dummy-10] [root/windows_notification.py:97]: Notification service stopped
2026-08-31 14:20:48,420 [INFO] [MainThread] [root/log.py:104]: YASB v2.0.6
2026-08-31 14:20:48,421 [INFO] [CLIPipeServer] [cli_server/cli_server.py:216]: CLI server started v1.1.7
2026-08-31 14:20:48,421 [INFO] [MainThread] [cli_server/cli_server.py:106]: Log pipe server started
2026-08-31 14:20:49,170 [INFO] [MainThread] [root/service.py:52]: AudioOutputService starting...
2026-08-31 14:20:49,372 [INFO] [MainThread] [root/bar_manager.py:238]: Starting HotkeyListener...
2026-08-31 14:20:49,372 [INFO] [MainThread] [root/bar_manager.py:103]: Starting WindowsNotificationEventListener...
2026-08-31 14:20:49,381 [INFO] [MainThread] [root/watcher.py:65]: Watching directory: c:\users\user\.config\yasb
2026-08-31 14:20:49,382 [INFO] [MainThread] [root/watcher.py:104]: Created file watcher
2026-08-31 14:20:49,416 [INFO] [MainThread] [root/update_service.py:434]: Background update checker started
2026-08-31 14:20:49,456 [INFO] [Dummy-10] [root/windows_notification.py:161]: Notification service started (WNF_SHEL_NOTIFICATION_TOTAL)
2026-08-31 14:21:03,455 [INFO] [MainThread] [root/controller.py:21]: Reloading Application because of config change.
2026-08-31 14:21:03,559 [INFO] [MainThread] [cli_server/cli_server.py:114]: Log pipe server stopped
2026-08-31 14:21:03,566 [INFO] [MainThread] [root/bar_manager.py:93]: Successfully loaded updated config and re-initialised all bars.
2026-08-31 14:21:03,607 [INFO] [MainThread] [root/bar_manager.py:111]: Stopping HotkeyListener...
2026-08-31 14:21:03,613 [INFO] [MainThread] [root/bar_manager.py:119]: Stopping WindowsNotificationEventListener...
2026-08-31 14:21:03,614 [INFO] [Dummy-10] [root/windows_notification.py:97]: Notification service stopped
2026-08-31 14:21:04,276 [INFO] [MainThread] [root/log.py:104]: YASB v2.0.6
2026-08-31 14:21:04,276 [INFO] [CLIPipeServer] [cli_server/cli_server.py:216]: CLI server started v1.1.7
2026-08-31 14:21:04,277 [INFO] [MainThread] [cli_server/cli_server.py:106]: Log pipe server started
2026-08-31 14:21:05,064 [INFO] [MainThread] [root/service.py:52]: AudioOutputService starting...
2026-08-31 14:21:05,315 [INFO] [MainThread] [root/bar_manager.py:238]: Starting HotkeyListener...
2026-08-31 14:21:05,316 [INFO] [MainThread] [root/bar_manager.py:103]: Starting WindowsNotificationEventListener...
2026-08-31 14:21:05,319 [INFO] [MainThread] [root/watcher.py:65]: Watching directory: c:\users\user\.config\yasb
2026-08-31 14:21:05,320 [INFO] [MainThread] [root/watcher.py:104]: Created file watcher
2026-08-31 14:21:05,351 [INFO] [MainThread] [root/update_service.py:434]: Background update checker started
2026-08-31 14:21:05,362 [INFO] [Dummy-10] [root/windows_notification.py:161]: Notification service started (WNF_SHEL_NOTIFICATION_TOTAL)
2026-08-31 14:21:48,118 [INFO] [MainThread] [root/controller.py:21]: Reloading Application because of config change.
2026-08-31 14:21:48,220 [INFO] [MainThread] [cli_server/cli_server.py:114]: Log pipe server stopped
2026-08-31 14:21:48,230 [INFO] [MainThread] [root/bar_manager.py:93]: Successfully loaded updated config and re-initialised all bars.
2026-08-31 14:21:48,274 [INFO] [MainThread] [root/bar_manager.py:111]: Stopping HotkeyListener...
2026-08-31 14:21:48,281 [INFO] [MainThread] [root/bar_manager.py:119]: Stopping WindowsNotificationEventListener...
2026-08-31 14:21:48,281 [INFO] [Dummy-10] [root/windows_notification.py:97]: Notification service stopped
2026-08-31 14:21:48,924 [INFO] [MainThread] [root/log.py:104]: YASB v2.0.6
2026-08-31 14:21:48,925 [INFO] [CLIPipeServer] [cli_server/cli_server.py:216]: CLI server started v1.1.7
2026-08-31 14:21:48,925 [INFO] [MainThread] [cli_server/cli_server.py:106]: Log pipe server started
2026-08-31 14:21:49,663 [INFO] [MainThread] [root/service.py:52]: AudioOutputService starting...
2026-08-31 14:21:49,833 [INFO] [MainThread] [root/bar_manager.py:238]: Starting HotkeyListener...
2026-08-31 14:21:49,834 [INFO] [MainThread] [root/bar_manager.py:103]: Starting WindowsNotificationEventListener...
2026-08-31 14:21:49,838 [INFO] [MainThread] [root/watcher.py:65]: Watching directory: c:\users\user\.config\yasb
2026-08-31 14:21:49,845 [INFO] [MainThread] [root/watcher.py:104]: Created file watcher
2026-08-31 14:21:49,882 [INFO] [MainThread] [root/update_service.py:434]: Background update checker started
2026-08-31 14:21:49,887 [INFO] [Dummy-10] [root/windows_notification.py:161]: Notification service started (WNF_SHEL_NOTIFICATION_TOTAL)
2026-08-31 14:21:55,248 [INFO] [MainThread] [root/controller.py:21]: Reloading Application because of config change.
2026-08-31 14:21:55,361 [INFO] [MainThread] [cli_server/cli_server.py:114]: Log pipe server stopped
2026-08-31 14:21:55,371 [INFO] [MainThread] [root/bar_manager.py:93]: Successfully loaded updated config and re-initialised all bars.
2026-08-31 14:21:55,410 [INFO] [MainThread] [root/bar_manager.py:111]: Stopping HotkeyListener...
2026-08-31 14:21:55,414 [INFO] [MainThread] [root/bar_manager.py:119]: Stopping WindowsNotificationEventListener...
2026-08-31 14:21:55,414 [INFO] [Dummy-10] [root/windows_notification.py:97]: Notification service stopped
2026-08-31 14:21:56,046 [INFO] [MainThread] [root/log.py:104]: YASB v2.0.6
2026-08-31 14:21:56,047 [INFO] [CLIPipeServer] [cli_server/cli_server.py:216]: CLI server started v1.1.7
2026-08-31 14:21:56,047 [INFO] [MainThread] [cli_server/cli_server.py:106]: Log pipe server started
2026-08-31 14:21:56,777 [INFO] [MainThread] [root/service.py:52]: AudioOutputService starting...
2026-08-31 14:21:56,969 [INFO] [MainThread] [root/bar_manager.py:238]: Starting HotkeyListener...
2026-08-31 14:21:56,970 [INFO] [MainThread] [root/bar_manager.py:103]: Starting WindowsNotificationEventListener...
2026-08-31 14:21:56,972 [INFO] [MainThread] [root/watcher.py:65]: Watching directory: c:\users\user\.config\yasb
2026-08-31 14:21:56,972 [INFO] [MainThread] [root/watcher.py:104]: Created file watcher
2026-08-31 14:21:57,020 [INFO] [MainThread] [root/update_service.py:434]: Background update checker started
2026-08-31 14:21:57,037 [INFO] [Dummy-10] [root/windows_notification.py:161]: Notification service started (WNF_SHEL_NOTIFICATION_TOTAL)
2026-08-31 14:22:35,583 [INFO] [MainThread] [root/controller.py:21]: Reloading Application because of config change.
2026-08-31 14:22:35,686 [INFO] [MainThread] [cli_server/cli_server.py:114]: Log pipe server stopped
2026-08-31 14:22:35,698 [INFO] [MainThread] [root/bar_manager.py:93]: Successfully loaded updated config and re-initialised all bars.
2026-08-31 14:22:35,739 [INFO] [MainThread] [root/bar_manager.py:111]: Stopping HotkeyListener...
2026-08-31 14:22:35,743 [INFO] [MainThread] [root/bar_manager.py:119]: Stopping WindowsNotificationEventListener...
2026-08-31 14:22:35,743 [INFO] [Dummy-10] [root/windows_notification.py:97]: Notification service stopped
2026-08-31 14:22:36,347 [INFO] [MainThread] [root/log.py:104]: YASB v2.0.6
2026-08-31 14:22:36,347 [INFO] [CLIPipeServer] [cli_server/cli_server.py:216]: CLI server started v1.1.7
2026-08-31 14:22:36,348 [INFO] [MainThread] [cli_server/cli_server.py:106]: Log pipe server started
2026-08-31 14:22:37,078 [INFO] [MainThread] [root/service.py:52]: AudioOutputService starting...
2026-08-31 14:22:37,262 [INFO] [MainThread] [root/bar_manager.py:238]: Starting HotkeyListener...
2026-08-31 14:22:37,262 [INFO] [MainThread] [root/bar_manager.py:103]: Starting WindowsNotificationEventListener...
2026-08-31 14:22:37,266 [INFO] [MainThread] [root/watcher.py:65]: Watching directory: c:\users\user\.config\yasb
2026-08-31 14:22:37,276 [INFO] [MainThread] [root/watcher.py:104]: Created file watcher
2026-08-31 14:22:37,327 [INFO] [Dummy-10] [root/windows_notification.py:161]: Notification service started (WNF_SHEL_NOTIFICATION_TOTAL)
2026-08-31 14:22:37,327 [INFO] [MainThread] [root/update_service.py:434]: Background update checker started
2026-08-31 14:22:48,285 [INFO] [MainThread] [root/controller.py:21]: Reloading Application because of config change.
2026-08-31 14:22:48,401 [INFO] [MainThread] [cli_server/cli_server.py:114]: Log pipe server stopped
2026-08-31 14:22:48,411 [INFO] [MainThread] [root/bar_manager.py:93]: Successfully loaded updated config and re-initialised all bars.
2026-08-31 14:22:48,450 [INFO] [MainThread] [root/bar_manager.py:111]: Stopping HotkeyListener...
2026-08-31 14:22:48,455 [INFO] [MainThread] [root/bar_manager.py:119]: Stopping WindowsNotificationEventListener...
2026-08-31 14:22:48,455 [INFO] [Dummy-10] [root/windows_notification.py:97]: Notification service stopped
2026-08-31 14:22:49,088 [INFO] [MainThread] [root/log.py:104]: YASB v2.0.6
2026-08-31 14:22:49,089 [INFO] [CLIPipeServer] [cli_server/cli_server.py:216]: CLI server started v1.1.7
2026-08-31 14:22:49,089 [INFO] [MainThread] [cli_server/cli_server.py:106]: Log pipe server started
2026-08-31 14:22:49,919 [INFO] [MainThread] [root/service.py:52]: AudioOutputService starting...
2026-08-31 14:22:50,142 [INFO] [MainThread] [root/bar_manager.py:238]: Starting HotkeyListener...
2026-08-31 14:22:50,142 [INFO] [MainThread] [root/bar_manager.py:103]: Starting WindowsNotificationEventListener...
2026-08-31 14:22:50,145 [INFO] [MainThread] [root/watcher.py:65]: Watching directory: c:\users\user\.config\yasb
2026-08-31 14:22:50,146 [INFO] [MainThread] [root/watcher.py:104]: Created file watcher
2026-08-31 14:22:50,225 [INFO] [MainThread] [root/update_service.py:434]: Background update checker started
2026-08-31 14:22:50,225 [INFO] [Dummy-10] [root/windows_notification.py:161]: Notification service started (WNF_SHEL_NOTIFICATION_TOTAL)
2026-08-31 14:22:57,444 [INFO] [MainThread] [root/controller.py:21]: Reloading Application because of config change.
2026-08-31 14:22:57,548 [INFO] [MainThread] [cli_server/cli_server.py:114]: Log pipe server stopped
2026-08-31 14:22:57,575 [INFO] [MainThread] [root/bar_manager.py:93]: Successfully loaded updated config and re-initialised all bars.
2026-08-31 14:22:57,621 [INFO] [MainThread] [root/bar_manager.py:111]: Stopping HotkeyListener...
2026-08-31 14:22:57,624 [INFO] [MainThread] [root/bar_manager.py:119]: Stopping WindowsNotificationEventListener...
2026-08-31 14:22:57,625 [INFO] [Dummy-10] [root/windows_notification.py:97]: Notification service stopped
2026-08-31 14:22:58,224 [INFO] [MainThread] [root/log.py:104]: YASB v2.0.6
2026-08-31 14:22:58,224 [INFO] [CLIPipeServer] [cli_server/cli_server.py:216]: CLI server started v1.1.7
2026-08-31 14:22:58,225 [INFO] [MainThread] [cli_server/cli_server.py:106]: Log pipe server started
2026-08-31 14:22:58,959 [INFO] [MainThread] [root/service.py:52]: AudioOutputService starting...
2026-08-31 14:22:59,154 [INFO] [MainThread] [root/bar_manager.py:238]: Starting HotkeyListener...
2026-08-31 14:22:59,154 [INFO] [MainThread] [root/bar_manager.py:103]: Starting WindowsNotificationEventListener...
2026-08-31 14:22:59,157 [INFO] [MainThread] [root/watcher.py:65]: Watching directory: c:\users\user\.config\yasb
2026-08-31 14:22:59,158 [INFO] [MainThread] [root/watcher.py:104]: Created file watcher
2026-08-31 14:22:59,199 [INFO] [MainThread] [root/update_service.py:434]: Background update checker started
2026-08-31 14:22:59,206 [INFO] [Dummy-10] [root/windows_notification.py:161]: Notification service started (WNF_SHEL_NOTIFICATION_TOTAL)
2026-08-31 14:36:18,206 [INFO] [MainThread] [root/controller.py:43]: Exiting Application from tray...
2026-08-31 14:36:18,309 [INFO] [MainThread] [cli_server/cli_server.py:114]: Log pipe server stopped
2026-08-31 14:36:18,355 [INFO] [MainThread] [root/bar_manager.py:111]: Stopping HotkeyListener...
2026-08-31 14:36:18,360 [INFO] [MainThread] [root/bar_manager.py:119]: Stopping WindowsNotificationEventListener...
2026-08-31 14:36:18,361 [INFO] [Dummy-10] [root/windows_notification.py:97]: Notification service stopped
2026-08-31 15:12:01,819 [INFO] [MainThread] [root/log.py:104]: YASB v2.0.6
2026-08-31 15:12:01,821 [INFO] [CLIPipeServer] [cli_server/cli_server.py:216]: CLI server started v1.1.7
2026-08-31 15:12:01,822 [INFO] [MainThread] [cli_server/cli_server.py:106]: Log pipe server started
2026-08-31 15:12:04,598 [INFO] [MainThread] [root/service.py:52]: AudioOutputService starting...
2026-08-31 15:12:05,121 [INFO] [MainThread] [root/bar_manager.py:238]: Starting HotkeyListener...
2026-08-31 15:12:05,122 [INFO] [MainThread] [root/bar_manager.py:103]: Starting WindowsNotificationEventListener...
2026-08-31 15:12:05,129 [INFO] [MainThread] [root/watcher.py:65]: Watching directory: c:\users\user\.config\yasb
2026-08-31 15:12:05,130 [INFO] [MainThread] [root/watcher.py:104]: Created file watcher
2026-08-31 15:12:05,276 [INFO] [MainThread] [root/update_service.py:434]: Background update checker started
2026-08-31 15:12:05,279 [INFO] [Dummy-10] [root/windows_notification.py:161]: Notification service started (WNF_SHEL_NOTIFICATION_TOTAL)
2026-08-31 15:17:35,601 [INFO] [MainThread] [root/service.py:223]: Quick Launch rebuilding app list after install/uninstall detected
2026-08-31 15:18:25,730 [INFO] [MainThread] [root/service.py:223]: Quick Launch rebuilding app list after install/uninstall detected
2026-08-31 15:53:20,547 [INFO] [MainThread] [root/controller.py:43]: Exiting Application...
2026-08-31 15:53:20,658 [INFO] [MainThread] [cli_server/cli_server.py:114]: Log pipe server stopped
2026-08-31 15:53:20,721 [INFO] [MainThread] [root/bar_manager.py:111]: Stopping HotkeyListener...
2026-08-31 15:53:20,723 [INFO] [MainThread] [root/bar_manager.py:119]: Stopping WindowsNotificationEventListener...
2026-08-31 15:53:20,724 [INFO] [Dummy-10] [root/windows_notification.py:97]: Notification service stopped
2026-08-31 15:53:37,038 [INFO] [MainThread] [root/log.py:104]: YASB v2.0.6
2026-08-31 15:53:37,039 [INFO] [CLIPipeServer] [cli_server/cli_server.py:216]: CLI server started v1.1.7
2026-08-31 15:53:37,039 [INFO] [MainThread] [cli_server/cli_server.py:106]: Log pipe server started
2026-08-31 15:53:38,378 [INFO] [MainThread] [root/service.py:52]: AudioOutputService starting...
2026-08-31 15:53:38,975 [INFO] [MainThread] [root/bar_manager.py:238]: Starting HotkeyListener...
2026-08-31 15:53:38,975 [INFO] [MainThread] [root/bar_manager.py:103]: Starting WindowsNotificationEventListener...
2026-08-31 15:53:38,979 [INFO] [MainThread] [root/watcher.py:65]: Watching directory: c:\users\user\.config\yasb
2026-08-31 15:53:38,980 [INFO] [MainThread] [root/watcher.py:104]: Created file watcher
2026-08-31 15:53:39,035 [INFO] [MainThread] [root/update_service.py:434]: Background update checker started
2026-08-31 15:53:39,110 [INFO] [Dummy-10] [root/windows_notification.py:161]: Notification service started (WNF_SHEL_NOTIFICATION_TOTAL)
2026-08-31 16:03:51,942 [INFO] [MainThread] [root/service.py:223]: Quick Launch rebuilding app list after install/uninstall detected
2026-08-31 16:26:35,298 [INFO] [MainThread] [root/service.py:223]: Quick Launch rebuilding app list after install/uninstall detected
2026-08-31 16:26:54,508 [INFO] [MainThread] [root/service.py:223]: Quick Launch rebuilding app list after install/uninstall detected
2026-08-31 16:33:02,112 [INFO] [MainThread] [root/controller.py:21]: Reloading Application because of config change.
2026-08-31 16:33:02,218 [INFO] [MainThread] [cli_server/cli_server.py:114]: Log pipe server stopped
2026-08-31 16:33:02,235 [INFO] [MainThread] [root/bar_manager.py:93]: Successfully loaded updated config and re-initialised all bars.
2026-08-31 16:33:02,278 [INFO] [MainThread] [root/bar_manager.py:111]: Stopping HotkeyListener...
2026-08-31 16:33:02,284 [INFO] [MainThread] [root/bar_manager.py:119]: Stopping WindowsNotificationEventListener...
2026-08-31 16:33:02,285 [INFO] [Dummy-10] [root/windows_notification.py:97]: Notification service stopped
2026-08-31 16:33:03,057 [INFO] [MainThread] [root/log.py:104]: YASB v2.0.6
2026-08-31 16:33:03,057 [INFO] [CLIPipeServer] [cli_server/cli_server.py:216]: CLI server started v1.1.7
2026-08-31 16:33:03,058 [INFO] [MainThread] [cli_server/cli_server.py:106]: Log pipe server started
2026-08-31 16:33:03,119 [ERROR] [MainThread] [root/css_processor.py:43]: CSSProcessor Error 'C:\Users\User\.config\yasb\styles.css': [Errno 2] No such file or directory: 'C:\\Users\\User\\.config\\yasb\\styles.css'
2026-08-31 16:33:03,119 [ERROR] [MainThread] [root/config.py:158]: User stylesheet could not be loaded. Exiting Application.
2026-08-31 16:33:23,028 [INFO] [MainThread] [root/log.py:104]: YASB v2.0.6
2026-08-31 16:33:23,028 [INFO] [CLIPipeServer] [cli_server/cli_server.py:216]: CLI server started v1.1.7
2026-08-31 16:33:23,029 [INFO] [MainThread] [cli_server/cli_server.py:106]: Log pipe server started
2026-08-31 16:33:23,898 [INFO] [MainThread] [root/service.py:52]: AudioOutputService starting...
2026-08-31 16:33:24,272 [INFO] [MainThread] [root/bar_manager.py:238]: Starting HotkeyListener...
2026-08-31 16:33:24,272 [INFO] [MainThread] [root/bar_manager.py:103]: Starting WindowsNotificationEventListener...
2026-08-31 16:33:24,276 [INFO] [MainThread] [root/watcher.py:65]: Watching directory: c:\users\user\.config\yasb
2026-08-31 16:33:24,276 [INFO] [MainThread] [root/watcher.py:104]: Created file watcher
2026-08-31 16:33:24,305 [INFO] [MainThread] [root/update_service.py:434]: Background update checker started
2026-08-31 16:33:24,312 [INFO] [Dummy-10] [root/windows_notification.py:161]: Notification service started (WNF_SHEL_NOTIFICATION_TOTAL)
2026-08-31 16:34:08,610 [WARNING] [MainThread] [root/wallpaper_manager.py:129]: Invalid image path: ~\Pictures\.yasb_wallpaper_cache
2026-08-31 16:34:08,610 [WARNING] [MainThread] [root/wallpaper_manager.py:138]: No wallpapers found in ['~\\Pictures\\.yasb_wallpaper_cache']
2026-08-31 16:34:10,349 [WARNING] [MainThread] [root/wallpaper_manager.py:129]: Invalid image path: ~\Pictures\.yasb_wallpaper_cache
2026-08-31 16:34:10,350 [WARNING] [MainThread] [root/wallpaper_manager.py:138]: No wallpapers found in ['~\\Pictures\\.yasb_wallpaper_cache']
2026-08-31 16:34:10,485 [WARNING] [MainThread] [root/wallpaper_manager.py:129]: Invalid image path: ~\Pictures\.yasb_wallpaper_cache
2026-08-31 16:34:10,485 [WARNING] [MainThread] [root/wallpaper_manager.py:138]: No wallpapers found in ['~\\Pictures\\.yasb_wallpaper_cache']
2026-08-31 16:34:11,903 [WARNING] [MainThread] [root/wallpaper_manager.py:129]: Invalid image path: ~\Pictures\.yasb_wallpaper_cache
2026-08-31 16:34:11,903 [WARNING] [MainThread] [root/wallpaper_manager.py:138]: No wallpapers found in ['~\\Pictures\\.yasb_wallpaper_cache']
2026-08-31 16:40:42,752 [INFO] [MainThread] [root/controller.py:21]: Reloading Application from tray...
2026-08-31 16:40:42,864 [INFO] [MainThread] [cli_server/cli_server.py:114]: Log pipe server stopped
2026-08-31 16:40:42,945 [INFO] [MainThread] [root/bar_manager.py:111]: Stopping HotkeyListener...
2026-08-31 16:40:42,948 [INFO] [MainThread] [root/bar_manager.py:119]: Stopping WindowsNotificationEventListener...
2026-08-31 16:40:42,949 [INFO] [Dummy-10] [root/windows_notification.py:97]: Notification service stopped
2026-08-31 16:40:43,632 [INFO] [MainThread] [root/log.py:104]: YASB v2.0.6
2026-08-31 16:40:43,632 [INFO] [CLIPipeServer] [cli_server/cli_server.py:216]: CLI server started v1.1.7
2026-08-31 16:40:43,633 [INFO] [MainThread] [cli_server/cli_server.py:106]: Log pipe server started
2026-08-31 16:40:44,628 [INFO] [MainThread] [root/service.py:52]: AudioOutputService starting...
2026-08-31 16:40:45,009 [INFO] [MainThread] [root/bar_manager.py:238]: Starting HotkeyListener...
2026-08-31 16:40:45,010 [INFO] [MainThread] [root/bar_manager.py:103]: Starting WindowsNotificationEventListener...
2026-08-31 16:40:45,014 [INFO] [MainThread] [root/watcher.py:65]: Watching directory: c:\users\user\.config\yasb
2026-08-31 16:40:45,014 [INFO] [MainThread] [root/watcher.py:104]: Created file watcher
2026-08-31 16:40:45,037 [INFO] [MainThread] [root/update_service.py:434]: Background update checker started
2026-08-31 16:40:45,049 [INFO] [Dummy-10] [root/windows_notification.py:161]: Notification service started (WNF_SHEL_NOTIFICATION_TOTAL)
2026-08-31 16:42:08,672 [INFO] [MainThread] [root/controller.py:21]: Reloading Application because of config change.
2026-08-31 16:42:08,783 [INFO] [MainThread] [cli_server/cli_server.py:114]: Log pipe server stopped
2026-08-31 16:42:08,796 [INFO] [MainThread] [root/bar_manager.py:93]: Successfully loaded updated config and re-initialised all bars.
2026-08-31 16:42:08,877 [INFO] [MainThread] [root/bar_manager.py:111]: Stopping HotkeyListener...
2026-08-31 16:42:08,884 [INFO] [MainThread] [root/bar_manager.py:119]: Stopping WindowsNotificationEventListener...
2026-08-31 16:42:08,887 [INFO] [Dummy-10] [root/windows_notification.py:97]: Notification service stopped
2026-08-31 16:42:09,795 [INFO] [MainThread] [root/log.py:104]: YASB v2.0.6
2026-08-31 16:42:09,796 [INFO] [CLIPipeServer] [cli_server/cli_server.py:216]: CLI server started v1.1.7
2026-08-31 16:42:09,796 [INFO] [MainThread] [cli_server/cli_server.py:106]: Log pipe server started
2026-08-31 16:42:10,703 [INFO] [MainThread] [root/service.py:52]: AudioOutputService starting...
2026-08-31 16:42:11,073 [INFO] [MainThread] [root/bar_manager.py:238]: Starting HotkeyListener...
2026-08-31 16:42:11,073 [INFO] [MainThread] [root/bar_manager.py:103]: Starting WindowsNotificationEventListener...
2026-08-31 16:42:11,078 [INFO] [MainThread] [root/watcher.py:65]: Watching directory: c:\users\user\.config\yasb
2026-08-31 16:42:11,078 [INFO] [MainThread] [root/watcher.py:104]: Created file watcher
2026-08-31 16:42:11,107 [INFO] [MainThread] [root/update_service.py:434]: Background update checker started
2026-08-31 16:42:11,117 [INFO] [Dummy-10] [root/windows_notification.py:161]: Notification service started (WNF_SHEL_NOTIFICATION_TOTAL)
2026-08-31 16:44:47,458 [INFO] [MainThread] [root/controller.py:21]: Reloading Application because of config change.
2026-08-31 16:44:47,560 [INFO] [MainThread] [cli_server/cli_server.py:114]: Log pipe server stopped
2026-08-31 16:44:47,574 [INFO] [MainThread] [root/bar_manager.py:93]: Successfully loaded updated config and re-initialised all bars.
2026-08-31 16:44:47,655 [INFO] [MainThread] [root/bar_manager.py:111]: Stopping HotkeyListener...
2026-08-31 16:44:47,665 [INFO] [MainThread] [root/bar_manager.py:119]: Stopping WindowsNotificationEventListener...
2026-08-31 16:44:47,719 [INFO] [Dummy-10] [root/windows_notification.py:97]: Notification service stopped
2026-08-31 16:44:48,544 [INFO] [MainThread] [root/log.py:104]: YASB v2.0.6
2026-08-31 16:44:48,545 [INFO] [CLIPipeServer] [cli_server/cli_server.py:216]: CLI server started v1.1.7
2026-08-31 16:44:48,545 [INFO] [MainThread] [cli_server/cli_server.py:106]: Log pipe server started
2026-08-31 16:44:49,593 [INFO] [MainThread] [root/service.py:52]: AudioOutputService starting...
2026-08-31 16:44:49,977 [INFO] [MainThread] [root/bar_manager.py:238]: Starting HotkeyListener...
2026-08-31 16:44:49,977 [INFO] [MainThread] [root/bar_manager.py:103]: Starting WindowsNotificationEventListener...
2026-08-31 16:44:49,981 [INFO] [MainThread] [root/watcher.py:65]: Watching directory: c:\users\user\.config\yasb
2026-08-31 16:44:49,981 [INFO] [MainThread] [root/watcher.py:104]: Created file watcher
2026-08-31 16:44:50,016 [INFO] [MainThread] [root/update_service.py:434]: Background update checker started
2026-08-31 16:44:50,026 [INFO] [Dummy-10] [root/windows_notification.py:161]: Notification service started (WNF_SHEL_NOTIFICATION_TOTAL)
2026-08-31 16:53:23,625 [INFO] [MainThread] [root/controller.py:21]: Reloading Application because of config change.
2026-08-31 16:53:23,735 [INFO] [MainThread] [cli_server/cli_server.py:114]: Log pipe server stopped
2026-08-31 16:53:23,767 [INFO] [MainThread] [root/bar_manager.py:93]: Successfully loaded updated config and re-initialised all bars.
2026-08-31 16:53:23,891 [INFO] [MainThread] [root/bar_manager.py:111]: Stopping HotkeyListener...
2026-08-31 16:53:23,907 [INFO] [MainThread] [root/bar_manager.py:119]: Stopping WindowsNotificationEventListener...
2026-08-31 16:53:23,910 [INFO] [Dummy-10] [root/windows_notification.py:97]: Notification service stopped
2026-08-31 16:53:24,713 [INFO] [MainThread] [root/log.py:104]: YASB v2.0.6
2026-08-31 16:53:24,714 [INFO] [CLIPipeServer] [cli_server/cli_server.py:216]: CLI server started v1.1.7
2026-08-31 16:53:24,715 [INFO] [MainThread] [cli_server/cli_server.py:106]: Log pipe server started
2026-08-31 16:53:25,618 [INFO] [MainThread] [root/service.py:52]: AudioOutputService starting...
2026-08-31 16:53:25,992 [INFO] [MainThread] [root/bar_manager.py:238]: Starting HotkeyListener...
2026-08-31 16:53:25,992 [INFO] [MainThread] [root/bar_manager.py:103]: Starting WindowsNotificationEventListener...
2026-08-31 16:53:25,996 [INFO] [MainThread] [root/watcher.py:65]: Watching directory: c:\users\user\.config\yasb
2026-08-31 16:53:26,001 [INFO] [MainThread] [root/watcher.py:104]: Created file watcher
2026-08-31 16:53:26,026 [INFO] [MainThread] [root/update_service.py:434]: Background update checker started
2026-08-31 16:53:26,032 [INFO] [Dummy-10] [root/windows_notification.py:161]: Notification service started (WNF_SHEL_NOTIFICATION_TOTAL)
2026-08-31 16:53:37,897 [ERROR] [Thread-11 (_run_after_command)] [root/wallpaper_manager.py:173]: error: El argumento 'C:\Users\User\.config\yasb\scripts\sync_wallpaper_desktops.ps1' para el par�metro -File no existe. Proporcione la ruta de acceso a un archivo '.ps1' existente como argumento para el par�metro -File.

2026-08-31 16:54:52,516 [INFO] [MainThread] [root/controller.py:21]: Reloading Application from tray...
2026-08-31 16:54:52,632 [INFO] [MainThread] [cli_server/cli_server.py:114]: Log pipe server stopped
2026-08-31 16:54:52,696 [INFO] [MainThread] [root/bar_manager.py:111]: Stopping HotkeyListener...
2026-08-31 16:54:52,701 [INFO] [MainThread] [root/bar_manager.py:119]: Stopping WindowsNotificationEventListener...
2026-08-31 16:54:52,701 [INFO] [Dummy-10] [root/windows_notification.py:97]: Notification service stopped
2026-08-31 16:54:53,483 [INFO] [MainThread] [root/log.py:104]: YASB v2.0.6
2026-08-31 16:54:53,484 [INFO] [CLIPipeServer] [cli_server/cli_server.py:216]: CLI server started v1.1.7
2026-08-31 16:54:53,484 [INFO] [MainThread] [cli_server/cli_server.py:106]: Log pipe server started
2026-08-31 16:54:54,390 [INFO] [MainThread] [root/service.py:52]: AudioOutputService starting...
2026-08-31 16:54:54,766 [INFO] [MainThread] [root/bar_manager.py:238]: Starting HotkeyListener...
2026-08-31 16:54:54,766 [INFO] [MainThread] [root/bar_manager.py:103]: Starting WindowsNotificationEventListener...
2026-08-31 16:54:54,770 [INFO] [MainThread] [root/watcher.py:65]: Watching directory: c:\users\user\.config\yasb
2026-08-31 16:54:54,770 [INFO] [MainThread] [root/watcher.py:104]: Created file watcher
2026-08-31 16:54:54,801 [INFO] [MainThread] [root/update_service.py:434]: Background update checker started
2026-08-31 16:54:54,831 [INFO] [Dummy-10] [root/windows_notification.py:161]: Notification service started (WNF_SHEL_NOTIFICATION_TOTAL)
2026-08-31 16:55:26,348 [INFO] [MainThread] [root/bar_helper.py:594]: AppBarManager need to re-register 1 bar
2026-08-31 16:55:26,995 [INFO] [MainThread] [root/bar_helper.py:603]: Re-registered AppBar for primary-bar_MSI G271_45a31cd0 (space reservation + fullscreen)
2026-08-31 16:57:12,640 [INFO] [MainThread] [root/controller.py:21]: Reloading Application because of config change.
2026-08-31 16:57:12,753 [INFO] [MainThread] [cli_server/cli_server.py:114]: Log pipe server stopped
2026-08-31 16:57:12,765 [INFO] [MainThread] [root/bar_manager.py:93]: Successfully loaded updated config and re-initialised all bars.
2026-08-31 16:57:12,809 [INFO] [MainThread] [root/bar_manager.py:111]: Stopping HotkeyListener...
2026-08-31 16:57:12,814 [INFO] [MainThread] [root/bar_manager.py:119]: Stopping WindowsNotificationEventListener...
2026-08-31 16:57:12,814 [INFO] [Dummy-10] [root/windows_notification.py:97]: Notification service stopped
2026-08-31 16:57:13,430 [INFO] [MainThread] [root/log.py:104]: YASB v2.0.6
2026-08-31 16:57:13,430 [INFO] [CLIPipeServer] [cli_server/cli_server.py:216]: CLI server started v1.1.7
2026-08-31 16:57:13,431 [INFO] [MainThread] [cli_server/cli_server.py:106]: Log pipe server started
2026-08-31 16:57:14,381 [INFO] [MainThread] [root/service.py:52]: AudioOutputService starting...
2026-08-31 16:57:14,725 [INFO] [MainThread] [root/bar_manager.py:238]: Starting HotkeyListener...
2026-08-31 16:57:14,726 [INFO] [MainThread] [root/bar_manager.py:103]: Starting WindowsNotificationEventListener...
2026-08-31 16:57:14,732 [INFO] [MainThread] [root/watcher.py:65]: Watching directory: c:\users\user\.config\yasb
2026-08-31 16:57:14,732 [INFO] [MainThread] [root/watcher.py:104]: Created file watcher
2026-08-31 16:57:14,775 [INFO] [MainThread] [root/update_service.py:434]: Background update checker started
2026-08-31 16:57:14,777 [INFO] [Dummy-10] [root/windows_notification.py:161]: Notification service started (WNF_SHEL_NOTIFICATION_TOTAL)
2026-08-31 16:58:19,429 [INFO] [MainThread] [root/controller.py:21]: Reloading Application because of config change.
2026-08-31 16:58:19,538 [INFO] [MainThread] [cli_server/cli_server.py:114]: Log pipe server stopped
2026-08-31 16:58:19,548 [INFO] [MainThread] [root/bar_manager.py:93]: Successfully loaded updated config and re-initialised all bars.
2026-08-31 16:58:19,599 [INFO] [MainThread] [root/bar_manager.py:111]: Stopping HotkeyListener...
2026-08-31 16:58:19,603 [INFO] [MainThread] [root/bar_manager.py:119]: Stopping WindowsNotificationEventListener...
2026-08-31 16:58:19,604 [INFO] [Dummy-10] [root/windows_notification.py:97]: Notification service stopped
Windows fatal exception: access violation

Thread 0x00000990 (most recent call first):
  <no Python frame>

Thread 0x00000c84 [LogPipeServer] (most recent call first):
  File "D:\a\yasb\yasb\src\core\utils\win32\bindings\kernel32.py", line 291 in ConnectNamedPipe
  File "D:\a\yasb\yasb\src\core\utils\cli_server.py", line 138 in _run_server
  File "C:\hostedtoolcache\windows\Python\3.14.6\x64\Lib\threading.py", line 1024 in run
  File "C:\hostedtoolcache\windows\Python\3.14.6\x64\Lib\threading.py", line 1082 in _bootstrap_inner
  File "C:\hostedtoolcache\windows\Python\3.14.6\x64\Lib\threading.py", line 1044 in _bootstrap

Thread 0x00000310 [CLIPipeServer] (most recent call first):
  File "D:\a\yasb\yasb\src\core\utils\win32\bindings\kernel32.py", line 291 in ConnectNamedPipe
  File "D:\a\yasb\yasb\src\core\utils\cli_server.py", line 235 in _run_server
  File "C:\hostedtoolcache\windows\Python\3.14.6\x64\Lib\threading.py", line 1024 in run
  File "C:\hostedtoolcache\windows\Python\3.14.6\x64\Lib\threading.py", line 1082 in _bootstrap_inner
  File "C:\hostedtoolcache\windows\Python\3.14.6\x64\Lib\threading.py", line 1044 in _bootstrap

Current thread 0x000010dc (most recent call first):
  File "main.py", line 203 in <module>
  File "D:\a\yasb\yasb\venv\Lib\site-packages\freeze_core\initscripts\console.py", line 43 in run
  File "src/freeze_core/initscripts/__startup__.py", line 147 in run
2026-08-31 16:58:20,327 [INFO] [MainThread] [root/log.py:104]: YASB v2.0.6
2026-08-31 16:58:20,328 [INFO] [CLIPipeServer] [cli_server/cli_server.py:216]: CLI server started v1.1.7
2026-08-31 16:58:20,328 [INFO] [MainThread] [cli_server/cli_server.py:106]: Log pipe server started
2026-08-31 16:58:20,328 [INFO] [MainThread] [root/main.py:48]: Waiting for previous YASB instance to exit...
2026-08-31 16:58:23,083 [INFO] [MainThread] [root/main.py:74]: Previous instance exited, continuing startup.
2026-08-31 16:58:24,107 [INFO] [MainThread] [root/service.py:52]: AudioOutputService starting...
2026-08-31 16:58:24,593 [INFO] [MainThread] [root/bar_manager.py:238]: Starting HotkeyListener...
2026-08-31 16:58:24,593 [INFO] [MainThread] [root/bar_manager.py:103]: Starting WindowsNotificationEventListener...
2026-08-31 16:58:24,598 [INFO] [MainThread] [root/watcher.py:65]: Watching directory: c:\users\user\.config\yasb
2026-08-31 16:58:24,598 [INFO] [MainThread] [root/watcher.py:104]: Created file watcher
2026-08-31 16:58:24,622 [INFO] [MainThread] [root/update_service.py:434]: Background update checker started
2026-08-31 16:58:24,638 [INFO] [Dummy-10] [root/windows_notification.py:161]: Notification service started (WNF_SHEL_NOTIFICATION_TOTAL)
2026-08-31 17:00:58,542 [INFO] [MainThread] [root/controller.py:21]: Reloading Application because of config change.
2026-08-31 17:00:58,647 [INFO] [MainThread] [cli_server/cli_server.py:114]: Log pipe server stopped
2026-08-31 17:00:58,663 [INFO] [MainThread] [root/bar_manager.py:93]: Successfully loaded updated config and re-initialised all bars.
2026-08-31 17:00:58,713 [INFO] [MainThread] [root/bar_manager.py:111]: Stopping HotkeyListener...
2026-08-31 17:00:58,719 [INFO] [MainThread] [root/bar_manager.py:119]: Stopping WindowsNotificationEventListener...
2026-08-31 17:00:58,719 [INFO] [Dummy-10] [root/windows_notification.py:97]: Notification service stopped
2026-08-31 17:00:59,465 [INFO] [MainThread] [root/log.py:104]: YASB v2.0.6
2026-08-31 17:00:59,466 [INFO] [CLIPipeServer] [cli_server/cli_server.py:216]: CLI server started v1.1.7
2026-08-31 17:00:59,466 [INFO] [MainThread] [cli_server/cli_server.py:106]: Log pipe server started
2026-08-31 17:01:00,399 [INFO] [MainThread] [root/service.py:52]: AudioOutputService starting...
2026-08-31 17:01:00,792 [INFO] [MainThread] [root/bar_manager.py:238]: Starting HotkeyListener...
2026-08-31 17:01:00,792 [INFO] [MainThread] [root/bar_manager.py:103]: Starting WindowsNotificationEventListener...
2026-08-31 17:01:00,796 [INFO] [MainThread] [root/watcher.py:65]: Watching directory: c:\users\user\.config\yasb
2026-08-31 17:01:00,796 [INFO] [MainThread] [root/watcher.py:104]: Created file watcher
2026-08-31 17:01:00,824 [INFO] [MainThread] [root/update_service.py:434]: Background update checker started
2026-08-31 17:01:00,831 [INFO] [Dummy-10] [root/windows_notification.py:161]: Notification service started (WNF_SHEL_NOTIFICATION_TOTAL)
2026-08-31 17:01:16,499 [INFO] [MainThread] [root/controller.py:21]: Reloading Application because of config change.
2026-08-31 17:01:16,615 [INFO] [MainThread] [cli_server/cli_server.py:114]: Log pipe server stopped
2026-08-31 17:01:16,639 [INFO] [MainThread] [root/bar_manager.py:93]: Successfully loaded updated config and re-initialised all bars.
2026-08-31 17:01:16,688 [INFO] [MainThread] [root/bar_manager.py:111]: Stopping HotkeyListener...
2026-08-31 17:01:16,691 [INFO] [MainThread] [root/bar_manager.py:119]: Stopping WindowsNotificationEventListener...
2026-08-31 17:01:16,692 [INFO] [Dummy-10] [root/windows_notification.py:97]: Notification service stopped
2026-08-31 17:01:17,426 [INFO] [MainThread] [root/log.py:104]: YASB v2.0.6
2026-08-31 17:01:17,426 [INFO] [CLIPipeServer] [cli_server/cli_server.py:216]: CLI server started v1.1.7
2026-08-31 17:01:17,427 [INFO] [MainThread] [cli_server/cli_server.py:106]: Log pipe server started
2026-08-31 17:01:18,330 [INFO] [MainThread] [root/service.py:52]: AudioOutputService starting...
2026-08-31 17:01:18,707 [INFO] [MainThread] [root/bar_manager.py:238]: Starting HotkeyListener...
2026-08-31 17:01:18,708 [INFO] [MainThread] [root/bar_manager.py:103]: Starting WindowsNotificationEventListener...
2026-08-31 17:01:18,711 [INFO] [MainThread] [root/watcher.py:65]: Watching directory: c:\users\user\.config\yasb
2026-08-31 17:01:18,711 [INFO] [MainThread] [root/watcher.py:104]: Created file watcher
2026-08-31 17:01:18,737 [INFO] [MainThread] [root/update_service.py:434]: Background update checker started
2026-08-31 17:01:18,746 [INFO] [Dummy-10] [root/windows_notification.py:161]: Notification service started (WNF_SHEL_NOTIFICATION_TOTAL)
2026-08-31 17:01:27,384 [INFO] [MainThread] [root/controller.py:21]: Reloading Application because of config change.
2026-08-31 17:01:27,493 [INFO] [MainThread] [cli_server/cli_server.py:114]: Log pipe server stopped
2026-08-31 17:01:27,510 [INFO] [MainThread] [root/bar_manager.py:93]: Successfully loaded updated config and re-initialised all bars.
2026-08-31 17:01:27,554 [INFO] [MainThread] [root/bar_manager.py:111]: Stopping HotkeyListener...
2026-08-31 17:01:27,558 [INFO] [MainThread] [root/bar_manager.py:119]: Stopping WindowsNotificationEventListener...
2026-08-31 17:01:27,559 [INFO] [Dummy-10] [root/windows_notification.py:97]: Notification service stopped
2026-08-31 17:01:28,274 [INFO] [MainThread] [root/log.py:104]: YASB v2.0.6
2026-08-31 17:01:28,274 [INFO] [CLIPipeServer] [cli_server/cli_server.py:216]: CLI server started v1.1.7
2026-08-31 17:01:28,275 [INFO] [MainThread] [cli_server/cli_server.py:106]: Log pipe server started
2026-08-31 17:01:29,385 [INFO] [MainThread] [root/service.py:52]: AudioOutputService starting...
2026-08-31 17:01:29,816 [INFO] [MainThread] [root/bar_manager.py:238]: Starting HotkeyListener...
2026-08-31 17:01:29,817 [INFO] [MainThread] [root/bar_manager.py:103]: Starting WindowsNotificationEventListener...
2026-08-31 17:01:29,821 [INFO] [MainThread] [root/watcher.py:65]: Watching directory: c:\users\user\.config\yasb
2026-08-31 17:01:29,821 [INFO] [MainThread] [root/watcher.py:104]: Created file watcher
2026-08-31 17:01:29,858 [INFO] [MainThread] [root/update_service.py:434]: Background update checker started
2026-08-31 17:01:29,867 [INFO] [Dummy-10] [root/windows_notification.py:161]: Notification service started (WNF_SHEL_NOTIFICATION_TOTAL)
2026-08-31 17:01:37,781 [INFO] [MainThread] [root/controller.py:21]: Reloading Application because of config change.
2026-08-31 17:01:37,887 [INFO] [MainThread] [cli_server/cli_server.py:114]: Log pipe server stopped
2026-08-31 17:01:37,896 [INFO] [MainThread] [root/bar_manager.py:93]: Successfully loaded updated config and re-initialised all bars.
2026-08-31 17:01:37,940 [INFO] [MainThread] [root/bar_manager.py:111]: Stopping HotkeyListener...
2026-08-31 17:01:37,946 [INFO] [MainThread] [root/bar_manager.py:119]: Stopping WindowsNotificationEventListener...
2026-08-31 17:01:37,947 [INFO] [Dummy-10] [root/windows_notification.py:97]: Notification service stopped
2026-08-31 17:01:38,720 [INFO] [MainThread] [root/log.py:104]: YASB v2.0.6
2026-08-31 17:01:38,720 [INFO] [CLIPipeServer] [cli_server/cli_server.py:216]: CLI server started v1.1.7
2026-08-31 17:01:38,721 [INFO] [MainThread] [cli_server/cli_server.py:106]: Log pipe server started
2026-08-31 17:01:39,862 [INFO] [MainThread] [root/service.py:52]: AudioOutputService starting...
2026-08-31 17:01:40,671 [INFO] [MainThread] [root/bar_manager.py:238]: Starting HotkeyListener...
2026-08-31 17:01:40,672 [INFO] [MainThread] [root/bar_manager.py:103]: Starting WindowsNotificationEventListener...
2026-08-31 17:01:40,680 [INFO] [MainThread] [root/watcher.py:65]: Watching directory: c:\users\user\.config\yasb
2026-08-31 17:01:40,680 [INFO] [MainThread] [root/watcher.py:104]: Created file watcher
2026-08-31 17:01:40,766 [INFO] [MainThread] [root/update_service.py:434]: Background update checker started
2026-08-31 17:01:40,768 [INFO] [Dummy-10] [root/windows_notification.py:161]: Notification service started (WNF_SHEL_NOTIFICATION_TOTAL)
2026-08-31 17:02:43,427 [INFO] [MainThread] [root/controller.py:21]: Reloading Application because of config change.
2026-08-31 17:02:43,533 [INFO] [MainThread] [cli_server/cli_server.py:114]: Log pipe server stopped
2026-08-31 17:02:43,552 [INFO] [MainThread] [root/bar_manager.py:93]: Successfully loaded updated config and re-initialised all bars.
2026-08-31 17:02:43,602 [INFO] [MainThread] [root/bar_manager.py:111]: Stopping HotkeyListener...
2026-08-31 17:02:43,607 [INFO] [MainThread] [root/bar_manager.py:119]: Stopping WindowsNotificationEventListener...
2026-08-31 17:02:43,608 [INFO] [Dummy-10] [root/windows_notification.py:97]: Notification service stopped
2026-08-31 17:02:44,342 [INFO] [MainThread] [root/log.py:104]: YASB v2.0.6
2026-08-31 17:02:44,343 [INFO] [CLIPipeServer] [cli_server/cli_server.py:216]: CLI server started v1.1.7
2026-08-31 17:02:44,343 [INFO] [MainThread] [cli_server/cli_server.py:106]: Log pipe server started
2026-08-31 17:02:45,257 [INFO] [MainThread] [root/service.py:52]: AudioOutputService starting...
2026-08-31 17:02:45,694 [INFO] [MainThread] [root/bar_manager.py:238]: Starting HotkeyListener...
2026-08-31 17:02:45,695 [INFO] [MainThread] [root/bar_manager.py:103]: Starting WindowsNotificationEventListener...
2026-08-31 17:02:45,698 [INFO] [MainThread] [root/watcher.py:65]: Watching directory: c:\users\user\.config\yasb
2026-08-31 17:02:45,698 [INFO] [MainThread] [root/watcher.py:104]: Created file watcher
2026-08-31 17:02:45,721 [INFO] [MainThread] [root/update_service.py:434]: Background update checker started
2026-08-31 17:02:45,731 [INFO] [Dummy-10] [root/windows_notification.py:161]: Notification service started (WNF_SHEL_NOTIFICATION_TOTAL)
2026-08-31 17:03:19,437 [INFO] [MainThread] [root/bar_helper.py:594]: AppBarManager need to re-register 1 bar
2026-08-31 17:03:19,637 [INFO] [MainThread] [root/bar_helper.py:603]: Re-registered AppBar for primary-bar_MSI G271_71d02edc (space reservation + fullscreen)
2026-08-31 17:07:08,283 [INFO] [MainThread] [root/bar_helper.py:594]: AppBarManager need to re-register 1 bar
2026-08-31 17:07:08,320 [INFO] [MainThread] [root/bar_helper.py:603]: Re-registered AppBar for primary-bar_MSI G271_71d02edc (space reservation + fullscreen)
2026-08-31 17:07:49,806 [INFO] [MainThread] [root/controller.py:43]: Exiting Application...
2026-08-31 17:07:49,915 [INFO] [MainThread] [cli_server/cli_server.py:114]: Log pipe server stopped
2026-08-31 17:07:49,949 [INFO] [MainThread] [root/bar_manager.py:111]: Stopping HotkeyListener...
2026-08-31 17:07:49,951 [INFO] [MainThread] [root/bar_manager.py:119]: Stopping WindowsNotificationEventListener...
2026-08-31 17:07:49,951 [INFO] [Dummy-10] [root/windows_notification.py:97]: Notification service stopped
2026-08-31 17:08:55,014 [INFO] [MainThread] [root/log.py:104]: YASB v2.0.6
2026-08-31 17:08:55,015 [INFO] [CLIPipeServer] [cli_server/cli_server.py:216]: CLI server started v1.1.7
2026-08-31 17:08:55,016 [INFO] [MainThread] [cli_server/cli_server.py:106]: Log pipe server started
2026-08-31 17:08:58,342 [INFO] [MainThread] [root/service.py:52]: AudioOutputService starting...
2026-08-31 17:08:59,158 [INFO] [MainThread] [root/bar_manager.py:238]: Starting HotkeyListener...
2026-08-31 17:08:59,158 [INFO] [MainThread] [root/bar_manager.py:103]: Starting WindowsNotificationEventListener...
2026-08-31 17:08:59,165 [INFO] [MainThread] [root/watcher.py:65]: Watching directory: c:\users\user\.config\yasb
2026-08-31 17:08:59,165 [INFO] [MainThread] [root/watcher.py:104]: Created file watcher
2026-08-31 17:08:59,212 [INFO] [MainThread] [root/update_service.py:434]: Background update checker started
2026-08-31 17:08:59,353 [INFO] [Dummy-10] [root/windows_notification.py:161]: Notification service started (WNF_SHEL_NOTIFICATION_TOTAL)
2026-08-31 17:17:42,593 [INFO] [MainThread] [root/controller.py:21]: Reloading Application because of config change.
2026-08-31 17:17:42,707 [INFO] [MainThread] [cli_server/cli_server.py:114]: Log pipe server stopped
2026-08-31 17:17:42,717 [INFO] [MainThread] [root/bar_manager.py:93]: Successfully loaded updated config and re-initialised all bars.
2026-08-31 17:17:42,781 [INFO] [MainThread] [root/bar_manager.py:111]: Stopping HotkeyListener...
2026-08-31 17:17:42,786 [INFO] [MainThread] [root/bar_manager.py:119]: Stopping WindowsNotificationEventListener...
2026-08-31 17:17:42,787 [INFO] [Dummy-10] [root/windows_notification.py:97]: Notification service stopped
2026-08-31 17:17:43,536 [INFO] [MainThread] [root/log.py:104]: YASB v2.0.6
2026-08-31 17:17:43,537 [INFO] [CLIPipeServer] [cli_server/cli_server.py:216]: CLI server started v1.1.7
2026-08-31 17:17:43,537 [INFO] [MainThread] [cli_server/cli_server.py:106]: Log pipe server started
2026-08-31 17:17:44,472 [INFO] [MainThread] [root/service.py:52]: AudioOutputService starting...
2026-08-31 17:17:44,950 [INFO] [MainThread] [root/bar_manager.py:238]: Starting HotkeyListener...
2026-08-31 17:17:44,950 [INFO] [MainThread] [root/bar_manager.py:103]: Starting WindowsNotificationEventListener...
2026-08-31 17:17:44,954 [INFO] [MainThread] [root/watcher.py:65]: Watching directory: c:\users\user\.config\yasb
2026-08-31 17:17:44,954 [INFO] [MainThread] [root/watcher.py:104]: Created file watcher
2026-08-31 17:17:44,986 [INFO] [MainThread] [root/update_service.py:434]: Background update checker started
2026-08-31 17:17:44,992 [INFO] [Dummy-10] [root/windows_notification.py:161]: Notification service started (WNF_SHEL_NOTIFICATION_TOTAL)
2026-08-31 17:19:35,721 [INFO] [MainThread] [root/controller.py:21]: Reloading Application because of config change.
2026-08-31 17:19:35,827 [INFO] [MainThread] [cli_server/cli_server.py:114]: Log pipe server stopped
2026-08-31 17:19:35,831 [INFO] [MainThread] [root/bar_manager.py:93]: Successfully loaded updated config and re-initialised all bars.
2026-08-31 17:19:35,887 [INFO] [MainThread] [root/bar_manager.py:111]: Stopping HotkeyListener...
2026-08-31 17:19:35,893 [INFO] [MainThread] [root/bar_manager.py:119]: Stopping WindowsNotificationEventListener...
2026-08-31 17:19:35,894 [INFO] [Dummy-10] [root/windows_notification.py:97]: Notification service stopped
2026-08-31 17:19:36,581 [INFO] [MainThread] [root/log.py:104]: YASB v2.0.6
2026-08-31 17:19:36,581 [INFO] [CLIPipeServer] [cli_server/cli_server.py:216]: CLI server started v1.1.7
2026-08-31 17:19:36,581 [INFO] [MainThread] [cli_server/cli_server.py:106]: Log pipe server started
2026-08-31 17:19:37,494 [INFO] [MainThread] [root/service.py:52]: AudioOutputService starting...
2026-08-31 17:19:37,903 [INFO] [MainThread] [root/bar_manager.py:238]: Starting HotkeyListener...
2026-08-31 17:19:37,903 [INFO] [MainThread] [root/bar_manager.py:103]: Starting WindowsNotificationEventListener...
2026-08-31 17:19:37,908 [INFO] [MainThread] [root/watcher.py:65]: Watching directory: c:\users\user\.config\yasb
2026-08-31 17:19:37,909 [INFO] [MainThread] [root/watcher.py:104]: Created file watcher
2026-08-31 17:19:37,942 [INFO] [MainThread] [root/update_service.py:434]: Background update checker started
2026-08-31 17:19:37,951 [INFO] [Dummy-10] [root/windows_notification.py:161]: Notification service started (WNF_SHEL_NOTIFICATION_TOTAL)
2026-08-31 17:19:47,953 [INFO] [MainThread] [root/controller.py:21]: Reloading Application because of config change.
2026-08-31 17:19:48,062 [INFO] [MainThread] [cli_server/cli_server.py:114]: Log pipe server stopped
2026-08-31 17:19:48,066 [INFO] [MainThread] [root/bar_manager.py:93]: Successfully loaded updated config and re-initialised all bars.
2026-08-31 17:19:48,119 [INFO] [MainThread] [root/bar_manager.py:111]: Stopping HotkeyListener...
2026-08-31 17:19:48,125 [INFO] [MainThread] [root/bar_manager.py:119]: Stopping WindowsNotificationEventListener...
2026-08-31 17:19:48,126 [INFO] [Dummy-10] [root/windows_notification.py:97]: Notification service stopped
2026-08-31 17:19:49,203 [INFO] [MainThread] [root/log.py:104]: YASB v2.0.6
2026-08-31 17:19:49,204 [INFO] [CLIPipeServer] [cli_server/cli_server.py:216]: CLI server started v1.1.7
2026-08-31 17:19:49,205 [INFO] [MainThread] [cli_server/cli_server.py:106]: Log pipe server started
2026-08-31 17:19:50,593 [INFO] [MainThread] [root/service.py:52]: AudioOutputService starting...
2026-08-31 17:19:51,201 [INFO] [MainThread] [root/bar_manager.py:238]: Starting HotkeyListener...
2026-08-31 17:19:51,202 [INFO] [MainThread] [root/bar_manager.py:103]: Starting WindowsNotificationEventListener...
2026-08-31 17:19:51,210 [INFO] [MainThread] [root/watcher.py:65]: Watching directory: c:\users\user\.config\yasb
2026-08-31 17:19:51,211 [INFO] [MainThread] [root/watcher.py:104]: Created file watcher
2026-08-31 17:19:51,261 [INFO] [MainThread] [root/update_service.py:434]: Background update checker started
2026-08-31 17:19:51,273 [INFO] [Dummy-10] [root/windows_notification.py:161]: Notification service started (WNF_SHEL_NOTIFICATION_TOTAL)
2026-08-31 17:20:59,746 [INFO] [MainThread] [root/controller.py:21]: Reloading Application because of config change.
2026-08-31 17:20:59,852 [INFO] [MainThread] [cli_server/cli_server.py:114]: Log pipe server stopped
2026-08-31 17:20:59,861 [INFO] [MainThread] [root/bar_manager.py:93]: Successfully loaded updated config and re-initialised all bars.
2026-08-31 17:20:59,923 [INFO] [MainThread] [root/bar_manager.py:111]: Stopping HotkeyListener...
2026-08-31 17:20:59,929 [INFO] [MainThread] [root/bar_manager.py:119]: Stopping WindowsNotificationEventListener...
2026-08-31 17:20:59,930 [INFO] [Dummy-10] [root/windows_notification.py:97]: Notification service stopped
2026-08-31 17:21:00,586 [INFO] [MainThread] [root/log.py:104]: YASB v2.0.6
2026-08-31 17:21:00,587 [INFO] [CLIPipeServer] [cli_server/cli_server.py:216]: CLI server started v1.1.7
2026-08-31 17:21:00,587 [INFO] [MainThread] [cli_server/cli_server.py:106]: Log pipe server started
2026-08-31 17:21:01,493 [WARNING] [MainThread] [root/widget_builder.py:39]: No widget config could be found for widget 'notifications
2026-08-31 17:21:01,820 [INFO] [MainThread] [root/bar_manager.py:238]: Starting HotkeyListener...
2026-08-31 17:21:01,821 [ERROR] [MainThread] [root/widget_builder.py:100]: Failed to add undefined widget(s)  - The widget "notifications" is undefined.
2026-08-31 17:21:01,861 [INFO] [MainThread] [root/watcher.py:65]: Watching directory: c:\users\user\.config\yasb
2026-08-31 17:21:01,861 [INFO] [MainThread] [root/watcher.py:104]: Created file watcher
2026-08-31 17:21:01,883 [INFO] [MainThread] [root/update_service.py:434]: Background update checker started
2026-08-31 17:21:14,439 [INFO] [MainThread] [root/controller.py:21]: Reloading Application because of config change.
2026-08-31 17:21:14,551 [INFO] [MainThread] [cli_server/cli_server.py:114]: Log pipe server stopped
2026-08-31 17:21:14,559 [INFO] [MainThread] [root/bar_manager.py:93]: Successfully loaded updated config and re-initialised all bars.
2026-08-31 17:21:14,610 [INFO] [MainThread] [root/bar_manager.py:111]: Stopping HotkeyListener...
2026-08-31 17:21:15,280 [INFO] [MainThread] [root/log.py:104]: YASB v2.0.6
2026-08-31 17:21:15,280 [INFO] [CLIPipeServer] [cli_server/cli_server.py:216]: CLI server started v1.1.7
2026-08-31 17:21:15,281 [INFO] [MainThread] [cli_server/cli_server.py:106]: Log pipe server started
2026-08-31 17:21:16,101 [INFO] [MainThread] [root/service.py:52]: AudioOutputService starting...
2026-08-31 17:21:16,581 [INFO] [MainThread] [root/bar_manager.py:238]: Starting HotkeyListener...
2026-08-31 17:21:16,583 [INFO] [MainThread] [root/watcher.py:65]: Watching directory: c:\users\user\.config\yasb
2026-08-31 17:21:16,583 [INFO] [MainThread] [root/watcher.py:104]: Created file watcher
2026-08-31 17:21:16,601 [INFO] [MainThread] [root/update_service.py:434]: Background update checker started
2026-08-31 17:22:50,134 [INFO] [MainThread] [root/controller.py:21]: Reloading Application because of config change.
2026-08-31 17:22:50,247 [INFO] [MainThread] [cli_server/cli_server.py:114]: Log pipe server stopped
2026-08-31 17:22:50,258 [INFO] [MainThread] [root/bar_manager.py:93]: Successfully loaded updated config and re-initialised all bars.
2026-08-31 17:22:50,321 [INFO] [MainThread] [root/bar_manager.py:111]: Stopping HotkeyListener...
2026-08-31 17:22:50,993 [INFO] [MainThread] [root/log.py:104]: YASB v2.0.6
2026-08-31 17:22:50,993 [INFO] [CLIPipeServer] [cli_server/cli_server.py:216]: CLI server started v1.1.7
2026-08-31 17:22:50,994 [INFO] [MainThread] [cli_server/cli_server.py:106]: Log pipe server started
2026-08-31 17:22:51,888 [INFO] [MainThread] [root/service.py:52]: AudioOutputService starting...
2026-08-31 17:22:52,346 [INFO] [MainThread] [root/bar_manager.py:238]: Starting HotkeyListener...
2026-08-31 17:22:52,348 [INFO] [MainThread] [root/watcher.py:65]: Watching directory: c:\users\user\.config\yasb
2026-08-31 17:22:52,349 [INFO] [MainThread] [root/watcher.py:104]: Created file watcher
2026-08-31 17:22:52,383 [INFO] [MainThread] [root/update_service.py:434]: Background update checker started
2026-08-31 17:23:00,531 [INFO] [MainThread] [root/controller.py:21]: Reloading Application because of config change.
2026-08-31 17:23:00,640 [INFO] [MainThread] [cli_server/cli_server.py:114]: Log pipe server stopped
2026-08-31 17:23:00,651 [INFO] [MainThread] [root/bar_manager.py:93]: Successfully loaded updated config and re-initialised all bars.
2026-08-31 17:23:00,709 [INFO] [MainThread] [root/bar_manager.py:111]: Stopping HotkeyListener...
2026-08-31 17:23:01,470 [INFO] [MainThread] [root/log.py:104]: YASB v2.0.6
2026-08-31 17:23:01,471 [INFO] [CLIPipeServer] [cli_server/cli_server.py:216]: CLI server started v1.1.7
2026-08-31 17:23:01,471 [INFO] [MainThread] [cli_server/cli_server.py:106]: Log pipe server started
2026-08-31 17:23:02,376 [INFO] [MainThread] [root/service.py:52]: AudioOutputService starting...
2026-08-31 17:23:02,799 [INFO] [MainThread] [root/bar_manager.py:238]: Starting HotkeyListener...
2026-08-31 17:23:02,800 [INFO] [MainThread] [root/bar_manager.py:103]: Starting WindowsNotificationEventListener...
2026-08-31 17:23:02,803 [INFO] [MainThread] [root/watcher.py:65]: Watching directory: c:\users\user\.config\yasb
2026-08-31 17:23:02,803 [INFO] [MainThread] [root/watcher.py:104]: Created file watcher
2026-08-31 17:23:02,831 [INFO] [MainThread] [root/update_service.py:434]: Background update checker started
2026-08-31 17:23:02,839 [INFO] [Dummy-10] [root/windows_notification.py:161]: Notification service started (WNF_SHEL_NOTIFICATION_TOTAL)
2026-08-31 17:27:37,361 [INFO] [MainThread] [root/controller.py:21]: Reloading Application because of config change.
2026-08-31 17:27:37,467 [INFO] [MainThread] [cli_server/cli_server.py:114]: Log pipe server stopped
2026-08-31 17:27:37,474 [INFO] [MainThread] [root/bar_manager.py:93]: Successfully loaded updated config and re-initialised all bars.
2026-08-31 17:27:37,519 [INFO] [MainThread] [root/bar_manager.py:111]: Stopping HotkeyListener...
2026-08-31 17:27:37,526 [INFO] [MainThread] [root/bar_manager.py:119]: Stopping WindowsNotificationEventListener...
2026-08-31 17:27:37,527 [INFO] [Dummy-10] [root/windows_notification.py:97]: Notification service stopped
2026-08-31 17:27:38,192 [INFO] [MainThread] [root/log.py:104]: YASB v2.0.6
2026-08-31 17:27:38,192 [INFO] [CLIPipeServer] [cli_server/cli_server.py:216]: CLI server started v1.1.7
2026-08-31 17:27:38,193 [INFO] [MainThread] [cli_server/cli_server.py:106]: Log pipe server started
2026-08-31 17:27:38,995 [INFO] [MainThread] [root/service.py:52]: AudioOutputService starting...
2026-08-31 17:27:39,454 [INFO] [MainThread] [root/bar_manager.py:238]: Starting HotkeyListener...
2026-08-31 17:27:39,455 [INFO] [MainThread] [root/bar_manager.py:103]: Starting WindowsNotificationEventListener...
2026-08-31 17:27:39,459 [INFO] [MainThread] [root/watcher.py:65]: Watching directory: c:\users\user\.config\yasb
2026-08-31 17:27:39,460 [INFO] [MainThread] [root/watcher.py:104]: Created file watcher
2026-08-31 17:27:39,483 [INFO] [MainThread] [root/update_service.py:434]: Background update checker started
2026-08-31 17:27:39,496 [INFO] [Dummy-10] [root/windows_notification.py:161]: Notification service started (WNF_SHEL_NOTIFICATION_TOTAL)
2026-08-31 17:27:59,611 [INFO] [MainThread] [root/controller.py:21]: Reloading Application because of config change.
2026-08-31 17:27:59,720 [INFO] [MainThread] [cli_server/cli_server.py:114]: Log pipe server stopped
2026-08-31 17:27:59,727 [INFO] [MainThread] [root/bar_manager.py:93]: Successfully loaded updated config and re-initialised all bars.
2026-08-31 17:27:59,770 [INFO] [MainThread] [root/bar_manager.py:111]: Stopping HotkeyListener...
2026-08-31 17:27:59,776 [INFO] [MainThread] [root/bar_manager.py:119]: Stopping WindowsNotificationEventListener...
2026-08-31 17:27:59,777 [INFO] [Dummy-10] [root/windows_notification.py:97]: Notification service stopped
2026-08-31 17:28:00,445 [INFO] [MainThread] [root/log.py:104]: YASB v2.0.6
2026-08-31 17:28:00,446 [INFO] [CLIPipeServer] [cli_server/cli_server.py:216]: CLI server started v1.1.7
2026-08-31 17:28:00,446 [INFO] [MainThread] [cli_server/cli_server.py:106]: Log pipe server started
2026-08-31 17:28:01,234 [INFO] [MainThread] [root/service.py:52]: AudioOutputService starting...
2026-08-31 17:28:01,607 [INFO] [MainThread] [root/bar_manager.py:238]: Starting HotkeyListener...
2026-08-31 17:28:01,608 [INFO] [MainThread] [root/bar_manager.py:103]: Starting WindowsNotificationEventListener...
2026-08-31 17:28:01,611 [INFO] [MainThread] [root/watcher.py:65]: Watching directory: c:\users\user\.config\yasb
2026-08-31 17:28:01,611 [INFO] [MainThread] [root/watcher.py:104]: Created file watcher
2026-08-31 17:28:01,638 [INFO] [MainThread] [root/update_service.py:434]: Background update checker started
2026-08-31 17:28:01,652 [INFO] [Dummy-10] [root/windows_notification.py:161]: Notification service started (WNF_SHEL_NOTIFICATION_TOTAL)
2026-08-31 17:28:18,091 [INFO] [MainThread] [root/controller.py:21]: Reloading Application because of config change.
2026-08-31 17:28:18,209 [INFO] [MainThread] [cli_server/cli_server.py:114]: Log pipe server stopped
2026-08-31 17:28:18,216 [INFO] [MainThread] [root/bar_manager.py:93]: Successfully loaded updated config and re-initialised all bars.
2026-08-31 17:28:18,260 [INFO] [MainThread] [root/bar_manager.py:111]: Stopping HotkeyListener...
2026-08-31 17:28:18,268 [INFO] [MainThread] [root/bar_manager.py:119]: Stopping WindowsNotificationEventListener...
2026-08-31 17:28:18,268 [INFO] [Dummy-10] [root/windows_notification.py:97]: Notification service stopped
2026-08-31 17:28:18,920 [INFO] [MainThread] [root/log.py:104]: YASB v2.0.6
2026-08-31 17:28:18,921 [INFO] [CLIPipeServer] [cli_server/cli_server.py:216]: CLI server started v1.1.7
2026-08-31 17:28:18,921 [INFO] [MainThread] [cli_server/cli_server.py:106]: Log pipe server started
2026-08-31 17:28:19,715 [INFO] [MainThread] [root/service.py:52]: AudioOutputService starting...
2026-08-31 17:28:20,093 [INFO] [MainThread] [root/bar_manager.py:238]: Starting HotkeyListener...
2026-08-31 17:28:20,093 [INFO] [MainThread] [root/bar_manager.py:103]: Starting WindowsNotificationEventListener...
2026-08-31 17:28:20,097 [INFO] [MainThread] [root/watcher.py:65]: Watching directory: c:\users\user\.config\yasb
2026-08-31 17:28:20,097 [INFO] [MainThread] [root/watcher.py:104]: Created file watcher
2026-08-31 17:28:20,122 [INFO] [MainThread] [root/update_service.py:434]: Background update checker started
2026-08-31 17:28:20,136 [INFO] [Dummy-10] [root/windows_notification.py:161]: Notification service started (WNF_SHEL_NOTIFICATION_TOTAL)
2026-08-31 17:28:37,001 [INFO] [MainThread] [root/bar_helper.py:594]: AppBarManager need to re-register 1 bar
2026-08-31 17:28:37,329 [INFO] [MainThread] [root/bar_helper.py:603]: Re-registered AppBar for primary-bar_MSI G271_41877326 (space reservation + fullscreen)
2026-08-31 17:30:42,292 [INFO] [MainThread] [root/controller.py:21]: Reloading Application from tray...
2026-08-31 17:30:42,393 [INFO] [MainThread] [cli_server/cli_server.py:114]: Log pipe server stopped
2026-08-31 17:30:42,452 [INFO] [MainThread] [root/bar_manager.py:111]: Stopping HotkeyListener...
2026-08-31 17:30:42,459 [INFO] [MainThread] [root/bar_manager.py:119]: Stopping WindowsNotificationEventListener...
2026-08-31 17:30:42,461 [INFO] [Dummy-10] [root/windows_notification.py:97]: Notification service stopped
2026-08-31 17:30:43,264 [INFO] [MainThread] [root/log.py:104]: YASB v2.0.6
2026-08-31 17:30:43,264 [INFO] [CLIPipeServer] [cli_server/cli_server.py:216]: CLI server started v1.1.7
2026-08-31 17:30:43,265 [INFO] [MainThread] [cli_server/cli_server.py:106]: Log pipe server started
2026-08-31 17:30:44,134 [INFO] [MainThread] [root/service.py:52]: AudioOutputService starting...
2026-08-31 17:30:44,550 [INFO] [MainThread] [root/bar_manager.py:238]: Starting HotkeyListener...
2026-08-31 17:30:44,550 [INFO] [MainThread] [root/bar_manager.py:103]: Starting WindowsNotificationEventListener...
2026-08-31 17:30:44,553 [INFO] [MainThread] [root/watcher.py:65]: Watching directory: c:\users\user\.config\yasb
2026-08-31 17:30:44,554 [INFO] [MainThread] [root/watcher.py:104]: Created file watcher
2026-08-31 17:30:44,586 [INFO] [MainThread] [root/update_service.py:434]: Background update checker started
2026-08-31 17:30:44,596 [INFO] [Dummy-10] [root/windows_notification.py:161]: Notification service started (WNF_SHEL_NOTIFICATION_TOTAL)
2026-08-31 17:33:26,485 [INFO] [MainThread] [root/controller.py:21]: Reloading Application from tray...
2026-08-31 17:33:26,594 [INFO] [MainThread] [cli_server/cli_server.py:114]: Log pipe server stopped
2026-08-31 17:33:26,642 [INFO] [MainThread] [root/bar_manager.py:111]: Stopping HotkeyListener...
2026-08-31 17:33:26,648 [INFO] [MainThread] [root/bar_manager.py:119]: Stopping WindowsNotificationEventListener...
2026-08-31 17:33:26,650 [INFO] [Dummy-10] [root/windows_notification.py:97]: Notification service stopped
2026-08-31 17:33:27,438 [INFO] [MainThread] [root/log.py:104]: YASB v2.0.6
2026-08-31 17:33:27,438 [INFO] [CLIPipeServer] [cli_server/cli_server.py:216]: CLI server started v1.1.7
2026-08-31 17:33:27,439 [INFO] [MainThread] [cli_server/cli_server.py:106]: Log pipe server started
2026-08-31 17:33:28,293 [INFO] [MainThread] [root/service.py:52]: AudioOutputService starting...
2026-08-31 17:33:28,713 [INFO] [MainThread] [root/bar_manager.py:238]: Starting HotkeyListener...
2026-08-31 17:33:28,713 [INFO] [MainThread] [root/bar_manager.py:103]: Starting WindowsNotificationEventListener...
2026-08-31 17:33:28,716 [INFO] [MainThread] [root/watcher.py:65]: Watching directory: c:\users\user\.config\yasb
2026-08-31 17:33:28,717 [INFO] [MainThread] [root/watcher.py:104]: Created file watcher
2026-08-31 17:33:28,742 [INFO] [MainThread] [root/update_service.py:434]: Background update checker started
2026-08-31 17:33:28,754 [INFO] [Dummy-10] [root/windows_notification.py:161]: Notification service started (WNF_SHEL_NOTIFICATION_TOTAL)
2026-08-31 17:36:41,801 [INFO] [MainThread] [root/controller.py:21]: Reloading Application from tray...
2026-08-31 17:36:41,913 [INFO] [MainThread] [cli_server/cli_server.py:114]: Log pipe server stopped
2026-08-31 17:36:41,999 [INFO] [MainThread] [root/bar_manager.py:111]: Stopping HotkeyListener...
2026-08-31 17:36:42,005 [INFO] [MainThread] [root/bar_manager.py:119]: Stopping WindowsNotificationEventListener...
2026-08-31 17:36:42,005 [INFO] [Dummy-10] [root/windows_notification.py:97]: Notification service stopped
2026-08-31 17:36:42,775 [INFO] [MainThread] [root/log.py:104]: YASB v2.0.6
2026-08-31 17:36:42,776 [INFO] [CLIPipeServer] [cli_server/cli_server.py:216]: CLI server started v1.1.7
2026-08-31 17:36:42,776 [INFO] [MainThread] [cli_server/cli_server.py:106]: Log pipe server started
2026-08-31 17:36:43,831 [INFO] [MainThread] [root/service.py:52]: AudioOutputService starting...
2026-08-31 17:36:44,272 [INFO] [MainThread] [root/bar_manager.py:238]: Starting HotkeyListener...
2026-08-31 17:36:44,273 [INFO] [MainThread] [root/bar_manager.py:103]: Starting WindowsNotificationEventListener...
2026-08-31 17:36:44,276 [INFO] [MainThread] [root/watcher.py:65]: Watching directory: c:\users\user\.config\yasb
2026-08-31 17:36:44,277 [INFO] [MainThread] [root/watcher.py:104]: Created file watcher
2026-08-31 17:36:44,305 [INFO] [MainThread] [root/update_service.py:434]: Background update checker started
2026-08-31 17:36:44,319 [INFO] [Dummy-10] [root/windows_notification.py:161]: Notification service started (WNF_SHEL_NOTIFICATION_TOTAL)
2026-08-31 17:37:23,558 [INFO] [MainThread] [root/bar_helper.py:594]: AppBarManager need to re-register 1 bar
2026-08-31 17:37:23,743 [INFO] [MainThread] [root/bar_helper.py:603]: Re-registered AppBar for primary-bar_MSI G271_57427301 (space reservation + fullscreen)
2026-08-31 17:42:44,504 [INFO] [MainThread] [root/controller.py:21]: Reloading Application from tray...
2026-08-31 17:42:44,606 [INFO] [MainThread] [cli_server/cli_server.py:114]: Log pipe server stopped
2026-08-31 17:42:44,679 [INFO] [MainThread] [root/bar_manager.py:111]: Stopping HotkeyListener...
2026-08-31 17:42:44,684 [INFO] [MainThread] [root/bar_manager.py:119]: Stopping WindowsNotificationEventListener...
2026-08-31 17:42:44,685 [INFO] [Dummy-10] [root/windows_notification.py:97]: Notification service stopped
2026-08-31 17:42:45,436 [INFO] [MainThread] [root/log.py:104]: YASB v2.0.6
2026-08-31 17:42:45,437 [INFO] [CLIPipeServer] [cli_server/cli_server.py:216]: CLI server started v1.1.7
2026-08-31 17:42:45,437 [INFO] [MainThread] [cli_server/cli_server.py:106]: Log pipe server started
2026-08-31 17:42:46,407 [INFO] [MainThread] [root/service.py:52]: AudioOutputService starting...
2026-08-31 17:42:46,888 [INFO] [MainThread] [root/bar_manager.py:238]: Starting HotkeyListener...
2026-08-31 17:42:46,888 [INFO] [MainThread] [root/bar_manager.py:103]: Starting WindowsNotificationEventListener...
2026-08-31 17:42:46,892 [INFO] [MainThread] [root/watcher.py:65]: Watching directory: c:\users\user\.config\yasb
2026-08-31 17:42:46,892 [INFO] [MainThread] [root/watcher.py:104]: Created file watcher
2026-08-31 17:42:46,926 [INFO] [MainThread] [root/update_service.py:434]: Background update checker started
2026-08-31 17:42:46,935 [INFO] [Dummy-10] [root/windows_notification.py:161]: Notification service started (WNF_SHEL_NOTIFICATION_TOTAL)
2026-08-31 17:46:09,304 [INFO] [MainThread] [root/controller.py:21]: Reloading Application because of config change.
2026-08-31 17:46:09,409 [INFO] [MainThread] [cli_server/cli_server.py:114]: Log pipe server stopped
2026-08-31 17:46:09,412 [INFO] [MainThread] [root/bar_manager.py:93]: Successfully loaded updated config and re-initialised all bars.
2026-08-31 17:46:09,467 [INFO] [MainThread] [root/bar_manager.py:111]: Stopping HotkeyListener...
2026-08-31 17:46:09,475 [INFO] [MainThread] [root/bar_manager.py:119]: Stopping WindowsNotificationEventListener...
2026-08-31 17:46:09,475 [INFO] [Dummy-10] [root/windows_notification.py:97]: Notification service stopped
2026-08-31 17:46:10,342 [INFO] [MainThread] [root/log.py:104]: YASB v2.0.6
2026-08-31 17:46:10,343 [INFO] [CLIPipeServer] [cli_server/cli_server.py:216]: CLI server started v1.1.7
2026-08-31 17:46:10,344 [INFO] [MainThread] [cli_server/cli_server.py:106]: Log pipe server started
2026-08-31 17:46:11,360 [INFO] [MainThread] [root/service.py:52]: AudioOutputService starting...
2026-08-31 17:46:11,732 [INFO] [MainThread] [root/bar_manager.py:238]: Starting HotkeyListener...
2026-08-31 17:46:11,733 [INFO] [MainThread] [root/bar_manager.py:103]: Starting WindowsNotificationEventListener...
2026-08-31 17:46:11,742 [INFO] [MainThread] [root/watcher.py:65]: Watching directory: c:\users\user\.config\yasb
2026-08-31 17:46:11,742 [INFO] [MainThread] [root/watcher.py:104]: Created file watcher
2026-08-31 17:46:11,774 [INFO] [MainThread] [root/update_service.py:434]: Background update checker started
2026-08-31 17:46:11,782 [INFO] [Dummy-10] [root/windows_notification.py:161]: Notification service started (WNF_SHEL_NOTIFICATION_TOTAL)
2026-08-31 18:44:55,427 [INFO] [MainThread] [root/bar_helper.py:594]: AppBarManager need to re-register 1 bar
2026-08-31 18:44:55,754 [INFO] [MainThread] [root/bar_helper.py:603]: Re-registered AppBar for primary-bar_MSI G271_08308f9d (space reservation + fullscreen)
2026-08-31 18:46:33,519 [INFO] [MainThread] [root/bar_helper.py:594]: AppBarManager need to re-register 1 bar
2026-08-31 18:46:33,585 [INFO] [MainThread] [root/bar_helper.py:603]: Re-registered AppBar for primary-bar_MSI G271_08308f9d (space reservation + fullscreen)
2026-08-31 18:49:43,811 [INFO] [MainThread] [root/controller.py:43]: Exiting Application...
2026-08-31 18:49:43,917 [INFO] [MainThread] [cli_server/cli_server.py:114]: Log pipe server stopped
2026-08-31 18:49:43,954 [INFO] [MainThread] [root/bar_manager.py:111]: Stopping HotkeyListener...
2026-08-31 18:49:43,956 [INFO] [MainThread] [root/bar_manager.py:119]: Stopping WindowsNotificationEventListener...
2026-08-31 18:49:43,957 [INFO] [Dummy-10] [root/windows_notification.py:97]: Notification service stopped
2026-08-31 18:50:57,570 [INFO] [MainThread] [root/log.py:104]: YASB v2.0.6
2026-08-31 18:50:57,571 [INFO] [CLIPipeServer] [cli_server/cli_server.py:216]: CLI server started v1.1.7
2026-08-31 18:50:57,572 [INFO] [MainThread] [cli_server/cli_server.py:106]: Log pipe server started
2026-08-31 18:51:02,808 [INFO] [MainThread] [root/service.py:52]: AudioOutputService starting...
2026-08-31 18:51:04,298 [INFO] [MainThread] [root/bar_manager.py:238]: Starting HotkeyListener...
2026-08-31 18:51:04,300 [INFO] [MainThread] [root/bar_manager.py:103]: Starting WindowsNotificationEventListener...
2026-08-31 18:51:04,306 [INFO] [MainThread] [root/watcher.py:65]: Watching directory: c:\users\user\.config\yasb
2026-08-31 18:51:04,307 [INFO] [MainThread] [root/watcher.py:104]: Created file watcher
2026-08-31 18:51:04,374 [INFO] [MainThread] [root/update_service.py:434]: Background update checker started
2026-08-31 18:51:04,644 [INFO] [Dummy-10] [root/windows_notification.py:161]: Notification service started (WNF_SHEL_NOTIFICATION_TOTAL)
2026-08-31 19:06:47,318 [INFO] [MainThread] [root/bar_helper.py:594]: AppBarManager need to re-register 1 bar
2026-08-31 19:06:47,619 [INFO] [MainThread] [root/bar_helper.py:603]: Re-registered AppBar for primary-bar_MSI G271_e5352b84 (space reservation + fullscreen)
2026-08-31 19:06:58,615 [INFO] [MainThread] [root/bar_helper.py:594]: AppBarManager need to re-register 1 bar
2026-08-31 19:06:58,639 [INFO] [MainThread] [root/bar_helper.py:603]: Re-registered AppBar for primary-bar_MSI G271_e5352b84 (space reservation + fullscreen)
2026-08-31 19:08:21,591 [INFO] [MainThread] [root/bar_helper.py:594]: AppBarManager need to re-register 1 bar
2026-08-31 19:08:21,645 [INFO] [MainThread] [root/bar_helper.py:603]: Re-registered AppBar for primary-bar_MSI G271_e5352b84 (space reservation + fullscreen)
2026-08-31 19:10:54,281 [INFO] [MainThread] [root/controller.py:43]: Exiting Application...
2026-08-31 19:10:54,397 [INFO] [MainThread] [cli_server/cli_server.py:114]: Log pipe server stopped
2026-08-31 19:10:54,476 [INFO] [MainThread] [root/bar_manager.py:111]: Stopping HotkeyListener...
2026-08-31 19:10:54,478 [INFO] [MainThread] [root/bar_manager.py:119]: Stopping WindowsNotificationEventListener...
2026-08-31 19:10:54,479 [INFO] [Dummy-10] [root/windows_notification.py:97]: Notification service stopped
2026-08-31 19:11:59,296 [INFO] [MainThread] [root/log.py:104]: YASB v2.0.6
2026-08-31 19:11:59,298 [INFO] [CLIPipeServer] [cli_server/cli_server.py:216]: CLI server started v1.1.7
2026-08-31 19:11:59,299 [INFO] [MainThread] [cli_server/cli_server.py:106]: Log pipe server started
2026-08-31 19:12:01,836 [INFO] [MainThread] [root/service.py:52]: AudioOutputService starting...
2026-08-31 19:12:02,612 [INFO] [MainThread] [root/bar_manager.py:238]: Starting HotkeyListener...
2026-08-31 19:12:02,613 [INFO] [MainThread] [root/bar_manager.py:103]: Starting WindowsNotificationEventListener...
2026-08-31 19:12:02,627 [INFO] [MainThread] [root/watcher.py:65]: Watching directory: c:\users\user\.config\yasb
2026-08-31 19:12:02,627 [INFO] [MainThread] [root/watcher.py:104]: Created file watcher
2026-08-31 19:12:02,671 [INFO] [MainThread] [root/update_service.py:434]: Background update checker started
2026-08-31 19:12:02,685 [INFO] [Dummy-10] [root/windows_notification.py:161]: Notification service started (WNF_SHEL_NOTIFICATION_TOTAL)
2026-08-31 19:17:15,630 [INFO] [MainThread] [root/service.py:223]: Quick Launch rebuilding app list after install/uninstall detected
2026-08-31 20:57:04,927 [INFO] [MainThread] [root/bar_helper.py:594]: AppBarManager need to re-register 1 bar
2026-08-31 20:57:08,152 [INFO] [MainThread] [root/bar_helper.py:603]: Re-registered AppBar for primary-bar_MSI G271_2c22d042 (space reservation + fullscreen)
2026-08-31 21:07:13,497 [INFO] [MainThread] [root/controller.py:43]: Exiting Application...
2026-08-31 21:07:13,603 [INFO] [MainThread] [cli_server/cli_server.py:114]: Log pipe server stopped
2026-08-31 21:07:13,667 [INFO] [MainThread] [root/bar_manager.py:111]: Stopping HotkeyListener...
2026-08-31 21:07:13,669 [INFO] [MainThread] [root/bar_manager.py:119]: Stopping WindowsNotificationEventListener...
2026-08-31 21:07:13,670 [INFO] [Dummy-10] [root/windows_notification.py:97]: Notification service stopped
2026-09-01 10:55:57,400 [INFO] [MainThread] [root/log.py:104]: YASB v2.0.6
2026-09-01 10:55:57,403 [INFO] [CLIPipeServer] [cli_server/cli_server.py:216]: CLI server started v1.1.7
2026-09-01 10:55:57,403 [INFO] [MainThread] [cli_server/cli_server.py:106]: Log pipe server started
2026-09-01 10:55:59,647 [INFO] [MainThread] [root/service.py:52]: AudioOutputService starting...
2026-09-01 10:56:00,309 [INFO] [MainThread] [root/bar_manager.py:238]: Starting HotkeyListener...
2026-09-01 10:56:00,309 [INFO] [MainThread] [root/bar_manager.py:103]: Starting WindowsNotificationEventListener...
2026-09-01 10:56:00,324 [INFO] [MainThread] [root/watcher.py:65]: Watching directory: c:\users\user\.config\yasb
2026-09-01 10:56:00,325 [INFO] [MainThread] [root/watcher.py:104]: Created file watcher
2026-09-01 10:56:00,379 [INFO] [MainThread] [root/update_service.py:434]: Background update checker started
2026-09-01 10:56:00,473 [INFO] [Dummy-10] [root/windows_notification.py:161]: Notification service started (WNF_SHEL_NOTIFICATION_TOTAL)
2026-09-01 11:05:32,945 [INFO] [MainThread] [root/bar_helper.py:594]: AppBarManager need to re-register 1 bar
2026-09-01 11:05:33,219 [INFO] [MainThread] [root/bar_helper.py:603]: Re-registered AppBar for primary-bar_MSI G271_b3032bb4 (space reservation + fullscreen)
2026-09-01 12:05:00,216 [INFO] [MainThread] [root/controller.py:43]: Exiting Application from tray...
2026-09-01 12:05:00,323 [INFO] [MainThread] [cli_server/cli_server.py:114]: Log pipe server stopped
2026-09-01 12:05:00,405 [INFO] [MainThread] [root/bar_manager.py:111]: Stopping HotkeyListener...
2026-09-01 12:05:00,410 [INFO] [MainThread] [root/bar_manager.py:119]: Stopping WindowsNotificationEventListener...
2026-09-01 12:05:00,410 [INFO] [Dummy-10] [root/windows_notification.py:97]: Notification service stopped
2026-09-18 19:38:56,145 [INFO] [MainThread] [root/controller.py:21]: Reloading Application from tray...
2026-09-18 19:38:56,260 [INFO] [MainThread] [cli_server/cli_server.py:114]: Log pipe server stopped
2026-09-18 19:38:56,860 [INFO] [MainThread] [root/bar_manager.py:119]: Stopping SystemEventListener...
2026-09-18 19:38:56,865 [INFO] [MainThread] [root/bar_manager.py:119]: Stopping WindowsNotificationEventListener...
2026-09-18 19:38:56,866 [INFO] [Dummy-6] [root/windows_notification.py:97]: Notification service stopped
2026-09-18 19:38:57,347 [INFO] [MainThread] [root/log.py:103]: YASB v2.0.7
2026-09-18 19:38:57,347 [INFO] [CLIPipeServer] [cli_server/cli_server.py:216]: CLI server started v1.1.7
2026-09-18 19:38:57,348 [INFO] [MainThread] [cli_server/cli_server.py:106]: Log pipe server started
2026-09-18 19:38:58,495 [WARNING] [MainThread] [deprecation/deprecation.py:161]: [DEPRECATED] GalleryConfig: 'enabled' - No longer supported and can be removed from the config.
2026-09-18 19:38:58,495 [WARNING] [MainThread] [deprecation/deprecation.py:161]: [DEPRECATED] GalleryConfig: 'blur' - No longer supported and can be removed from the config.
2026-09-18 19:38:58,495 [WARNING] [MainThread] [deprecation/deprecation.py:161]: [DEPRECATED] GalleryConfig: 'image_per_page' - No longer supported and can be removed from the config.
2026-09-18 19:38:58,495 [WARNING] [MainThread] [deprecation/deprecation.py:161]: [DEPRECATED] GalleryConfig: 'gallery_columns' - No longer supported and can be removed from the config.
2026-09-18 19:38:58,495 [WARNING] [MainThread] [deprecation/deprecation.py:161]: [DEPRECATED] GalleryConfig: 'horizontal_position' - No longer supported and can be removed from the config.
2026-09-18 19:38:58,496 [WARNING] [MainThread] [deprecation/deprecation.py:161]: [DEPRECATED] GalleryConfig: 'vertical_position' - No longer supported and can be removed from the config.
2026-09-18 19:38:58,496 [WARNING] [MainThread] [deprecation/deprecation.py:161]: [DEPRECATED] GalleryConfig: 'respect_work_area' - No longer supported and can be removed from the config.
2026-09-18 19:38:58,496 [WARNING] [MainThread] [deprecation/deprecation.py:161]: [DEPRECATED] GalleryConfig: 'show_buttons' - No longer supported and can be removed from the config.
2026-09-18 19:38:58,496 [WARNING] [MainThread] [deprecation/deprecation.py:161]: [DEPRECATED] GalleryConfig: 'image_spacing' - No longer supported and can be removed from the config.
2026-09-18 19:38:58,496 [WARNING] [MainThread] [deprecation/deprecation.py:161]: [DEPRECATED] GalleryConfig: 'lazy_load' - No longer supported and can be removed from the config.
2026-09-18 19:38:58,496 [WARNING] [MainThread] [deprecation/deprecation.py:161]: [DEPRECATED] GalleryConfig: 'lazy_load_fadein' - No longer supported and can be removed from the config.
2026-09-18 19:38:58,537 [INFO] [MainThread] [root/service.py:52]: AudioOutputService starting...
2026-09-18 19:38:58,814 [INFO] [MainThread] [root/bar_manager.py:242]: Starting HotkeyListener...
2026-09-18 19:38:58,814 [INFO] [MainThread] [root/bar_manager.py:103]: Starting WindowsNotificationEventListener...
2026-09-18 19:38:58,817 [INFO] [MainThread] [root/watcher.py:65]: Watching directory: c:\users\daeyu\.config\yasb
2026-09-18 19:38:58,817 [INFO] [MainThread] [root/watcher.py:104]: Created file watcher
2026-09-18 19:38:58,832 [INFO] [MainThread] [root/update_service.py:434]: Background update checker started
2026-09-18 19:38:58,835 [INFO] [Dummy-10] [root/windows_notification.py:164]: Notification service started (WNF_SHEL_NOTIFICATIONS)
2026-09-18 19:39:16,627 [INFO] [MainThread] [root/utils.py:463]: YASB added to startup
2026-09-18 19:53:31,190 [INFO] [MainThread] [root/controller.py:21]: Reloading Application from tray...
2026-09-18 19:53:31,295 [INFO] [MainThread] [cli_server/cli_server.py:114]: Log pipe server stopped
2026-09-18 19:53:31,388 [INFO] [MainThread] [root/bar_manager.py:111]: Stopping HotkeyListener...
2026-09-18 19:53:31,391 [INFO] [MainThread] [root/bar_manager.py:119]: Stopping WindowsNotificationEventListener...
2026-09-18 19:53:31,392 [INFO] [Dummy-10] [root/windows_notification.py:97]: Notification service stopped
2026-09-18 19:53:32,115 [INFO] [MainThread] [root/log.py:103]: YASB v2.0.7
2026-09-18 19:53:32,116 [INFO] [CLIPipeServer] [cli_server/cli_server.py:216]: CLI server started v1.1.7
2026-09-18 19:53:32,116 [INFO] [MainThread] [cli_server/cli_server.py:106]: Log pipe server started
2026-09-18 19:53:33,073 [WARNING] [MainThread] [deprecation/deprecation.py:161]: [DEPRECATED] GalleryConfig: 'enabled' - No longer supported and can be removed from the config.
2026-09-18 19:53:33,074 [WARNING] [MainThread] [deprecation/deprecation.py:161]: [DEPRECATED] GalleryConfig: 'blur' - No longer supported and can be removed from the config.
2026-09-18 19:53:33,074 [WARNING] [MainThread] [deprecation/deprecation.py:161]: [DEPRECATED] GalleryConfig: 'image_per_page' - No longer supported and can be removed from the config.
2026-09-18 19:53:33,074 [WARNING] [MainThread] [deprecation/deprecation.py:161]: [DEPRECATED] GalleryConfig: 'gallery_columns' - No longer supported and can be removed from the config.
2026-09-18 19:53:33,074 [WARNING] [MainThread] [deprecation/deprecation.py:161]: [DEPRECATED] GalleryConfig: 'horizontal_position' - No longer supported and can be removed from the config.
2026-09-18 19:53:33,074 [WARNING] [MainThread] [deprecation/deprecation.py:161]: [DEPRECATED] GalleryConfig: 'vertical_position' - No longer supported and can be removed from the config.
2026-09-18 19:53:33,074 [WARNING] [MainThread] [deprecation/deprecation.py:161]: [DEPRECATED] GalleryConfig: 'respect_work_area' - No longer supported and can be removed from the config.
2026-09-18 19:53:33,074 [WARNING] [MainThread] [deprecation/deprecation.py:161]: [DEPRECATED] GalleryConfig: 'show_buttons' - No longer supported and can be removed from the config.
2026-09-18 19:53:33,074 [WARNING] [MainThread] [deprecation/deprecation.py:161]: [DEPRECATED] GalleryConfig: 'image_spacing' - No longer supported and can be removed from the config.
2026-09-18 19:53:33,074 [WARNING] [MainThread] [deprecation/deprecation.py:161]: [DEPRECATED] GalleryConfig: 'lazy_load' - No longer supported and can be removed from the config.
2026-09-18 19:53:33,074 [WARNING] [MainThread] [deprecation/deprecation.py:161]: [DEPRECATED] GalleryConfig: 'lazy_load_fadein' - No longer supported and can be removed from the config.
2026-09-18 19:53:33,121 [INFO] [MainThread] [root/service.py:52]: AudioOutputService starting...
2026-09-18 19:53:33,402 [INFO] [MainThread] [root/bar_manager.py:242]: Starting HotkeyListener...
2026-09-18 19:53:33,402 [INFO] [MainThread] [root/bar_manager.py:103]: Starting WindowsNotificationEventListener...
2026-09-18 19:53:33,405 [INFO] [MainThread] [root/watcher.py:65]: Watching directory: c:\users\daeyu\.config\yasb
2026-09-18 19:53:33,405 [INFO] [MainThread] [root/watcher.py:104]: Created file watcher
2026-09-18 19:53:33,421 [INFO] [MainThread] [root/update_service.py:434]: Background update checker started
2026-09-18 19:53:33,426 [INFO] [Dummy-10] [root/windows_notification.py:164]: Notification service started (WNF_SHEL_NOTIFICATIONS)
2026-09-18 19:55:10,217 [INFO] [MainThread] [root/controller.py:43]: Exiting Application from tray...
2026-09-18 19:55:10,317 [INFO] [MainThread] [cli_server/cli_server.py:114]: Log pipe server stopped
2026-09-18 19:55:10,358 [INFO] [MainThread] [root/bar_manager.py:111]: Stopping HotkeyListener...
2026-09-18 19:55:10,360 [INFO] [MainThread] [root/bar_manager.py:119]: Stopping WindowsNotificationEventListener...
2026-09-18 19:55:10,361 [INFO] [Dummy-10] [root/windows_notification.py:97]: Notification service stopped
2026-09-18 19:56:17,965 [INFO] [MainThread] [root/log.py:103]: YASB v2.0.7
2026-09-18 19:56:17,966 [INFO] [CLIPipeServer] [cli_server/cli_server.py:216]: CLI server started v1.1.7
2026-09-18 19:56:17,967 [INFO] [MainThread] [cli_server/cli_server.py:106]: Log pipe server started
2026-09-18 19:56:18,772 [WARNING] [MainThread] [deprecation/deprecation.py:161]: [DEPRECATED] GalleryConfig: 'enabled' - No longer supported and can be removed from the config.
2026-09-18 19:56:18,772 [WARNING] [MainThread] [deprecation/deprecation.py:161]: [DEPRECATED] GalleryConfig: 'blur' - No longer supported and can be removed from the config.
2026-09-18 19:56:18,772 [WARNING] [MainThread] [deprecation/deprecation.py:161]: [DEPRECATED] GalleryConfig: 'image_per_page' - No longer supported and can be removed from the config.
2026-09-18 19:56:18,772 [WARNING] [MainThread] [deprecation/deprecation.py:161]: [DEPRECATED] GalleryConfig: 'gallery_columns' - No longer supported and can be removed from the config.
2026-09-18 19:56:18,772 [WARNING] [MainThread] [deprecation/deprecation.py:161]: [DEPRECATED] GalleryConfig: 'horizontal_position' - No longer supported and can be removed from the config.
2026-09-18 19:56:18,772 [WARNING] [MainThread] [deprecation/deprecation.py:161]: [DEPRECATED] GalleryConfig: 'vertical_position' - No longer supported and can be removed from the config.
2026-09-18 19:56:18,772 [WARNING] [MainThread] [deprecation/deprecation.py:161]: [DEPRECATED] GalleryConfig: 'respect_work_area' - No longer supported and can be removed from the config.
2026-09-18 19:56:18,772 [WARNING] [MainThread] [deprecation/deprecation.py:161]: [DEPRECATED] GalleryConfig: 'show_buttons' - No longer supported and can be removed from the config.
2026-09-18 19:56:18,773 [WARNING] [MainThread] [deprecation/deprecation.py:161]: [DEPRECATED] GalleryConfig: 'image_spacing' - No longer supported and can be removed from the config.
2026-09-18 19:56:18,773 [WARNING] [MainThread] [deprecation/deprecation.py:161]: [DEPRECATED] GalleryConfig: 'lazy_load' - No longer supported and can be removed from the config.
2026-09-18 19:56:18,773 [WARNING] [MainThread] [deprecation/deprecation.py:161]: [DEPRECATED] GalleryConfig: 'lazy_load_fadein' - No longer supported and can be removed from the config.
2026-09-18 19:56:18,812 [INFO] [MainThread] [root/service.py:52]: AudioOutputService starting...
2026-09-18 19:56:19,032 [INFO] [MainThread] [root/bar_manager.py:242]: Starting HotkeyListener...
2026-09-18 19:56:19,032 [INFO] [MainThread] [root/bar_manager.py:103]: Starting WindowsNotificationEventListener...
2026-09-18 19:56:19,035 [INFO] [MainThread] [root/watcher.py:65]: Watching directory: c:\users\daeyu\.config\yasb
2026-09-18 19:56:19,035 [INFO] [MainThread] [root/watcher.py:104]: Created file watcher
2026-09-18 19:56:19,050 [INFO] [MainThread] [root/update_service.py:434]: Background update checker started
2026-09-18 19:56:19,057 [INFO] [Dummy-10] [root/windows_notification.py:164]: Notification service started (WNF_SHEL_NOTIFICATIONS)
2026-09-18 19:57:34,051 [INFO] [MainThread] [root/controller.py:21]: Reloading Application from tray...
2026-09-18 19:57:34,166 [INFO] [MainThread] [cli_server/cli_server.py:114]: Log pipe server stopped
2026-09-18 19:57:34,206 [INFO] [MainThread] [root/bar_manager.py:111]: Stopping HotkeyListener...
2026-09-18 19:57:34,208 [INFO] [MainThread] [root/bar_manager.py:119]: Stopping WindowsNotificationEventListener...
2026-09-18 19:57:34,209 [INFO] [Dummy-10] [root/windows_notification.py:97]: Notification service stopped
2026-09-18 19:57:34,716 [INFO] [MainThread] [root/log.py:103]: YASB v2.0.7
2026-09-18 19:57:34,717 [INFO] [CLIPipeServer] [cli_server/cli_server.py:216]: CLI server started v1.1.7
2026-09-18 19:57:34,717 [INFO] [MainThread] [cli_server/cli_server.py:106]: Log pipe server started
2026-09-18 19:57:35,472 [WARNING] [MainThread] [deprecation/deprecation.py:161]: [DEPRECATED] GalleryConfig: 'enabled' - No longer supported and can be removed from the config.
2026-09-18 19:57:35,472 [WARNING] [MainThread] [deprecation/deprecation.py:161]: [DEPRECATED] GalleryConfig: 'blur' - No longer supported and can be removed from the config.
2026-09-18 19:57:35,472 [WARNING] [MainThread] [deprecation/deprecation.py:161]: [DEPRECATED] GalleryConfig: 'image_per_page' - No longer supported and can be removed from the config.
2026-09-18 19:57:35,472 [WARNING] [MainThread] [deprecation/deprecation.py:161]: [DEPRECATED] GalleryConfig: 'gallery_columns' - No longer supported and can be removed from the config.
2026-09-18 19:57:35,472 [WARNING] [MainThread] [deprecation/deprecation.py:161]: [DEPRECATED] GalleryConfig: 'horizontal_position' - No longer supported and can be removed from the config.
2026-09-18 19:57:35,473 [WARNING] [MainThread] [deprecation/deprecation.py:161]: [DEPRECATED] GalleryConfig: 'vertical_position' - No longer supported and can be removed from the config.
2026-09-18 19:57:35,473 [WARNING] [MainThread] [deprecation/deprecation.py:161]: [DEPRECATED] GalleryConfig: 'respect_work_area' - No longer supported and can be removed from the config.
2026-09-18 19:57:35,473 [WARNING] [MainThread] [deprecation/deprecation.py:161]: [DEPRECATED] GalleryConfig: 'show_buttons' - No longer supported and can be removed from the config.
2026-09-18 19:57:35,473 [WARNING] [MainThread] [deprecation/deprecation.py:161]: [DEPRECATED] GalleryConfig: 'image_spacing' - No longer supported and can be removed from the config.
2026-09-18 19:57:35,473 [WARNING] [MainThread] [deprecation/deprecation.py:161]: [DEPRECATED] GalleryConfig: 'lazy_load' - No longer supported and can be removed from the config.
2026-09-18 19:57:35,473 [WARNING] [MainThread] [deprecation/deprecation.py:161]: [DEPRECATED] GalleryConfig: 'lazy_load_fadein' - No longer supported and can be removed from the config.
2026-09-18 19:57:35,519 [INFO] [MainThread] [root/service.py:52]: AudioOutputService starting...
2026-09-18 19:57:35,727 [INFO] [MainThread] [root/bar_manager.py:242]: Starting HotkeyListener...
2026-09-18 19:57:35,727 [INFO] [MainThread] [root/bar_manager.py:103]: Starting WindowsNotificationEventListener...
2026-09-18 19:57:35,729 [INFO] [MainThread] [root/watcher.py:65]: Watching directory: c:\users\daeyu\.config\yasb
2026-09-18 19:57:35,730 [INFO] [MainThread] [root/watcher.py:104]: Created file watcher
2026-09-18 19:57:35,746 [INFO] [MainThread] [root/update_service.py:434]: Background update checker started
2026-09-18 19:57:35,750 [INFO] [Dummy-10] [root/windows_notification.py:164]: Notification service started (WNF_SHEL_NOTIFICATIONS)
2026-09-18 20:00:09,026 [INFO] [MainThread] [root/controller.py:21]: Reloading Application from tray...
2026-09-18 20:00:09,135 [INFO] [MainThread] [cli_server/cli_server.py:114]: Log pipe server stopped
2026-09-18 20:00:09,175 [INFO] [MainThread] [root/bar_manager.py:111]: Stopping HotkeyListener...
2026-09-18 20:00:09,177 [INFO] [MainThread] [root/bar_manager.py:119]: Stopping WindowsNotificationEventListener...
2026-09-18 20:00:09,177 [INFO] [Dummy-10] [root/windows_notification.py:97]: Notification service stopped
2026-09-18 20:00:09,693 [INFO] [MainThread] [root/log.py:103]: YASB v2.0.7
2026-09-18 20:00:09,694 [INFO] [CLIPipeServer] [cli_server/cli_server.py:216]: CLI server started v1.1.7
2026-09-18 20:00:09,694 [INFO] [MainThread] [cli_server/cli_server.py:106]: Log pipe server started
2026-09-18 20:00:10,403 [WARNING] [MainThread] [deprecation/deprecation.py:161]: [DEPRECATED] GalleryConfig: 'enabled' - No longer supported and can be removed from the config.
2026-09-18 20:00:10,404 [WARNING] [MainThread] [deprecation/deprecation.py:161]: [DEPRECATED] GalleryConfig: 'blur' - No longer supported and can be removed from the config.
2026-09-18 20:00:10,404 [WARNING] [MainThread] [deprecation/deprecation.py:161]: [DEPRECATED] GalleryConfig: 'image_per_page' - No longer supported and can be removed from the config.
2026-09-18 20:00:10,404 [WARNING] [MainThread] [deprecation/deprecation.py:161]: [DEPRECATED] GalleryConfig: 'gallery_columns' - No longer supported and can be removed from the config.
2026-09-18 20:00:10,404 [WARNING] [MainThread] [deprecation/deprecation.py:161]: [DEPRECATED] GalleryConfig: 'horizontal_position' - No longer supported and can be removed from the config.
2026-09-18 20:00:10,404 [WARNING] [MainThread] [deprecation/deprecation.py:161]: [DEPRECATED] GalleryConfig: 'vertical_position' - No longer supported and can be removed from the config.
2026-09-18 20:00:10,404 [WARNING] [MainThread] [deprecation/deprecation.py:161]: [DEPRECATED] GalleryConfig: 'respect_work_area' - No longer supported and can be removed from the config.
2026-09-18 20:00:10,404 [WARNING] [MainThread] [deprecation/deprecation.py:161]: [DEPRECATED] GalleryConfig: 'show_buttons' - No longer supported and can be removed from the config.
2026-09-18 20:00:10,404 [WARNING] [MainThread] [deprecation/deprecation.py:161]: [DEPRECATED] GalleryConfig: 'image_spacing' - No longer supported and can be removed from the config.
2026-09-18 20:00:10,404 [WARNING] [MainThread] [deprecation/deprecation.py:161]: [DEPRECATED] GalleryConfig: 'lazy_load' - No longer supported and can be removed from the config.
2026-09-18 20:00:10,404 [WARNING] [MainThread] [deprecation/deprecation.py:161]: [DEPRECATED] GalleryConfig: 'lazy_load_fadein' - No longer supported and can be removed from the config.
2026-09-18 20:00:10,443 [INFO] [MainThread] [root/service.py:52]: AudioOutputService starting...
2026-09-18 20:00:10,673 [INFO] [MainThread] [root/bar_manager.py:242]: Starting HotkeyListener...
2026-09-18 20:00:10,674 [INFO] [MainThread] [root/bar_manager.py:103]: Starting WindowsNotificationEventListener...
2026-09-18 20:00:10,676 [INFO] [MainThread] [root/watcher.py:65]: Watching directory: c:\users\daeyu\.config\yasb
2026-09-18 20:00:10,676 [INFO] [MainThread] [root/watcher.py:104]: Created file watcher
2026-09-18 20:00:10,692 [INFO] [MainThread] [root/update_service.py:434]: Background update checker started
2026-09-18 20:00:10,696 [INFO] [Dummy-10] [root/windows_notification.py:164]: Notification service started (WNF_SHEL_NOTIFICATIONS)
2026-09-18 20:02:28,299 [INFO] [MainThread] [root/controller.py:21]: Reloading Application from tray...
2026-09-18 20:02:28,407 [INFO] [MainThread] [cli_server/cli_server.py:114]: Log pipe server stopped
2026-09-18 20:02:28,456 [INFO] [MainThread] [root/bar_manager.py:111]: Stopping HotkeyListener...
2026-09-18 20:02:28,459 [INFO] [MainThread] [root/bar_manager.py:119]: Stopping WindowsNotificationEventListener...
2026-09-18 20:02:28,459 [INFO] [Dummy-10] [root/windows_notification.py:97]: Notification service stopped
2026-09-18 20:02:28,956 [INFO] [MainThread] [root/log.py:103]: YASB v2.0.7
2026-09-18 20:02:28,956 [INFO] [CLIPipeServer] [cli_server/cli_server.py:216]: CLI server started v1.1.7
2026-09-18 20:02:28,957 [INFO] [MainThread] [cli_server/cli_server.py:106]: Log pipe server started
2026-09-18 20:02:29,753 [WARNING] [MainThread] [deprecation/deprecation.py:161]: [DEPRECATED] GalleryConfig: 'enabled' - No longer supported and can be removed from the config.
2026-09-18 20:02:29,753 [WARNING] [MainThread] [deprecation/deprecation.py:161]: [DEPRECATED] GalleryConfig: 'blur' - No longer supported and can be removed from the config.
2026-09-18 20:02:29,753 [WARNING] [MainThread] [deprecation/deprecation.py:161]: [DEPRECATED] GalleryConfig: 'image_per_page' - No longer supported and can be removed from the config.
2026-09-18 20:02:29,753 [WARNING] [MainThread] [deprecation/deprecation.py:161]: [DEPRECATED] GalleryConfig: 'gallery_columns' - No longer supported and can be removed from the config.
2026-09-18 20:02:29,753 [WARNING] [MainThread] [deprecation/deprecation.py:161]: [DEPRECATED] GalleryConfig: 'horizontal_position' - No longer supported and can be removed from the config.
2026-09-18 20:02:29,754 [WARNING] [MainThread] [deprecation/deprecation.py:161]: [DEPRECATED] GalleryConfig: 'vertical_position' - No longer supported and can be removed from the config.
2026-09-18 20:02:29,754 [WARNING] [MainThread] [deprecation/deprecation.py:161]: [DEPRECATED] GalleryConfig: 'respect_work_area' - No longer supported and can be removed from the config.
2026-09-18 20:02:29,754 [WARNING] [MainThread] [deprecation/deprecation.py:161]: [DEPRECATED] GalleryConfig: 'show_buttons' - No longer supported and can be removed from the config.
2026-09-18 20:02:29,754 [WARNING] [MainThread] [deprecation/deprecation.py:161]: [DEPRECATED] GalleryConfig: 'image_spacing' - No longer supported and can be removed from the config.
2026-09-18 20:02:29,754 [WARNING] [MainThread] [deprecation/deprecation.py:161]: [DEPRECATED] GalleryConfig: 'lazy_load' - No longer supported and can be removed from the config.
2026-09-18 20:02:29,754 [WARNING] [MainThread] [deprecation/deprecation.py:161]: [DEPRECATED] GalleryConfig: 'lazy_load_fadein' - No longer supported and can be removed from the config.
2026-09-18 20:02:29,802 [INFO] [MainThread] [root/service.py:52]: AudioOutputService starting...
2026-09-18 20:02:30,042 [INFO] [MainThread] [root/bar_manager.py:242]: Starting HotkeyListener...
2026-09-18 20:02:30,042 [INFO] [MainThread] [root/bar_manager.py:103]: Starting WindowsNotificationEventListener...
2026-09-18 20:02:30,045 [INFO] [MainThread] [root/watcher.py:65]: Watching directory: c:\users\daeyu\.config\yasb
2026-09-18 20:02:30,046 [INFO] [MainThread] [root/watcher.py:104]: Created file watcher
2026-09-18 20:02:30,061 [INFO] [MainThread] [root/update_service.py:434]: Background update checker started
2026-09-18 20:02:30,065 [INFO] [Dummy-10] [root/windows_notification.py:164]: Notification service started (WNF_SHEL_NOTIFICATIONS)
2026-09-18 20:04:05,319 [INFO] [MainThread] [root/controller.py:21]: Reloading Application because of config change.
2026-09-18 20:04:05,432 [INFO] [MainThread] [cli_server/cli_server.py:114]: Log pipe server stopped
2026-09-18 20:04:05,437 [INFO] [MainThread] [root/bar_manager.py:93]: Successfully loaded updated config and re-initialised all bars.
2026-09-18 20:04:05,475 [INFO] [MainThread] [root/bar_manager.py:111]: Stopping HotkeyListener...
2026-09-18 20:04:05,478 [INFO] [MainThread] [root/bar_manager.py:119]: Stopping WindowsNotificationEventListener...
2026-09-18 20:04:05,479 [INFO] [Dummy-10] [root/windows_notification.py:97]: Notification service stopped
2026-09-18 20:04:06,038 [INFO] [MainThread] [root/log.py:103]: YASB v2.0.7
2026-09-18 20:04:06,039 [INFO] [CLIPipeServer] [cli_server/cli_server.py:216]: CLI server started v1.1.7
2026-09-18 20:04:06,039 [INFO] [MainThread] [cli_server/cli_server.py:106]: Log pipe server started
2026-09-18 20:04:06,778 [WARNING] [MainThread] [deprecation/deprecation.py:161]: [DEPRECATED] GalleryConfig: 'enabled' - No longer supported and can be removed from the config.
2026-09-18 20:04:06,779 [WARNING] [MainThread] [deprecation/deprecation.py:161]: [DEPRECATED] GalleryConfig: 'blur' - No longer supported and can be removed from the config.
2026-09-18 20:04:06,779 [WARNING] [MainThread] [deprecation/deprecation.py:161]: [DEPRECATED] GalleryConfig: 'image_per_page' - No longer supported and can be removed from the config.
2026-09-18 20:04:06,779 [WARNING] [MainThread] [deprecation/deprecation.py:161]: [DEPRECATED] GalleryConfig: 'gallery_columns' - No longer supported and can be removed from the config.
2026-09-18 20:04:06,779 [WARNING] [MainThread] [deprecation/deprecation.py:161]: [DEPRECATED] GalleryConfig: 'horizontal_position' - No longer supported and can be removed from the config.
2026-09-18 20:04:06,779 [WARNING] [MainThread] [deprecation/deprecation.py:161]: [DEPRECATED] GalleryConfig: 'vertical_position' - No longer supported and can be removed from the config.
2026-09-18 20:04:06,779 [WARNING] [MainThread] [deprecation/deprecation.py:161]: [DEPRECATED] GalleryConfig: 'respect_work_area' - No longer supported and can be removed from the config.
2026-09-18 20:04:06,779 [WARNING] [MainThread] [deprecation/deprecation.py:161]: [DEPRECATED] GalleryConfig: 'show_buttons' - No longer supported and can be removed from the config.
2026-09-18 20:04:06,779 [WARNING] [MainThread] [deprecation/deprecation.py:161]: [DEPRECATED] GalleryConfig: 'image_spacing' - No longer supported and can be removed from the config.
2026-09-18 20:04:06,779 [WARNING] [MainThread] [deprecation/deprecation.py:161]: [DEPRECATED] GalleryConfig: 'lazy_load' - No longer supported and can be removed from the config.
2026-09-18 20:04:06,779 [WARNING] [MainThread] [deprecation/deprecation.py:161]: [DEPRECATED] GalleryConfig: 'lazy_load_fadein' - No longer supported and can be removed from the config.
2026-09-18 20:04:06,863 [INFO] [MainThread] [root/service.py:52]: AudioOutputService starting...
2026-09-18 20:04:07,116 [INFO] [MainThread] [root/bar_manager.py:242]: Starting HotkeyListener...
2026-09-18 20:04:07,116 [INFO] [MainThread] [root/bar_manager.py:103]: Starting WindowsNotificationEventListener...
2026-09-18 20:04:07,121 [INFO] [MainThread] [root/watcher.py:65]: Watching directory: c:\users\daeyu\.config\yasb
2026-09-18 20:04:07,121 [INFO] [MainThread] [root/watcher.py:104]: Created file watcher
2026-09-18 20:04:07,142 [INFO] [MainThread] [root/update_service.py:434]: Background update checker started
2026-09-18 20:04:07,146 [INFO] [Dummy-10] [root/windows_notification.py:164]: Notification service started (WNF_SHEL_NOTIFICATIONS)
2026-09-18 20:08:08,440 [INFO] [MainThread] [root/controller.py:43]: Exiting Application from tray...
2026-09-18 20:08:08,556 [INFO] [MainThread] [cli_server/cli_server.py:114]: Log pipe server stopped
2026-09-18 20:08:08,559 [INFO] [MainThread] [root/bar_manager.py:111]: Stopping HotkeyListener...
2026-09-18 20:08:08,560 [INFO] [MainThread] [root/bar_manager.py:119]: Stopping WindowsNotificationEventListener...
2026-09-18 20:08:08,561 [INFO] [Dummy-10] [root/windows_notification.py:97]: Notification service stopped
2026-09-18 20:08:13,575 [INFO] [MainThread] [root/log.py:103]: YASB v2.0.7
2026-09-18 20:08:13,575 [INFO] [CLIPipeServer] [cli_server/cli_server.py:216]: CLI server started v1.1.7
2026-09-18 20:08:13,576 [INFO] [MainThread] [cli_server/cli_server.py:106]: Log pipe server started
2026-09-18 20:08:14,825 [WARNING] [MainThread] [deprecation/deprecation.py:161]: [DEPRECATED] GalleryConfig: 'enabled' - No longer supported and can be removed from the config.
2026-09-18 20:08:14,826 [WARNING] [MainThread] [deprecation/deprecation.py:161]: [DEPRECATED] GalleryConfig: 'blur' - No longer supported and can be removed from the config.
2026-09-18 20:08:14,826 [WARNING] [MainThread] [deprecation/deprecation.py:161]: [DEPRECATED] GalleryConfig: 'image_per_page' - No longer supported and can be removed from the config.
2026-09-18 20:08:14,826 [WARNING] [MainThread] [deprecation/deprecation.py:161]: [DEPRECATED] GalleryConfig: 'gallery_columns' - No longer supported and can be removed from the config.
2026-09-18 20:08:14,826 [WARNING] [MainThread] [deprecation/deprecation.py:161]: [DEPRECATED] GalleryConfig: 'horizontal_position' - No longer supported and can be removed from the config.
2026-09-18 20:08:14,826 [WARNING] [MainThread] [deprecation/deprecation.py:161]: [DEPRECATED] GalleryConfig: 'vertical_position' - No longer supported and can be removed from the config.
2026-09-18 20:08:14,826 [WARNING] [MainThread] [deprecation/deprecation.py:161]: [DEPRECATED] GalleryConfig: 'respect_work_area' - No longer supported and can be removed from the config.
2026-09-18 20:08:14,826 [WARNING] [MainThread] [deprecation/deprecation.py:161]: [DEPRECATED] GalleryConfig: 'show_buttons' - No longer supported and can be removed from the config.
2026-09-18 20:08:14,826 [WARNING] [MainThread] [deprecation/deprecation.py:161]: [DEPRECATED] GalleryConfig: 'image_spacing' - No longer supported and can be removed from the config.
2026-09-18 20:08:14,826 [WARNING] [MainThread] [deprecation/deprecation.py:161]: [DEPRECATED] GalleryConfig: 'lazy_load' - No longer supported and can be removed from the config.
2026-09-18 20:08:14,826 [WARNING] [MainThread] [deprecation/deprecation.py:161]: [DEPRECATED] GalleryConfig: 'lazy_load_fadein' - No longer supported and can be removed from the config.
2026-09-18 20:08:14,867 [INFO] [MainThread] [root/service.py:52]: AudioOutputService starting...
2026-09-18 20:08:15,193 [INFO] [MainThread] [root/bar_manager.py:242]: Starting HotkeyListener...
2026-09-18 20:08:15,193 [INFO] [MainThread] [root/bar_manager.py:103]: Starting WindowsNotificationEventListener...
2026-09-18 20:08:15,197 [INFO] [MainThread] [root/watcher.py:65]: Watching directory: c:\users\daeyu\.config\yasb
2026-09-18 20:08:15,197 [INFO] [MainThread] [root/watcher.py:104]: Created file watcher
2026-09-18 20:08:15,214 [INFO] [MainThread] [root/update_service.py:434]: Background update checker started
2026-09-18 20:08:15,238 [INFO] [Dummy-10] [root/windows_notification.py:164]: Notification service started (WNF_SHEL_NOTIFICATIONS)
2026-09-18 20:09:00,358 [INFO] [MainThread] [root/bar_helper.py:578]: AppBarManager need to re-register 1 bar
2026-09-18 20:09:00,497 [INFO] [MainThread] [root/bar_helper.py:587]: Re-registered AppBar for primary-bar_DISPLAY1_3d41e8b5 (space reservation + fullscreen)
2026-09-18 20:09:10,346 [INFO] [MainThread] [root/bar_helper.py:578]: AppBarManager need to re-register 1 bar
2026-09-18 20:09:10,364 [INFO] [MainThread] [root/bar_helper.py:587]: Re-registered AppBar for primary-bar_DISPLAY1_3d41e8b5 (space reservation + fullscreen)
2026-09-18 20:09:38,857 [INFO] [MainThread] [root/controller.py:43]: Exiting Application from context menu...
2026-09-18 20:09:38,961 [INFO] [MainThread] [cli_server/cli_server.py:114]: Log pipe server stopped
2026-09-18 20:09:39,013 [INFO] [MainThread] [root/bar_manager.py:111]: Stopping HotkeyListener...
2026-09-18 20:09:39,014 [INFO] [MainThread] [root/bar_manager.py:119]: Stopping WindowsNotificationEventListener...
2026-09-18 20:09:39,015 [INFO] [Dummy-10] [root/windows_notification.py:97]: Notification service stopped
2026-09-18 20:17:25,414 [INFO] [MainThread] [root/log.py:103]: YASB v2.0.7
2026-09-18 20:17:25,414 [INFO] [CLIPipeServer] [cli_server/cli_server.py:216]: CLI server started v1.1.7
2026-09-18 20:17:25,415 [INFO] [MainThread] [cli_server/cli_server.py:106]: Log pipe server started
2026-09-18 20:17:26,166 [WARNING] [MainThread] [deprecation/deprecation.py:161]: [DEPRECATED] GalleryConfig: 'enabled' - No longer supported and can be removed from the config.
2026-09-18 20:17:26,166 [WARNING] [MainThread] [deprecation/deprecation.py:161]: [DEPRECATED] GalleryConfig: 'blur' - No longer supported and can be removed from the config.
2026-09-18 20:17:26,166 [WARNING] [MainThread] [deprecation/deprecation.py:161]: [DEPRECATED] GalleryConfig: 'image_per_page' - No longer supported and can be removed from the config.
2026-09-18 20:17:26,167 [WARNING] [MainThread] [deprecation/deprecation.py:161]: [DEPRECATED] GalleryConfig: 'gallery_columns' - No longer supported and can be removed from the config.
2026-09-18 20:17:26,167 [WARNING] [MainThread] [deprecation/deprecation.py:161]: [DEPRECATED] GalleryConfig: 'horizontal_position' - No longer supported and can be removed from the config.
2026-09-18 20:17:26,167 [WARNING] [MainThread] [deprecation/deprecation.py:161]: [DEPRECATED] GalleryConfig: 'vertical_position' - No longer supported and can be removed from the config.
2026-09-18 20:17:26,167 [WARNING] [MainThread] [deprecation/deprecation.py:161]: [DEPRECATED] GalleryConfig: 'respect_work_area' - No longer supported and can be removed from the config.
2026-09-18 20:17:26,167 [WARNING] [MainThread] [deprecation/deprecation.py:161]: [DEPRECATED] GalleryConfig: 'show_buttons' - No longer supported and can be removed from the config.
2026-09-18 20:17:26,167 [WARNING] [MainThread] [deprecation/deprecation.py:161]: [DEPRECATED] GalleryConfig: 'image_spacing' - No longer supported and can be removed from the config.
2026-09-18 20:17:26,167 [WARNING] [MainThread] [deprecation/deprecation.py:161]: [DEPRECATED] GalleryConfig: 'lazy_load' - No longer supported and can be removed from the config.
2026-09-18 20:17:26,167 [WARNING] [MainThread] [deprecation/deprecation.py:161]: [DEPRECATED] GalleryConfig: 'lazy_load_fadein' - No longer supported and can be removed from the config.
2026-09-18 20:17:26,209 [INFO] [MainThread] [root/service.py:52]: AudioOutputService starting...
2026-09-18 20:17:26,459 [INFO] [MainThread] [root/bar_manager.py:242]: Starting HotkeyListener...
2026-09-18 20:17:26,459 [INFO] [MainThread] [root/bar_manager.py:103]: Starting WindowsNotificationEventListener...
2026-09-18 20:17:26,461 [INFO] [MainThread] [root/watcher.py:65]: Watching directory: c:\users\daeyu\.config\yasb
2026-09-18 20:17:26,462 [INFO] [MainThread] [root/watcher.py:104]: Created file watcher
2026-09-18 20:17:26,477 [INFO] [MainThread] [root/update_service.py:434]: Background update checker started
2026-09-18 20:17:26,481 [INFO] [Dummy-10] [root/windows_notification.py:164]: Notification service started (WNF_SHEL_NOTIFICATIONS)
2026-09-18 20:26:16,154 [INFO] [MainThread] [root/service.py:223]: Quick Launch rebuilding app list after install/uninstall detected
2026-09-18 20:43:54,136 [INFO] [MainThread] [root/bar_manager.py:111]: Stopping HotkeyListener...
2026-09-18 20:43:54,146 [INFO] [MainThread] [root/bar_manager.py:119]: Stopping WindowsNotificationEventListener...
2026-09-18 20:43:54,147 [INFO] [Dummy-10] [root/windows_notification.py:97]: Notification service stopped
2026-09-19 18:22:34,161 [INFO] [MainThread] [root/log.py:103]: YASB v2.0.7
2026-09-19 18:22:34,161 [INFO] [CLIPipeServer] [cli_server/cli_server.py:216]: CLI server started v1.1.7
2026-09-19 18:22:34,162 [INFO] [MainThread] [cli_server/cli_server.py:106]: Log pipe server started
2026-09-19 18:22:35,894 [WARNING] [MainThread] [deprecation/deprecation.py:161]: [DEPRECATED] GalleryConfig: 'enabled' - No longer supported and can be removed from the config.
2026-09-19 18:22:35,894 [WARNING] [MainThread] [deprecation/deprecation.py:161]: [DEPRECATED] GalleryConfig: 'blur' - No longer supported and can be removed from the config.
2026-09-19 18:22:35,894 [WARNING] [MainThread] [deprecation/deprecation.py:161]: [DEPRECATED] GalleryConfig: 'image_per_page' - No longer supported and can be removed from the config.
2026-09-19 18:22:35,894 [WARNING] [MainThread] [deprecation/deprecation.py:161]: [DEPRECATED] GalleryConfig: 'gallery_columns' - No longer supported and can be removed from the config.
2026-09-19 18:22:35,894 [WARNING] [MainThread] [deprecation/deprecation.py:161]: [DEPRECATED] GalleryConfig: 'horizontal_position' - No longer supported and can be removed from the config.
2026-09-19 18:22:35,894 [WARNING] [MainThread] [deprecation/deprecation.py:161]: [DEPRECATED] GalleryConfig: 'vertical_position' - No longer supported and can be removed from the config.
2026-09-19 18:22:35,894 [WARNING] [MainThread] [deprecation/deprecation.py:161]: [DEPRECATED] GalleryConfig: 'respect_work_area' - No longer supported and can be removed from the config.
2026-09-19 18:22:35,894 [WARNING] [MainThread] [deprecation/deprecation.py:161]: [DEPRECATED] GalleryConfig: 'show_buttons' - No longer supported and can be removed from the config.
2026-09-19 18:22:35,895 [WARNING] [MainThread] [deprecation/deprecation.py:161]: [DEPRECATED] GalleryConfig: 'image_spacing' - No longer supported and can be removed from the config.
2026-09-19 18:22:35,895 [WARNING] [MainThread] [deprecation/deprecation.py:161]: [DEPRECATED] GalleryConfig: 'lazy_load' - No longer supported and can be removed from the config.
2026-09-19 18:22:35,895 [WARNING] [MainThread] [deprecation/deprecation.py:161]: [DEPRECATED] GalleryConfig: 'lazy_load_fadein' - No longer supported and can be removed from the config.
2026-09-19 18:22:35,943 [INFO] [MainThread] [root/service.py:52]: AudioOutputService starting...
2026-09-19 18:22:36,315 [INFO] [MainThread] [root/bar_manager.py:242]: Starting HotkeyListener...
2026-09-19 18:22:36,315 [INFO] [MainThread] [root/bar_manager.py:103]: Starting WindowsNotificationEventListener...
2026-09-19 18:22:36,318 [INFO] [MainThread] [root/watcher.py:65]: Watching directory: c:\users\daeyu\.config\yasb
2026-09-19 18:22:36,319 [INFO] [MainThread] [root/watcher.py:104]: Created file watcher
2026-09-19 18:22:36,340 [INFO] [MainThread] [root/update_service.py:434]: Background update checker started
2026-09-19 18:22:36,382 [INFO] [Dummy-10] [root/windows_notification.py:164]: Notification service started (WNF_SHEL_NOTIFICATIONS)
2026-09-19 18:22:36,477 [WARNING] [UpdateChecker] [root/update_service.py:300]: Network error checking for updates: [Errno 11001] getaddrinfo failed
2026-09-19 18:22:36,478 [WARNING] [UpdateChecker] [root/update_service.py:430]: Background update check failed: <urlopen error [Errno 11001] getaddrinfo failed>
2026-09-19 19:20:58,407 [INFO] [MainThread] [root/bar_manager.py:111]: Stopping HotkeyListener...
2026-09-19 19:20:58,441 [INFO] [MainThread] [root/bar_manager.py:119]: Stopping WindowsNotificationEventListener...
2026-09-19 19:20:58,481 [INFO] [Dummy-10] [root/windows_notification.py:97]: Notification service stopped
2026-09-19 19:21:30,003 [INFO] [MainThread] [root/log.py:103]: YASB v2.0.7
2026-09-19 19:21:30,004 [INFO] [CLIPipeServer] [cli_server/cli_server.py:216]: CLI server started v1.1.7
2026-09-19 19:21:30,004 [INFO] [MainThread] [cli_server/cli_server.py:106]: Log pipe server started
2026-09-19 19:21:31,533 [WARNING] [MainThread] [deprecation/deprecation.py:161]: [DEPRECATED] GalleryConfig: 'enabled' - No longer supported and can be removed from the config.
2026-09-19 19:21:31,534 [WARNING] [MainThread] [deprecation/deprecation.py:161]: [DEPRECATED] GalleryConfig: 'blur' - No longer supported and can be removed from the config.
2026-09-19 19:21:31,534 [WARNING] [MainThread] [deprecation/deprecation.py:161]: [DEPRECATED] GalleryConfig: 'image_per_page' - No longer supported and can be removed from the config.
2026-09-19 19:21:31,534 [WARNING] [MainThread] [deprecation/deprecation.py:161]: [DEPRECATED] GalleryConfig: 'gallery_columns' - No longer supported and can be removed from the config.
2026-09-19 19:21:31,534 [WARNING] [MainThread] [deprecation/deprecation.py:161]: [DEPRECATED] GalleryConfig: 'horizontal_position' - No longer supported and can be removed from the config.
2026-09-19 19:21:31,534 [WARNING] [MainThread] [deprecation/deprecation.py:161]: [DEPRECATED] GalleryConfig: 'vertical_position' - No longer supported and can be removed from the config.
2026-09-19 19:21:31,534 [WARNING] [MainThread] [deprecation/deprecation.py:161]: [DEPRECATED] GalleryConfig: 'respect_work_area' - No longer supported and can be removed from the config.
2026-09-19 19:21:31,534 [WARNING] [MainThread] [deprecation/deprecation.py:161]: [DEPRECATED] GalleryConfig: 'show_buttons' - No longer supported and can be removed from the config.
2026-09-19 19:21:31,534 [WARNING] [MainThread] [deprecation/deprecation.py:161]: [DEPRECATED] GalleryConfig: 'image_spacing' - No longer supported and can be removed from the config.
2026-09-19 19:21:31,534 [WARNING] [MainThread] [deprecation/deprecation.py:161]: [DEPRECATED] GalleryConfig: 'lazy_load' - No longer supported and can be removed from the config.
2026-09-19 19:21:31,534 [WARNING] [MainThread] [deprecation/deprecation.py:161]: [DEPRECATED] GalleryConfig: 'lazy_load_fadein' - No longer supported and can be removed from the config.
2026-09-19 19:21:31,583 [INFO] [MainThread] [root/service.py:52]: AudioOutputService starting...
2026-09-19 19:21:32,553 [INFO] [MainThread] [root/bar_manager.py:242]: Starting HotkeyListener...
2026-09-19 19:21:32,553 [INFO] [MainThread] [root/bar_manager.py:103]: Starting WindowsNotificationEventListener...
2026-09-19 19:21:32,559 [INFO] [MainThread] [root/watcher.py:65]: Watching directory: c:\users\daeyu\.config\yasb
2026-09-19 19:21:32,559 [INFO] [MainThread] [root/watcher.py:104]: Created file watcher
2026-09-19 19:21:32,592 [INFO] [MainThread] [root/update_service.py:434]: Background update checker started
2026-09-19 19:21:32,643 [INFO] [Dummy-10] [root/windows_notification.py:164]: Notification service started (WNF_SHEL_NOTIFICATIONS)
2026-09-19 19:21:32,741 [WARNING] [UpdateChecker] [root/update_service.py:300]: Network error checking for updates: [Errno 11001] getaddrinfo failed
2026-09-19 19:21:32,742 [WARNING] [UpdateChecker] [root/update_service.py:430]: Background update check failed: <urlopen error [Errno 11001] getaddrinfo failed>
2026-09-19 19:28:40,285 [INFO] [MainThread] [root/service.py:223]: Quick Launch rebuilding app list after install/uninstall detected
2026-09-19 19:35:28,855 [INFO] [MainThread] [root/service.py:223]: Quick Launch rebuilding app list after install/uninstall detected
2026-09-20 17:32:04,412 [INFO] [MainThread] [root/log.py:103]: YASB v2.0.7
2026-09-20 17:32:04,414 [INFO] [CLIPipeServer] [cli_server/cli_server.py:216]: CLI server started v1.1.7
2026-09-20 17:32:04,415 [INFO] [MainThread] [cli_server/cli_server.py:106]: Log pipe server started
2026-09-20 17:32:08,351 [WARNING] [MainThread] [deprecation/deprecation.py:161]: [DEPRECATED] GalleryConfig: 'enabled' - No longer supported and can be removed from the config.
2026-09-20 17:32:08,351 [WARNING] [MainThread] [deprecation/deprecation.py:161]: [DEPRECATED] GalleryConfig: 'blur' - No longer supported and can be removed from the config.
2026-09-20 17:32:08,351 [WARNING] [MainThread] [deprecation/deprecation.py:161]: [DEPRECATED] GalleryConfig: 'image_per_page' - No longer supported and can be removed from the config.
2026-09-20 17:32:08,351 [WARNING] [MainThread] [deprecation/deprecation.py:161]: [DEPRECATED] GalleryConfig: 'gallery_columns' - No longer supported and can be removed from the config.
2026-09-20 17:32:08,351 [WARNING] [MainThread] [deprecation/deprecation.py:161]: [DEPRECATED] GalleryConfig: 'horizontal_position' - No longer supported and can be removed from the config.
2026-09-20 17:32:08,352 [WARNING] [MainThread] [deprecation/deprecation.py:161]: [DEPRECATED] GalleryConfig: 'vertical_position' - No longer supported and can be removed from the config.
2026-09-20 17:32:08,352 [WARNING] [MainThread] [deprecation/deprecation.py:161]: [DEPRECATED] GalleryConfig: 'respect_work_area' - No longer supported and can be removed from the config.
2026-09-20 17:32:08,352 [WARNING] [MainThread] [deprecation/deprecation.py:161]: [DEPRECATED] GalleryConfig: 'show_buttons' - No longer supported and can be removed from the config.
2026-09-20 17:32:08,352 [WARNING] [MainThread] [deprecation/deprecation.py:161]: [DEPRECATED] GalleryConfig: 'image_spacing' - No longer supported and can be removed from the config.
2026-09-20 17:32:08,352 [WARNING] [MainThread] [deprecation/deprecation.py:161]: [DEPRECATED] GalleryConfig: 'lazy_load' - No longer supported and can be removed from the config.
2026-09-20 17:32:08,352 [WARNING] [MainThread] [deprecation/deprecation.py:161]: [DEPRECATED] GalleryConfig: 'lazy_load_fadein' - No longer supported and can be removed from the config.
2026-09-20 17:32:08,442 [INFO] [MainThread] [root/service.py:52]: AudioOutputService starting...
2026-09-20 17:32:09,139 [INFO] [MainThread] [root/bar_manager.py:242]: Starting HotkeyListener...
2026-09-20 17:32:09,139 [INFO] [MainThread] [root/bar_manager.py:103]: Starting WindowsNotificationEventListener...
2026-09-20 17:32:09,144 [INFO] [MainThread] [root/watcher.py:65]: Watching directory: c:\users\daeyu\.config\yasb
2026-09-20 17:32:09,145 [INFO] [MainThread] [root/watcher.py:104]: Created file watcher
2026-09-20 17:32:09,192 [INFO] [MainThread] [root/update_service.py:434]: Background update checker started
2026-09-20 17:32:09,252 [INFO] [Dummy-10] [root/windows_notification.py:164]: Notification service started (WNF_SHEL_NOTIFICATIONS)
2026-09-20 18:21:12,182 [INFO] [MainThread] [root/controller.py:43]: Exiting Application from tray...
2026-09-20 18:21:12,299 [INFO] [MainThread] [cli_server/cli_server.py:114]: Log pipe server stopped
2026-09-20 18:21:12,516 [INFO] [MainThread] [root/bar_manager.py:111]: Stopping HotkeyListener...
2026-09-20 18:21:12,540 [INFO] [MainThread] [root/bar_manager.py:119]: Stopping WindowsNotificationEventListener...
2026-09-20 18:21:12,605 [INFO] [Dummy-10] [root/windows_notification.py:97]: Notification service stopped
2026-09-20 18:48:52,658 [INFO] [MainThread] [root/log.py:103]: YASB v2.0.7
2026-09-20 18:48:52,659 [INFO] [CLIPipeServer] [cli_server/cli_server.py:216]: CLI server started v1.1.7
2026-09-20 18:48:52,659 [INFO] [MainThread] [cli_server/cli_server.py:106]: Log pipe server started
2026-09-20 18:48:54,260 [WARNING] [MainThread] [deprecation/deprecation.py:161]: [DEPRECATED] GalleryConfig: 'enabled' - No longer supported and can be removed from the config.
2026-09-20 18:48:54,260 [WARNING] [MainThread] [deprecation/deprecation.py:161]: [DEPRECATED] GalleryConfig: 'blur' - No longer supported and can be removed from the config.
2026-09-20 18:48:54,260 [WARNING] [MainThread] [deprecation/deprecation.py:161]: [DEPRECATED] GalleryConfig: 'image_per_page' - No longer supported and can be removed from the config.
2026-09-20 18:48:54,260 [WARNING] [MainThread] [deprecation/deprecation.py:161]: [DEPRECATED] GalleryConfig: 'gallery_columns' - No longer supported and can be removed from the config.
2026-09-20 18:48:54,260 [WARNING] [MainThread] [deprecation/deprecation.py:161]: [DEPRECATED] GalleryConfig: 'horizontal_position' - No longer supported and can be removed from the config.
2026-09-20 18:48:54,260 [WARNING] [MainThread] [deprecation/deprecation.py:161]: [DEPRECATED] GalleryConfig: 'vertical_position' - No longer supported and can be removed from the config.
2026-09-20 18:48:54,260 [WARNING] [MainThread] [deprecation/deprecation.py:161]: [DEPRECATED] GalleryConfig: 'respect_work_area' - No longer supported and can be removed from the config.
2026-09-20 18:48:54,260 [WARNING] [MainThread] [deprecation/deprecation.py:161]: [DEPRECATED] GalleryConfig: 'show_buttons' - No longer supported and can be removed from the config.
2026-09-20 18:48:54,260 [WARNING] [MainThread] [deprecation/deprecation.py:161]: [DEPRECATED] GalleryConfig: 'image_spacing' - No longer supported and can be removed from the config.
2026-09-20 18:48:54,260 [WARNING] [MainThread] [deprecation/deprecation.py:161]: [DEPRECATED] GalleryConfig: 'lazy_load' - No longer supported and can be removed from the config.
2026-09-20 18:48:54,260 [WARNING] [MainThread] [deprecation/deprecation.py:161]: [DEPRECATED] GalleryConfig: 'lazy_load_fadein' - No longer supported and can be removed from the config.
2026-09-20 18:48:54,310 [INFO] [MainThread] [root/service.py:52]: AudioOutputService starting...
2026-09-20 18:48:55,357 [INFO] [MainThread] [root/bar_manager.py:242]: Starting HotkeyListener...
2026-09-20 18:48:55,357 [INFO] [MainThread] [root/bar_manager.py:103]: Starting WindowsNotificationEventListener...
2026-09-20 18:48:55,360 [WARNING] [Dummy-8] [root/hotkeys.py:201]: Failed to register hotkey alt+space - it may be in use by another application.
2026-09-20 18:48:55,361 [INFO] [MainThread] [root/watcher.py:65]: Watching directory: c:\users\daeyu\.config\yasb
2026-09-20 18:48:55,361 [INFO] [MainThread] [root/watcher.py:104]: Created file watcher
2026-09-20 18:48:55,386 [INFO] [MainThread] [root/update_service.py:434]: Background update checker started
2026-09-20 18:48:55,419 [INFO] [Dummy-10] [root/windows_notification.py:164]: Notification service started (WNF_SHEL_NOTIFICATIONS)
2026-09-20 18:49:32,481 [INFO] [MainThread] [root/controller.py:21]: Reloading Application from tray...
2026-09-20 18:49:32,596 [INFO] [MainThread] [cli_server/cli_server.py:114]: Log pipe server stopped
2026-09-20 18:49:33,193 [INFO] [MainThread] [root/bar_manager.py:111]: Stopping HotkeyListener...
2026-09-20 18:49:33,194 [INFO] [MainThread] [root/bar_manager.py:119]: Stopping WindowsNotificationEventListener...
2026-09-20 18:49:33,194 [INFO] [Dummy-10] [root/windows_notification.py:97]: Notification service stopped
2026-09-20 18:49:33,909 [INFO] [MainThread] [root/log.py:103]: YASB v2.0.7
2026-09-20 18:49:33,910 [INFO] [CLIPipeServer] [cli_server/cli_server.py:216]: CLI server started v1.1.7
2026-09-20 18:49:33,910 [INFO] [MainThread] [cli_server/cli_server.py:106]: Log pipe server started
2026-09-20 18:49:33,972 [WARNING] [MainThread] [deprecation/deprecation.py:161]: [DEPRECATED] BarAlignment: 'center' - Use 'align' instead.
2026-09-20 18:49:33,972 [WARNING] [MainThread] [deprecation/deprecation.py:161]: [DEPRECATED] BarBlurEffect: 'acrylic' - No longer supported and can be removed from the config.
2026-09-20 18:49:33,973 [WARNING] [MainThread] [deprecation/deprecation.py:161]: [DEPRECATED] BarAlignment: 'center' - Use 'align' instead.
2026-09-20 18:49:33,973 [WARNING] [MainThread] [deprecation/deprecation.py:161]: [DEPRECATED] BarBlurEffect: 'acrylic' - No longer supported and can be removed from the config.
2026-09-20 18:49:33,983 [ERROR] [MainThread] [root/css_processor.py:47]: CSSProcessor Error 'C:\Users\daeyu\.cache\wal\colors.css': [Errno 2] No such file or directory: 'C:\\Users\\daeyu\\.cache\\wal\\colors.css'
2026-09-20 18:49:34,002 [WARNING] [MainThread] [root/bar_manager.py:151]: Screen '\\.\DISPLAY2' from config not found among connected screens.
2026-09-20 18:49:34,136 [WARNING] [MainThread] [deprecation/deprecation.py:161]: [DEPRECATED] KomorebiWorkspacesConfig: 'animation' - Use CSS animations instead.
2026-09-20 18:49:34,136 [WARNING] [MainThread] [deprecation/deprecation.py:161]: [DEPRECATED] KomorebiWorkspacesConfig: 'container_padding' - Use CSS padding instead.
2026-09-20 18:49:34,141 [WARNING] [MainThread] [deprecation/deprecation.py:161]: [DEPRECATED] ActiveLayoutConfig: 'container_padding' - Use CSS padding instead.
2026-09-20 18:49:34,142 [WARNING] [MainThread] [deprecation/deprecation.py:165]: [DEPRECATED] ActiveLayoutIconsConfig: 'maximised' renamed to 'maximized' - Use 'maximized' instead.
2026-09-20 18:49:34,181 [WARNING] [MainThread] [deprecation/deprecation.py:161]: [DEPRECATED] GalleryConfig: 'enabled' - No longer supported and can be removed from the config.
2026-09-20 18:49:34,182 [WARNING] [MainThread] [deprecation/deprecation.py:161]: [DEPRECATED] GalleryConfig: 'blur' - No longer supported and can be removed from the config.
2026-09-20 18:49:34,182 [WARNING] [MainThread] [deprecation/deprecation.py:161]: [DEPRECATED] GalleryConfig: 'image_per_page' - No longer supported and can be removed from the config.
2026-09-20 18:49:34,182 [WARNING] [MainThread] [deprecation/deprecation.py:161]: [DEPRECATED] GalleryConfig: 'show_buttons' - No longer supported and can be removed from the config.
2026-09-20 18:49:34,182 [WARNING] [MainThread] [deprecation/deprecation.py:161]: [DEPRECATED] GalleryConfig: 'image_spacing' - No longer supported and can be removed from the config.
2026-09-20 18:49:34,182 [WARNING] [MainThread] [deprecation/deprecation.py:161]: [DEPRECATED] GalleryConfig: 'lazy_load' - No longer supported and can be removed from the config.
2026-09-20 18:49:34,182 [WARNING] [MainThread] [deprecation/deprecation.py:161]: [DEPRECATED] GalleryConfig: 'lazy_load_delay' - No longer supported and can be removed from the config.
2026-09-20 18:49:34,182 [WARNING] [MainThread] [deprecation/deprecation.py:161]: [DEPRECATED] GalleryConfig: 'lazy_load_fadein' - No longer supported and can be removed from the config.
2026-09-20 18:49:34,182 [WARNING] [MainThread] [deprecation/deprecation.py:161]: [DEPRECATED] GalleryConfig: 'enable_cache' - No longer supported and can be removed from the config.
2026-09-20 18:49:34,773 [INFO] [MainThread] [root/service.py:41]: AudioInputService starting...
2026-09-20 18:49:34,809 [WARNING] [MainThread] [deprecation/deprecation.py:165]: [DEPRECATED] VolumeConfig: 'volume_icons' renamed to 'icons' - Use 'icons' with the dictionary format instead.
2026-09-20 18:49:34,826 [INFO] [MainThread] [root/service.py:52]: AudioOutputService starting...
2026-09-20 18:49:35,046 [WARNING] [MainThread] [root/bar_manager.py:172]: Screen '\\.\DISPLAY2' from config not found among connected screens.
2026-09-20 18:49:35,047 [INFO] [MainThread] [root/bar_manager.py:103]: Starting KomorebiEventListener...
2026-09-20 18:49:35,047 [INFO] [MainThread] [root/bar_manager.py:103]: Starting SystemEventListener...
2026-09-20 18:49:35,048 [ERROR] [MainThread] [root/css_processor.py:47]: CSSProcessor Error 'c:\users\daeyu\.cache\wal\colors.css': [Errno 2] No such file or directory: 'c:\\users\\daeyu\\.cache\\wal\\colors.css'
2026-09-20 18:49:35,049 [INFO] [MainThread] [root/watcher.py:65]: Watching directory: c:\users\daeyu\.config\yasb
2026-09-20 18:49:35,049 [INFO] [MainThread] [root/watcher.py:104]: Created file watcher
2026-09-20 18:49:35,111 [INFO] [Dummy-8] [root/event_listener.py:54]: Created named pipe yasb-ec598a01-b4f5-11f1-b983-b4b5b698724c
2026-09-20 18:49:35,133 [INFO] [MainThread] [root/update_service.py:434]: Background update checker started
2026-09-20 18:49:35,597 [INFO] [Dummy-8] [root/event_listener.py:147]: Komorebi connected to named pipe: yasb-ec598a01-b4f5-11f1-b983-b4b5b698724c
2026-09-20 18:52:28,975 [INFO] [MainThread] [root/controller.py:21]: Reloading Application from tray...
2026-09-20 18:52:29,079 [INFO] [MainThread] [cli_server/cli_server.py:114]: Log pipe server stopped
2026-09-20 18:52:29,263 [INFO] [MainThread] [root/bar_manager.py:119]: Stopping KomorebiEventListener...
2026-09-20 18:52:29,265 [INFO] [MainThread] [root/bar_manager.py:119]: Stopping SystemEventListener...
2026-09-20 18:52:29,847 [INFO] [MainThread] [root/log.py:103]: YASB v2.0.7
2026-09-20 18:52:29,848 [INFO] [CLIPipeServer] [cli_server/cli_server.py:216]: CLI server started v1.1.7
2026-09-20 18:52:29,848 [INFO] [MainThread] [cli_server/cli_server.py:106]: Log pipe server started
2026-09-20 18:52:29,893 [WARNING] [MainThread] [deprecation/deprecation.py:161]: [DEPRECATED] BarAlignment: 'center' - Use 'align' instead.
2026-09-20 18:52:29,893 [WARNING] [MainThread] [deprecation/deprecation.py:161]: [DEPRECATED] BarBlurEffect: 'acrylic' - No longer supported and can be removed from the config.
2026-09-20 18:52:29,893 [WARNING] [MainThread] [deprecation/deprecation.py:161]: [DEPRECATED] BarAlignment: 'center' - Use 'align' instead.
2026-09-20 18:52:29,893 [WARNING] [MainThread] [deprecation/deprecation.py:161]: [DEPRECATED] BarBlurEffect: 'acrylic' - No longer supported and can be removed from the config.
2026-09-20 18:52:29,894 [ERROR] [MainThread] [root/css_processor.py:47]: CSSProcessor Error 'C:\Users\daeyu\.cache\wal\colors.css': [Errno 2] No such file or directory: 'C:\\Users\\daeyu\\.cache\\wal\\colors.css'
2026-09-20 18:52:29,907 [WARNING] [MainThread] [root/bar_manager.py:151]: Screen '\\.\DISPLAY2' from config not found among connected screens.
2026-09-20 18:52:29,954 [WARNING] [MainThread] [deprecation/deprecation.py:161]: [DEPRECATED] KomorebiWorkspacesConfig: 'animation' - Use CSS animations instead.
2026-09-20 18:52:29,954 [WARNING] [MainThread] [deprecation/deprecation.py:161]: [DEPRECATED] KomorebiWorkspacesConfig: 'container_padding' - Use CSS padding instead.
2026-09-20 18:52:29,959 [WARNING] [MainThread] [deprecation/deprecation.py:161]: [DEPRECATED] ActiveLayoutConfig: 'container_padding' - Use CSS padding instead.
2026-09-20 18:52:29,959 [WARNING] [MainThread] [deprecation/deprecation.py:165]: [DEPRECATED] ActiveLayoutIconsConfig: 'maximised' renamed to 'maximized' - Use 'maximized' instead.
2026-09-20 18:52:29,998 [WARNING] [MainThread] [deprecation/deprecation.py:161]: [DEPRECATED] GalleryConfig: 'enabled' - No longer supported and can be removed from the config.
2026-09-20 18:52:29,998 [WARNING] [MainThread] [deprecation/deprecation.py:161]: [DEPRECATED] GalleryConfig: 'blur' - No longer supported and can be removed from the config.
2026-09-20 18:52:29,998 [WARNING] [MainThread] [deprecation/deprecation.py:161]: [DEPRECATED] GalleryConfig: 'image_per_page' - No longer supported and can be removed from the config.
2026-09-20 18:52:29,998 [WARNING] [MainThread] [deprecation/deprecation.py:161]: [DEPRECATED] GalleryConfig: 'show_buttons' - No longer supported and can be removed from the config.
2026-09-20 18:52:29,998 [WARNING] [MainThread] [deprecation/deprecation.py:161]: [DEPRECATED] GalleryConfig: 'image_spacing' - No longer supported and can be removed from the config.
2026-09-20 18:52:29,998 [WARNING] [MainThread] [deprecation/deprecation.py:161]: [DEPRECATED] GalleryConfig: 'lazy_load' - No longer supported and can be removed from the config.
2026-09-20 18:52:29,998 [WARNING] [MainThread] [deprecation/deprecation.py:161]: [DEPRECATED] GalleryConfig: 'lazy_load_delay' - No longer supported and can be removed from the config.
2026-09-20 18:52:29,998 [WARNING] [MainThread] [deprecation/deprecation.py:161]: [DEPRECATED] GalleryConfig: 'lazy_load_fadein' - No longer supported and can be removed from the config.
2026-09-20 18:52:29,998 [WARNING] [MainThread] [deprecation/deprecation.py:161]: [DEPRECATED] GalleryConfig: 'enable_cache' - No longer supported and can be removed from the config.
2026-09-20 18:52:30,481 [INFO] [MainThread] [root/service.py:41]: AudioInputService starting...
2026-09-20 18:52:30,523 [WARNING] [MainThread] [deprecation/deprecation.py:165]: [DEPRECATED] VolumeConfig: 'volume_icons' renamed to 'icons' - Use 'icons' with the dictionary format instead.
2026-09-20 18:52:30,539 [INFO] [MainThread] [root/service.py:52]: AudioOutputService starting...
2026-09-20 18:52:30,685 [WARNING] [MainThread] [root/bar_manager.py:172]: Screen '\\.\DISPLAY2' from config not found among connected screens.
2026-09-20 18:52:30,685 [INFO] [MainThread] [root/bar_manager.py:103]: Starting SystemEventListener...
2026-09-20 18:52:30,686 [INFO] [MainThread] [root/bar_manager.py:103]: Starting KomorebiEventListener...
2026-09-20 18:52:30,687 [ERROR] [MainThread] [root/css_processor.py:47]: CSSProcessor Error 'c:\users\daeyu\.cache\wal\colors.css': [Errno 2] No such file or directory: 'c:\\users\\daeyu\\.cache\\wal\\colors.css'
2026-09-20 18:52:30,688 [INFO] [MainThread] [root/watcher.py:65]: Watching directory: c:\users\daeyu\.config\yasb
2026-09-20 18:52:30,688 [INFO] [MainThread] [root/watcher.py:104]: Created file watcher
2026-09-20 18:52:30,688 [INFO] [Dummy-8] [root/event_listener.py:54]: Created named pipe yasb-5509e237-b4f6-11f1-85e2-b4b5b698724c
2026-09-20 18:52:30,842 [INFO] [MainThread] [root/update_service.py:434]: Background update checker started
2026-09-20 18:52:31,162 [INFO] [Dummy-8] [root/event_listener.py:147]: Komorebi connected to named pipe: yasb-5509e237-b4f6-11f1-85e2-b4b5b698724c
2026-09-20 18:53:40,688 [INFO] [MainThread] [root/controller.py:43]: Exiting Application from tray...
2026-09-20 18:53:40,799 [INFO] [MainThread] [cli_server/cli_server.py:114]: Log pipe server stopped
2026-09-20 18:53:40,999 [INFO] [MainThread] [root/bar_manager.py:119]: Stopping SystemEventListener...
2026-09-20 18:53:41,005 [INFO] [MainThread] [root/bar_manager.py:119]: Stopping KomorebiEventListener...
2026-09-20 18:54:49,482 [INFO] [MainThread] [root/log.py:103]: YASB v2.0.7
2026-09-20 18:54:49,482 [INFO] [CLIPipeServer] [cli_server/cli_server.py:216]: CLI server started v1.1.7
2026-09-20 18:54:49,483 [INFO] [MainThread] [cli_server/cli_server.py:106]: Log pipe server started
2026-09-20 18:54:49,525 [WARNING] [MainThread] [deprecation/deprecation.py:161]: [DEPRECATED] BarAlignment: 'center' - Use 'align' instead.
2026-09-20 18:54:49,526 [WARNING] [MainThread] [deprecation/deprecation.py:161]: [DEPRECATED] BarBlurEffect: 'acrylic' - No longer supported and can be removed from the config.
2026-09-20 18:54:49,526 [WARNING] [MainThread] [deprecation/deprecation.py:161]: [DEPRECATED] BarAlignment: 'center' - Use 'align' instead.
2026-09-20 18:54:49,526 [WARNING] [MainThread] [deprecation/deprecation.py:161]: [DEPRECATED] BarBlurEffect: 'acrylic' - No longer supported and can be removed from the config.
2026-09-20 18:54:49,534 [ERROR] [MainThread] [root/css_processor.py:47]: CSSProcessor Error 'C:\Users\daeyu\.cache\wal\colors.css': [Errno 2] No such file or directory: 'C:\\Users\\daeyu\\.cache\\wal\\colors.css'
2026-09-20 18:54:49,547 [WARNING] [MainThread] [root/bar_manager.py:151]: Screen '\\.\DISPLAY2' from config not found among connected screens.
2026-09-20 18:54:49,592 [WARNING] [MainThread] [deprecation/deprecation.py:161]: [DEPRECATED] KomorebiWorkspacesConfig: 'animation' - Use CSS animations instead.
2026-09-20 18:54:49,592 [WARNING] [MainThread] [deprecation/deprecation.py:161]: [DEPRECATED] KomorebiWorkspacesConfig: 'container_padding' - Use CSS padding instead.
2026-09-20 18:54:49,597 [WARNING] [MainThread] [deprecation/deprecation.py:161]: [DEPRECATED] ActiveLayoutConfig: 'container_padding' - Use CSS padding instead.
2026-09-20 18:54:49,598 [WARNING] [MainThread] [deprecation/deprecation.py:165]: [DEPRECATED] ActiveLayoutIconsConfig: 'maximised' renamed to 'maximized' - Use 'maximized' instead.
2026-09-20 18:54:49,639 [WARNING] [MainThread] [deprecation/deprecation.py:161]: [DEPRECATED] GalleryConfig: 'enabled' - No longer supported and can be removed from the config.
2026-09-20 18:54:49,639 [WARNING] [MainThread] [deprecation/deprecation.py:161]: [DEPRECATED] GalleryConfig: 'blur' - No longer supported and can be removed from the config.
2026-09-20 18:54:49,639 [WARNING] [MainThread] [deprecation/deprecation.py:161]: [DEPRECATED] GalleryConfig: 'image_per_page' - No longer supported and can be removed from the config.
2026-09-20 18:54:49,639 [WARNING] [MainThread] [deprecation/deprecation.py:161]: [DEPRECATED] GalleryConfig: 'show_buttons' - No longer supported and can be removed from the config.
2026-09-20 18:54:49,639 [WARNING] [MainThread] [deprecation/deprecation.py:161]: [DEPRECATED] GalleryConfig: 'image_spacing' - No longer supported and can be removed from the config.
2026-09-20 18:54:49,639 [WARNING] [MainThread] [deprecation/deprecation.py:161]: [DEPRECATED] GalleryConfig: 'lazy_load' - No longer supported and can be removed from the config.
2026-09-20 18:54:49,639 [WARNING] [MainThread] [deprecation/deprecation.py:161]: [DEPRECATED] GalleryConfig: 'lazy_load_delay' - No longer supported and can be removed from the config.
2026-09-20 18:54:49,639 [WARNING] [MainThread] [deprecation/deprecation.py:161]: [DEPRECATED] GalleryConfig: 'lazy_load_fadein' - No longer supported and can be removed from the config.
2026-09-20 18:54:49,639 [WARNING] [MainThread] [deprecation/deprecation.py:161]: [DEPRECATED] GalleryConfig: 'enable_cache' - No longer supported and can be removed from the config.
2026-09-20 18:54:49,889 [INFO] [MainThread] [root/service.py:41]: AudioInputService starting...
2026-09-20 18:54:49,931 [WARNING] [MainThread] [deprecation/deprecation.py:165]: [DEPRECATED] VolumeConfig: 'volume_icons' renamed to 'icons' - Use 'icons' with the dictionary format instead.
2026-09-20 18:54:49,946 [INFO] [MainThread] [root/service.py:52]: AudioOutputService starting...
2026-09-20 18:54:50,505 [WARNING] [MainThread] [root/bar_manager.py:172]: Screen '\\.\DISPLAY2' from config not found among connected screens.
2026-09-20 18:54:50,506 [INFO] [MainThread] [root/bar_manager.py:103]: Starting KomorebiEventListener...
2026-09-20 18:54:50,506 [INFO] [MainThread] [root/bar_manager.py:103]: Starting SystemEventListener...
2026-09-20 18:54:50,507 [ERROR] [MainThread] [root/css_processor.py:47]: CSSProcessor Error 'c:\users\daeyu\.cache\wal\colors.css': [Errno 2] No such file or directory: 'c:\\users\\daeyu\\.cache\\wal\\colors.css'
2026-09-20 18:54:50,508 [INFO] [MainThread] [root/watcher.py:65]: Watching directory: c:\users\daeyu\.config\yasb
2026-09-20 18:54:50,508 [INFO] [Dummy-8] [root/event_listener.py:54]: Created named pipe yasb-a860c238-b4f6-11f1-bd59-b4b5b698724c
2026-09-20 18:54:50,508 [INFO] [MainThread] [root/watcher.py:104]: Created file watcher
2026-09-20 18:54:50,531 [INFO] [MainThread] [root/update_service.py:434]: Background update checker started
2026-09-20 18:54:50,627 [INFO] [Dummy-8] [root/event_listener.py:147]: Komorebi connected to named pipe: yasb-a860c238-b4f6-11f1-bd59-b4b5b698724c
2026-09-20 19:06:12,309 [WARNING] [Dummy-8] [root/event_listener.py:95]: Pipe has been ended: (109, 'PeekNamedPipe', 'The pipe has been ended.')
2026-09-20 19:06:12,310 [INFO] [Dummy-8] [root/event_listener.py:107]: Attempting to reconnect to Komorebi...
2026-09-20 19:06:15,318 [INFO] [Dummy-8] [root/event_listener.py:54]: Created named pipe yasb-a860c238-b4f6-11f1-bd59-b4b5b698724c
2026-09-20 19:06:15,439 [WARNING] [Dummy-8] [root/event_listener.py:134]: Komorebi failed to subscribe named pipe. Komorebi is not running, please start Komorebi.
2026-09-20 19:10:30,588 [INFO] [Dummy-8] [root/event_listener.py:147]: Komorebi connected to named pipe: yasb-a860c238-b4f6-11f1-bd59-b4b5b698724c
2026-09-20 19:18:57,613 [INFO] [MainThread] [root/controller.py:43]: Exiting Application from tray...
2026-09-20 19:18:57,721 [INFO] [MainThread] [cli_server/cli_server.py:114]: Log pipe server stopped
2026-09-20 19:18:57,908 [INFO] [MainThread] [root/bar_manager.py:119]: Stopping KomorebiEventListener...
2026-09-20 19:18:57,912 [INFO] [MainThread] [root/bar_manager.py:119]: Stopping SystemEventListener...
2026-09-20 21:57:03,601 [INFO] [MainThread] [root/log.py:103]: YASB v2.0.7
2026-09-20 21:57:03,603 [INFO] [CLIPipeServer] [cli_server/cli_server.py:216]: CLI server started v1.1.7
2026-09-20 21:57:03,604 [INFO] [MainThread] [cli_server/cli_server.py:106]: Log pipe server started
2026-09-20 21:57:03,856 [WARNING] [MainThread] [deprecation/deprecation.py:161]: [DEPRECATED] BarAlignment: 'center' - Use 'align' instead.
2026-09-20 21:57:03,857 [WARNING] [MainThread] [deprecation/deprecation.py:161]: [DEPRECATED] BarBlurEffect: 'acrylic' - No longer supported and can be removed from the config.
2026-09-20 21:57:03,858 [WARNING] [MainThread] [deprecation/deprecation.py:161]: [DEPRECATED] BarAlignment: 'center' - Use 'align' instead.
2026-09-20 21:57:03,858 [WARNING] [MainThread] [deprecation/deprecation.py:161]: [DEPRECATED] BarBlurEffect: 'acrylic' - No longer supported and can be removed from the config.
2026-09-20 21:57:04,055 [WARNING] [MainThread] [root/bar_manager.py:151]: Screen '\\.\DISPLAY2' from config not found among connected screens.
2026-09-20 21:57:04,496 [WARNING] [MainThread] [deprecation/deprecation.py:161]: [DEPRECATED] KomorebiWorkspacesConfig: 'animation' - Use CSS animations instead.
2026-09-20 21:57:04,496 [WARNING] [MainThread] [deprecation/deprecation.py:161]: [DEPRECATED] KomorebiWorkspacesConfig: 'container_padding' - Use CSS padding instead.
2026-09-20 21:57:04,512 [WARNING] [MainThread] [deprecation/deprecation.py:161]: [DEPRECATED] ActiveLayoutConfig: 'container_padding' - Use CSS padding instead.
2026-09-20 21:57:04,512 [WARNING] [MainThread] [deprecation/deprecation.py:165]: [DEPRECATED] ActiveLayoutIconsConfig: 'maximised' renamed to 'maximized' - Use 'maximized' instead.
2026-09-20 21:57:04,661 [WARNING] [MainThread] [deprecation/deprecation.py:161]: [DEPRECATED] GalleryConfig: 'enabled' - No longer supported and can be removed from the config.
2026-09-20 21:57:04,661 [WARNING] [MainThread] [deprecation/deprecation.py:161]: [DEPRECATED] GalleryConfig: 'blur' - No longer supported and can be removed from the config.
2026-09-20 21:57:04,661 [WARNING] [MainThread] [deprecation/deprecation.py:161]: [DEPRECATED] GalleryConfig: 'image_per_page' - No longer supported and can be removed from the config.
2026-09-20 21:57:04,662 [WARNING] [MainThread] [deprecation/deprecation.py:161]: [DEPRECATED] GalleryConfig: 'show_buttons' - No longer supported and can be removed from the config.
2026-09-20 21:57:04,662 [WARNING] [MainThread] [deprecation/deprecation.py:161]: [DEPRECATED] GalleryConfig: 'image_spacing' - No longer supported and can be removed from the config.
2026-09-20 21:57:04,662 [WARNING] [MainThread] [deprecation/deprecation.py:161]: [DEPRECATED] GalleryConfig: 'lazy_load' - No longer supported and can be removed from the config.
2026-09-20 21:57:04,662 [WARNING] [MainThread] [deprecation/deprecation.py:161]: [DEPRECATED] GalleryConfig: 'lazy_load_delay' - No longer supported and can be removed from the config.
2026-09-20 21:57:04,662 [WARNING] [MainThread] [deprecation/deprecation.py:161]: [DEPRECATED] GalleryConfig: 'lazy_load_fadein' - No longer supported and can be removed from the config.
2026-09-20 21:57:04,662 [WARNING] [MainThread] [deprecation/deprecation.py:161]: [DEPRECATED] GalleryConfig: 'enable_cache' - No longer supported and can be removed from the config.
2026-09-20 21:57:07,947 [INFO] [MainThread] [root/service.py:41]: AudioInputService starting...
2026-09-20 21:57:08,163 [WARNING] [MainThread] [deprecation/deprecation.py:165]: [DEPRECATED] VolumeConfig: 'volume_icons' renamed to 'icons' - Use 'icons' with the dictionary format instead.
2026-09-20 21:57:08,219 [INFO] [MainThread] [root/service.py:52]: AudioOutputService starting...
2026-09-20 21:57:08,704 [WARNING] [MainThread] [root/bar_manager.py:172]: Screen '\\.\DISPLAY2' from config not found among connected screens.
2026-09-20 21:57:08,706 [INFO] [MainThread] [root/bar_manager.py:103]: Starting KomorebiEventListener...
2026-09-20 21:57:08,709 [INFO] [MainThread] [root/bar_manager.py:103]: Starting SystemEventListener...
2026-09-20 21:57:08,715 [INFO] [MainThread] [root/watcher.py:65]: Watching directory: c:\users\daeyu\.config\yasb
2026-09-20 21:57:08,715 [INFO] [MainThread] [root/watcher.py:104]: Created file watcher
2026-09-20 21:57:08,717 [INFO] [Dummy-8] [root/event_listener.py:54]: Created named pipe yasb-200df66b-b510-11f1-99c2-b4b5b698724c
2026-09-20 21:57:09,260 [INFO] [MainThread] [root/update_service.py:434]: Background update checker started
2026-09-20 21:57:09,417 [WARNING] [Dummy-8] [root/event_listener.py:134]: Komorebi failed to subscribe named pipe. Komorebi is not running, please start Komorebi.
2026-09-20 23:24:01,518 [INFO] [MainThread] [root/bar_manager.py:119]: Stopping KomorebiEventListener...
2026-09-20 23:24:01,693 [INFO] [MainThread] [root/bar_manager.py:119]: Stopping SystemEventListener...
2026-09-21 08:44:22,890 [INFO] [MainThread] [root/log.py:103]: YASB v2.0.7
2026-09-21 08:44:22,894 [INFO] [CLIPipeServer] [cli_server/cli_server.py:216]: CLI server started v1.1.7
2026-09-21 08:44:22,897 [INFO] [MainThread] [cli_server/cli_server.py:106]: Log pipe server started
2026-09-21 08:44:23,148 [WARNING] [MainThread] [deprecation/deprecation.py:161]: [DEPRECATED] BarAlignment: 'center' - Use 'align' instead.
2026-09-21 08:44:23,149 [WARNING] [MainThread] [deprecation/deprecation.py:161]: [DEPRECATED] BarBlurEffect: 'acrylic' - No longer supported and can be removed from the config.
2026-09-21 08:44:23,149 [WARNING] [MainThread] [deprecation/deprecation.py:161]: [DEPRECATED] BarAlignment: 'center' - Use 'align' instead.
2026-09-21 08:44:23,149 [WARNING] [MainThread] [deprecation/deprecation.py:161]: [DEPRECATED] BarBlurEffect: 'acrylic' - No longer supported and can be removed from the config.
2026-09-21 08:44:23,278 [WARNING] [MainThread] [root/bar_manager.py:151]: Screen '\\.\DISPLAY2' from config not found among connected screens.
2026-09-21 08:44:23,931 [WARNING] [MainThread] [deprecation/deprecation.py:161]: [DEPRECATED] KomorebiWorkspacesConfig: 'animation' - Use CSS animations instead.
2026-09-21 08:44:23,931 [WARNING] [MainThread] [deprecation/deprecation.py:161]: [DEPRECATED] KomorebiWorkspacesConfig: 'container_padding' - Use CSS padding instead.
2026-09-21 08:44:23,953 [WARNING] [MainThread] [deprecation/deprecation.py:161]: [DEPRECATED] ActiveLayoutConfig: 'container_padding' - Use CSS padding instead.
2026-09-21 08:44:23,954 [WARNING] [MainThread] [deprecation/deprecation.py:165]: [DEPRECATED] ActiveLayoutIconsConfig: 'maximised' renamed to 'maximized' - Use 'maximized' instead.
2026-09-21 08:44:24,253 [WARNING] [MainThread] [deprecation/deprecation.py:161]: [DEPRECATED] GalleryConfig: 'enabled' - No longer supported and can be removed from the config.
2026-09-21 08:44:24,254 [WARNING] [MainThread] [deprecation/deprecation.py:161]: [DEPRECATED] GalleryConfig: 'blur' - No longer supported and can be removed from the config.
2026-09-21 08:44:24,254 [WARNING] [MainThread] [deprecation/deprecation.py:161]: [DEPRECATED] GalleryConfig: 'image_per_page' - No longer supported and can be removed from the config.
2026-09-21 08:44:24,254 [WARNING] [MainThread] [deprecation/deprecation.py:161]: [DEPRECATED] GalleryConfig: 'show_buttons' - No longer supported and can be removed from the config.
2026-09-21 08:44:24,254 [WARNING] [MainThread] [deprecation/deprecation.py:161]: [DEPRECATED] GalleryConfig: 'image_spacing' - No longer supported and can be removed from the config.
2026-09-21 08:44:24,254 [WARNING] [MainThread] [deprecation/deprecation.py:161]: [DEPRECATED] GalleryConfig: 'lazy_load' - No longer supported and can be removed from the config.
2026-09-21 08:44:24,254 [WARNING] [MainThread] [deprecation/deprecation.py:161]: [DEPRECATED] GalleryConfig: 'lazy_load_delay' - No longer supported and can be removed from the config.
2026-09-21 08:44:24,254 [WARNING] [MainThread] [deprecation/deprecation.py:161]: [DEPRECATED] GalleryConfig: 'lazy_load_fadein' - No longer supported and can be removed from the config.
2026-09-21 08:44:24,254 [WARNING] [MainThread] [deprecation/deprecation.py:161]: [DEPRECATED] GalleryConfig: 'enable_cache' - No longer supported and can be removed from the config.
2026-09-21 08:44:29,039 [INFO] [MainThread] [root/service.py:41]: AudioInputService starting...
2026-09-21 08:44:29,253 [WARNING] [MainThread] [deprecation/deprecation.py:165]: [DEPRECATED] VolumeConfig: 'volume_icons' renamed to 'icons' - Use 'icons' with the dictionary format instead.
2026-09-21 08:44:29,280 [INFO] [MainThread] [root/service.py:52]: AudioOutputService starting...
2026-09-21 08:44:29,719 [WARNING] [MainThread] [root/bar_manager.py:172]: Screen '\\.\DISPLAY2' from config not found among connected screens.
2026-09-21 08:44:29,721 [INFO] [MainThread] [root/bar_manager.py:103]: Starting SystemEventListener...
2026-09-21 08:44:29,722 [INFO] [MainThread] [root/bar_manager.py:103]: Starting KomorebiEventListener...
2026-09-21 08:44:29,729 [INFO] [Dummy-6] [root/event_listener.py:54]: Created named pipe yasb-8f1a999b-b56a-11f1-9004-b4b5b698724c
2026-09-21 08:44:29,732 [INFO] [MainThread] [root/watcher.py:65]: Watching directory: c:\users\daeyu\.config\yasb
2026-09-21 08:44:29,733 [INFO] [MainThread] [root/watcher.py:104]: Created file watcher
2026-09-21 08:44:29,854 [INFO] [MainThread] [root/update_service.py:434]: Background update checker started
2026-09-21 08:44:31,103 [INFO] [Dummy-6] [root/event_listener.py:147]: Komorebi connected to named pipe: yasb-8f1a999b-b56a-11f1-9004-b4b5b698724c
2026-09-21 09:04:34,939 [INFO] [MainThread] [root/controller.py:21]: Reloading Application from tray...
2026-09-21 09:04:35,057 [INFO] [MainThread] [cli_server/cli_server.py:114]: Log pipe server stopped
2026-09-21 09:04:35,720 [INFO] [MainThread] [root/bar_manager.py:119]: Stopping SystemEventListener...
2026-09-21 09:04:35,768 [INFO] [MainThread] [root/bar_manager.py:119]: Stopping KomorebiEventListener...
2026-09-21 09:04:37,663 [INFO] [MainThread] [root/log.py:103]: YASB v2.0.7
2026-09-21 09:04:37,664 [INFO] [CLIPipeServer] [cli_server/cli_server.py:216]: CLI server started v1.1.7
2026-09-21 09:04:37,665 [INFO] [MainThread] [cli_server/cli_server.py:106]: Log pipe server started
2026-09-21 09:04:37,798 [WARNING] [MainThread] [deprecation/deprecation.py:161]: [DEPRECATED] BarAlignment: 'center' - Use 'align' instead.
2026-09-21 09:04:37,799 [WARNING] [MainThread] [deprecation/deprecation.py:161]: [DEPRECATED] BarBlurEffect: 'acrylic' - No longer supported and can be removed from the config.
2026-09-21 09:04:37,799 [WARNING] [MainThread] [deprecation/deprecation.py:161]: [DEPRECATED] BarAlignment: 'center' - Use 'align' instead.
2026-09-21 09:04:37,799 [WARNING] [MainThread] [deprecation/deprecation.py:161]: [DEPRECATED] BarBlurEffect: 'acrylic' - No longer supported and can be removed from the config.
2026-09-21 09:04:37,881 [WARNING] [MainThread] [root/bar_manager.py:151]: Screen '\\.\DISPLAY2' from config not found among connected screens.
2026-09-21 09:04:38,267 [WARNING] [MainThread] [deprecation/deprecation.py:161]: [DEPRECATED] KomorebiWorkspacesConfig: 'animation' - Use CSS animations instead.
2026-09-21 09:04:38,267 [WARNING] [MainThread] [deprecation/deprecation.py:161]: [DEPRECATED] KomorebiWorkspacesConfig: 'container_padding' - Use CSS padding instead.
2026-09-21 09:04:38,281 [WARNING] [MainThread] [deprecation/deprecation.py:161]: [DEPRECATED] ActiveLayoutConfig: 'container_padding' - Use CSS padding instead.
2026-09-21 09:04:38,281 [WARNING] [MainThread] [deprecation/deprecation.py:165]: [DEPRECATED] ActiveLayoutIconsConfig: 'maximised' renamed to 'maximized' - Use 'maximized' instead.
2026-09-21 09:04:38,422 [WARNING] [MainThread] [deprecation/deprecation.py:161]: [DEPRECATED] GalleryConfig: 'enabled' - No longer supported and can be removed from the config.
2026-09-21 09:04:38,423 [WARNING] [MainThread] [deprecation/deprecation.py:161]: [DEPRECATED] GalleryConfig: 'blur' - No longer supported and can be removed from the config.
2026-09-21 09:04:38,423 [WARNING] [MainThread] [deprecation/deprecation.py:161]: [DEPRECATED] GalleryConfig: 'image_per_page' - No longer supported and can be removed from the config.
2026-09-21 09:04:38,423 [WARNING] [MainThread] [deprecation/deprecation.py:161]: [DEPRECATED] GalleryConfig: 'show_buttons' - No longer supported and can be removed from the config.
2026-09-21 09:04:38,423 [WARNING] [MainThread] [deprecation/deprecation.py:161]: [DEPRECATED] GalleryConfig: 'image_spacing' - No longer supported and can be removed from the config.
2026-09-21 09:04:38,423 [WARNING] [MainThread] [deprecation/deprecation.py:161]: [DEPRECATED] GalleryConfig: 'lazy_load' - No longer supported and can be removed from the config.
2026-09-21 09:04:38,423 [WARNING] [MainThread] [deprecation/deprecation.py:161]: [DEPRECATED] GalleryConfig: 'lazy_load_delay' - No longer supported and can be removed from the config.
2026-09-21 09:04:38,423 [WARNING] [MainThread] [deprecation/deprecation.py:161]: [DEPRECATED] GalleryConfig: 'lazy_load_fadein' - No longer supported and can be removed from the config.
2026-09-21 09:04:38,423 [WARNING] [MainThread] [deprecation/deprecation.py:161]: [DEPRECATED] GalleryConfig: 'enable_cache' - No longer supported and can be removed from the config.
2026-09-21 09:04:40,582 [INFO] [MainThread] [root/service.py:41]: AudioInputService starting...
2026-09-21 09:04:40,728 [WARNING] [MainThread] [deprecation/deprecation.py:165]: [DEPRECATED] VolumeConfig: 'volume_icons' renamed to 'icons' - Use 'icons' with the dictionary format instead.
2026-09-21 09:04:40,754 [INFO] [MainThread] [root/service.py:52]: AudioOutputService starting...
2026-09-21 09:04:41,153 [WARNING] [MainThread] [root/bar_manager.py:172]: Screen '\\.\DISPLAY2' from config not found among connected screens.
2026-09-21 09:04:41,155 [INFO] [MainThread] [root/bar_manager.py:103]: Starting SystemEventListener...
2026-09-21 09:04:41,155 [INFO] [MainThread] [root/bar_manager.py:103]: Starting KomorebiEventListener...
2026-09-21 09:04:41,162 [INFO] [MainThread] [root/watcher.py:65]: Watching directory: c:\users\daeyu\.config\yasb
2026-09-21 09:04:41,162 [INFO] [MainThread] [root/watcher.py:104]: Created file watcher
2026-09-21 09:04:41,276 [INFO] [Dummy-8] [root/event_listener.py:54]: Created named pipe yasb-612c702f-b56d-11f1-a4b2-b4b5b698724c
2026-09-21 09:04:41,309 [INFO] [MainThread] [root/update_service.py:434]: Background update checker started
2026-09-21 09:04:42,334 [INFO] [Dummy-8] [root/event_listener.py:147]: Komorebi connected to named pipe: yasb-612c702f-b56d-11f1-a4b2-b4b5b698724c
2026-09-21 09:50:31,578 [INFO] [MainThread] [root/controller.py:21]: Reloading Application from tray...
2026-09-21 09:50:31,687 [INFO] [MainThread] [cli_server/cli_server.py:114]: Log pipe server stopped
2026-09-21 09:50:32,311 [INFO] [MainThread] [root/bar_manager.py:119]: Stopping SystemEventListener...
2026-09-21 09:50:32,349 [INFO] [MainThread] [root/bar_manager.py:119]: Stopping KomorebiEventListener...
2026-09-21 09:50:34,115 [INFO] [MainThread] [root/log.py:103]: YASB v2.0.7
2026-09-21 09:50:34,116 [INFO] [CLIPipeServer] [cli_server/cli_server.py:216]: CLI server started v1.1.7
2026-09-21 09:50:34,116 [INFO] [MainThread] [cli_server/cli_server.py:106]: Log pipe server started
2026-09-21 09:50:34,249 [WARNING] [MainThread] [deprecation/deprecation.py:161]: [DEPRECATED] BarAlignment: 'center' - Use 'align' instead.
2026-09-21 09:50:34,250 [WARNING] [MainThread] [deprecation/deprecation.py:161]: [DEPRECATED] BarBlurEffect: 'acrylic' - No longer supported and can be removed from the config.
2026-09-21 09:50:34,250 [WARNING] [MainThread] [deprecation/deprecation.py:161]: [DEPRECATED] BarAlignment: 'center' - Use 'align' instead.
2026-09-21 09:50:34,250 [WARNING] [MainThread] [deprecation/deprecation.py:161]: [DEPRECATED] BarBlurEffect: 'acrylic' - No longer supported and can be removed from the config.
2026-09-21 09:50:34,348 [WARNING] [MainThread] [root/bar_manager.py:151]: Screen '\\.\DISPLAY2' from config not found among connected screens.
2026-09-21 09:50:34,529 [WARNING] [MainThread] [deprecation/deprecation.py:161]: [DEPRECATED] KomorebiWorkspacesConfig: 'animation' - Use CSS animations instead.
2026-09-21 09:50:34,529 [WARNING] [MainThread] [deprecation/deprecation.py:161]: [DEPRECATED] KomorebiWorkspacesConfig: 'container_padding' - Use CSS padding instead.
2026-09-21 09:50:34,548 [WARNING] [MainThread] [deprecation/deprecation.py:161]: [DEPRECATED] ActiveLayoutConfig: 'container_padding' - Use CSS padding instead.
2026-09-21 09:50:34,549 [WARNING] [MainThread] [deprecation/deprecation.py:165]: [DEPRECATED] ActiveLayoutIconsConfig: 'maximised' renamed to 'maximized' - Use 'maximized' instead.
2026-09-21 09:50:34,676 [WARNING] [MainThread] [deprecation/deprecation.py:161]: [DEPRECATED] GalleryConfig: 'enabled' - No longer supported and can be removed from the config.
2026-09-21 09:50:34,677 [WARNING] [MainThread] [deprecation/deprecation.py:161]: [DEPRECATED] GalleryConfig: 'blur' - No longer supported and can be removed from the config.
2026-09-21 09:50:34,677 [WARNING] [MainThread] [deprecation/deprecation.py:161]: [DEPRECATED] GalleryConfig: 'image_per_page' - No longer supported and can be removed from the config.
2026-09-21 09:50:34,678 [WARNING] [MainThread] [deprecation/deprecation.py:161]: [DEPRECATED] GalleryConfig: 'show_buttons' - No longer supported and can be removed from the config.
2026-09-21 09:50:34,678 [WARNING] [MainThread] [deprecation/deprecation.py:161]: [DEPRECATED] GalleryConfig: 'image_spacing' - No longer supported and can be removed from the config.
2026-09-21 09:50:34,678 [WARNING] [MainThread] [deprecation/deprecation.py:161]: [DEPRECATED] GalleryConfig: 'lazy_load' - No longer supported and can be removed from the config.
2026-09-21 09:50:34,678 [WARNING] [MainThread] [deprecation/deprecation.py:161]: [DEPRECATED] GalleryConfig: 'lazy_load_delay' - No longer supported and can be removed from the config.
2026-09-21 09:50:34,678 [WARNING] [MainThread] [deprecation/deprecation.py:161]: [DEPRECATED] GalleryConfig: 'lazy_load_fadein' - No longer supported and can be removed from the config.
2026-09-21 09:50:34,678 [WARNING] [MainThread] [deprecation/deprecation.py:161]: [DEPRECATED] GalleryConfig: 'enable_cache' - No longer supported and can be removed from the config.
2026-09-21 09:50:36,876 [INFO] [MainThread] [root/service.py:41]: AudioInputService starting...
2026-09-21 09:50:36,966 [WARNING] [MainThread] [deprecation/deprecation.py:165]: [DEPRECATED] VolumeConfig: 'volume_icons' renamed to 'icons' - Use 'icons' with the dictionary format instead.
2026-09-21 09:50:37,010 [INFO] [MainThread] [root/service.py:52]: AudioOutputService starting...
2026-09-21 09:50:37,470 [WARNING] [MainThread] [root/bar_manager.py:172]: Screen '\\.\DISPLAY2' from config not found among connected screens.
2026-09-21 09:50:37,473 [INFO] [MainThread] [root/bar_manager.py:103]: Starting KomorebiEventListener...
2026-09-21 09:50:37,474 [INFO] [MainThread] [root/bar_manager.py:103]: Starting SystemEventListener...
2026-09-21 09:50:37,480 [INFO] [MainThread] [root/watcher.py:65]: Watching directory: c:\users\daeyu\.config\yasb
2026-09-21 09:50:37,481 [INFO] [MainThread] [root/watcher.py:104]: Created file watcher
2026-09-21 09:50:37,481 [INFO] [Dummy-8] [root/event_listener.py:54]: Created named pipe yasb-cc1147ee-b573-11f1-ab93-b4b5b698724c
2026-09-21 09:50:37,614 [INFO] [MainThread] [root/update_service.py:434]: Background update checker started
2026-09-21 09:50:37,938 [INFO] [Dummy-8] [root/event_listener.py:147]: Komorebi connected to named pipe: yasb-cc1147ee-b573-11f1-ab93-b4b5b698724c
2026-09-21 09:50:49,032 [WARNING] [MainThread] [root/manager.py:129]: Invalid image path: C:\Users\rifqi\Documents\wall
2026-09-21 09:50:49,033 [WARNING] [MainThread] [root/manager.py:136]: No wallpapers found in ['C:\\Users\\rifqi\\Documents\\wall']
2026-09-21 09:50:49,659 [WARNING] [MainThread] [root/manager.py:129]: Invalid image path: C:\Users\rifqi\Documents\wall
2026-09-21 09:50:49,660 [WARNING] [MainThread] [root/manager.py:136]: No wallpapers found in ['C:\\Users\\rifqi\\Documents\\wall']
2026-09-21 09:50:50,068 [WARNING] [MainThread] [root/manager.py:129]: Invalid image path: C:\Users\rifqi\Documents\wall
2026-09-21 09:50:50,069 [WARNING] [MainThread] [root/manager.py:136]: No wallpapers found in ['C:\\Users\\rifqi\\Documents\\wall']
2026-09-21 09:50:50,346 [WARNING] [MainThread] [root/manager.py:129]: Invalid image path: C:\Users\rifqi\Documents\wall
2026-09-21 09:50:50,347 [WARNING] [MainThread] [root/manager.py:136]: No wallpapers found in ['C:\\Users\\rifqi\\Documents\\wall']
2026-09-21 10:15:32,843 [INFO] [MainThread] [root/controller.py:21]: Reloading Application from tray...
2026-09-21 10:15:32,957 [INFO] [MainThread] [cli_server/cli_server.py:114]: Log pipe server stopped
2026-09-21 10:15:33,319 [INFO] [MainThread] [root/bar_manager.py:119]: Stopping KomorebiEventListener...
2026-09-21 10:15:33,326 [INFO] [MainThread] [root/bar_manager.py:119]: Stopping SystemEventListener...
2026-09-21 10:15:35,021 [INFO] [MainThread] [root/log.py:103]: YASB v2.0.7
2026-09-21 10:15:35,022 [INFO] [CLIPipeServer] [cli_server/cli_server.py:216]: CLI server started v1.1.7
2026-09-21 10:15:35,022 [INFO] [MainThread] [cli_server/cli_server.py:106]: Log pipe server started
2026-09-21 10:15:35,114 [WARNING] [MainThread] [deprecation/deprecation.py:161]: [DEPRECATED] BarAlignment: 'center' - Use 'align' instead.
2026-09-21 10:15:35,115 [WARNING] [MainThread] [deprecation/deprecation.py:161]: [DEPRECATED] BarBlurEffect: 'acrylic' - No longer supported and can be removed from the config.
2026-09-21 10:15:35,244 [WARNING] [MainThread] [deprecation/deprecation.py:161]: [DEPRECATED] KomorebiWorkspacesConfig: 'animation' - Use CSS animations instead.
2026-09-21 10:15:35,772 [WARNING] [MainThread] [deprecation/deprecation.py:165]: [DEPRECATED] VolumeConfig: 'volume_icons' renamed to 'icons' - Use 'icons' with the dictionary format instead.
2026-09-21 10:15:35,808 [INFO] [MainThread] [root/service.py:52]: AudioOutputService starting...
2026-09-21 10:15:37,472 [INFO] [MainThread] [root/bar_manager.py:103]: Starting KomorebiEventListener...
2026-09-21 10:15:37,473 [INFO] [MainThread] [root/bar_manager.py:103]: Starting SystemEventListener...
2026-09-21 10:15:37,473 [ERROR] [MainThread] [root/widget_builder.py:114]: Failed to validate widget(s) due to invalid options  - weather
      icons:
        snowyIcyDay:
        - Extra inputs are not permitted
        snowyIcyNight:
        - Extra inputs are not permitted
        blizzard:
        - Extra inputs are not permitted
      
2026-09-21 10:15:37,475 [INFO] [Dummy-4] [root/event_listener.py:54]: Created named pipe yasb-4a22dd7b-b577-11f1-af1b-b4b5b698724c
2026-09-21 10:15:37,544 [INFO] [MainThread] [root/watcher.py:65]: Watching directory: c:\users\daeyu\.config\yasb
2026-09-21 10:15:37,545 [INFO] [MainThread] [root/watcher.py:104]: Created file watcher
2026-09-21 10:15:37,615 [INFO] [MainThread] [root/update_service.py:434]: Background update checker started
2026-09-21 10:15:39,136 [INFO] [Dummy-4] [root/event_listener.py:147]: Komorebi connected to named pipe: yasb-4a22dd7b-b577-11f1-af1b-b4b5b698724c
2026-09-21 10:16:38,221 [WARNING] [MainThread] [deprecation/deprecation.py:161]: [DEPRECATED] BarAlignment: 'center' - Use 'align' instead.
2026-09-21 10:16:38,221 [WARNING] [MainThread] [deprecation/deprecation.py:161]: [DEPRECATED] BarBlurEffect: 'acrylic' - No longer supported and can be removed from the config.
2026-09-21 10:16:38,225 [INFO] [MainThread] [root/controller.py:21]: Reloading Application because of config change.
2026-09-21 10:16:38,340 [INFO] [MainThread] [cli_server/cli_server.py:114]: Log pipe server stopped
2026-09-21 10:16:39,688 [INFO] [MainThread] [root/bar_manager.py:93]: Successfully loaded updated config and re-initialised all bars.
2026-09-21 10:16:40,008 [INFO] [MainThread] [root/bar_manager.py:119]: Stopping KomorebiEventListener...
2026-09-21 10:16:40,013 [INFO] [MainThread] [root/bar_manager.py:119]: Stopping SystemEventListener...
2026-09-21 10:16:41,509 [INFO] [MainThread] [root/log.py:103]: YASB v2.0.7
2026-09-21 10:16:41,510 [INFO] [CLIPipeServer] [cli_server/cli_server.py:216]: CLI server started v1.1.7
2026-09-21 10:16:41,512 [INFO] [MainThread] [cli_server/cli_server.py:106]: Log pipe server started
2026-09-21 10:16:41,604 [WARNING] [MainThread] [deprecation/deprecation.py:161]: [DEPRECATED] BarAlignment: 'center' - Use 'align' instead.
2026-09-21 10:16:41,604 [WARNING] [MainThread] [deprecation/deprecation.py:161]: [DEPRECATED] BarBlurEffect: 'acrylic' - No longer supported and can be removed from the config.
2026-09-21 10:16:41,712 [WARNING] [MainThread] [deprecation/deprecation.py:161]: [DEPRECATED] KomorebiWorkspacesConfig: 'animation' - Use CSS animations instead.
2026-09-21 10:16:42,161 [WARNING] [MainThread] [deprecation/deprecation.py:165]: [DEPRECATED] VolumeConfig: 'volume_icons' renamed to 'icons' - Use 'icons' with the dictionary format instead.
2026-09-21 10:16:42,191 [INFO] [MainThread] [root/service.py:52]: AudioOutputService starting...
2026-09-21 10:16:43,343 [INFO] [MainThread] [root/bar_manager.py:103]: Starting SystemEventListener...
2026-09-21 10:16:43,344 [INFO] [MainThread] [root/bar_manager.py:103]: Starting KomorebiEventListener...
2026-09-21 10:16:43,348 [INFO] [Dummy-5] [root/event_listener.py:54]: Created named pipe yasb-716619ee-b577-11f1-9fe6-b4b5b698724c
2026-09-21 10:16:43,349 [INFO] [MainThread] [root/watcher.py:65]: Watching directory: c:\users\daeyu\.config\yasb
2026-09-21 10:16:43,351 [INFO] [MainThread] [root/watcher.py:104]: Created file watcher
2026-09-21 10:16:43,411 [INFO] [MainThread] [root/update_service.py:434]: Background update checker started
2026-09-21 10:16:43,666 [INFO] [Dummy-5] [root/event_listener.py:147]: Komorebi connected to named pipe: yasb-716619ee-b577-11f1-9fe6-b4b5b698724c
2026-09-21 10:16:52,512 [WARNING] [MainThread] [deprecation/deprecation.py:161]: [DEPRECATED] BarAlignment: 'center' - Use 'align' instead.
2026-09-21 10:16:52,514 [WARNING] [MainThread] [deprecation/deprecation.py:161]: [DEPRECATED] BarBlurEffect: 'acrylic' - No longer supported and can be removed from the config.
2026-09-21 10:16:52,515 [INFO] [MainThread] [root/controller.py:21]: Reloading Application because of config change.
2026-09-21 10:16:52,617 [INFO] [MainThread] [cli_server/cli_server.py:114]: Log pipe server stopped
2026-09-21 10:16:52,630 [INFO] [MainThread] [root/bar_manager.py:93]: Successfully loaded updated config and re-initialised all bars.
2026-09-21 10:16:52,857 [INFO] [MainThread] [root/bar_manager.py:119]: Stopping SystemEventListener...
2026-09-21 10:16:52,865 [INFO] [MainThread] [root/bar_manager.py:119]: Stopping KomorebiEventListener...
2026-09-21 10:16:54,202 [INFO] [MainThread] [root/log.py:103]: YASB v2.0.7
2026-09-21 10:16:54,203 [INFO] [CLIPipeServer] [cli_server/cli_server.py:216]: CLI server started v1.1.7
2026-09-21 10:16:54,204 [INFO] [MainThread] [cli_server/cli_server.py:106]: Log pipe server started
2026-09-21 10:16:54,267 [WARNING] [MainThread] [deprecation/deprecation.py:161]: [DEPRECATED] BarAlignment: 'center' - Use 'align' instead.
2026-09-21 10:16:54,268 [WARNING] [MainThread] [deprecation/deprecation.py:161]: [DEPRECATED] BarBlurEffect: 'acrylic' - No longer supported and can be removed from the config.
2026-09-21 10:16:54,350 [WARNING] [MainThread] [deprecation/deprecation.py:161]: [DEPRECATED] KomorebiWorkspacesConfig: 'animation' - Use CSS animations instead.
2026-09-21 10:16:54,775 [WARNING] [MainThread] [deprecation/deprecation.py:165]: [DEPRECATED] VolumeConfig: 'volume_icons' renamed to 'icons' - Use 'icons' with the dictionary format instead.
2026-09-21 10:16:54,819 [INFO] [MainThread] [root/service.py:52]: AudioOutputService starting...
2026-09-21 10:16:56,100 [INFO] [MainThread] [root/bar_manager.py:103]: Starting KomorebiEventListener...
2026-09-21 10:16:56,101 [INFO] [MainThread] [root/bar_manager.py:103]: Starting SystemEventListener...
2026-09-21 10:16:56,102 [INFO] [Dummy-5] [root/event_listener.py:54]: Created named pipe yasb-790094cc-b577-11f1-901e-b4b5b698724c
2026-09-21 10:16:56,103 [INFO] [MainThread] [root/watcher.py:65]: Watching directory: c:\users\daeyu\.config\yasb
2026-09-21 10:16:56,103 [INFO] [MainThread] [root/watcher.py:104]: Created file watcher
2026-09-21 10:16:56,165 [INFO] [MainThread] [root/update_service.py:434]: Background update checker started
2026-09-21 10:16:56,333 [INFO] [Dummy-5] [root/event_listener.py:147]: Komorebi connected to named pipe: yasb-790094cc-b577-11f1-901e-b4b5b698724c
2026-09-21 10:20:00,492 [WARNING] [MainThread] [deprecation/deprecation.py:161]: [DEPRECATED] BarAlignment: 'center' - Use 'align' instead.
2026-09-21 10:20:00,493 [WARNING] [MainThread] [deprecation/deprecation.py:161]: [DEPRECATED] BarBlurEffect: 'acrylic' - No longer supported and can be removed from the config.
2026-09-21 10:20:00,494 [INFO] [MainThread] [root/controller.py:21]: Reloading Application because of config change.
2026-09-21 10:20:00,607 [INFO] [MainThread] [cli_server/cli_server.py:114]: Log pipe server stopped
2026-09-21 10:20:00,621 [INFO] [MainThread] [root/bar_manager.py:93]: Successfully loaded updated config and re-initialised all bars.
2026-09-21 10:20:00,897 [INFO] [MainThread] [root/bar_manager.py:119]: Stopping KomorebiEventListener...
2026-09-21 10:20:00,905 [INFO] [MainThread] [root/bar_manager.py:119]: Stopping SystemEventListener...
2026-09-21 10:20:02,582 [INFO] [MainThread] [root/log.py:103]: YASB v2.0.7
2026-09-21 10:20:02,584 [INFO] [CLIPipeServer] [cli_server/cli_server.py:216]: CLI server started v1.1.7
2026-09-21 10:20:02,586 [INFO] [MainThread] [cli_server/cli_server.py:106]: Log pipe server started
2026-09-21 10:20:02,704 [WARNING] [MainThread] [deprecation/deprecation.py:161]: [DEPRECATED] BarAlignment: 'center' - Use 'align' instead.
2026-09-21 10:20:02,705 [WARNING] [MainThread] [deprecation/deprecation.py:161]: [DEPRECATED] BarBlurEffect: 'acrylic' - No longer supported and can be removed from the config.
2026-09-21 10:20:02,819 [WARNING] [MainThread] [deprecation/deprecation.py:161]: [DEPRECATED] KomorebiWorkspacesConfig: 'animation' - Use CSS animations instead.
2026-09-21 10:20:04,293 [WARNING] [MainThread] [deprecation/deprecation.py:165]: [DEPRECATED] VolumeConfig: 'volume_icons' renamed to 'icons' - Use 'icons' with the dictionary format instead.
2026-09-21 10:20:04,335 [INFO] [MainThread] [root/service.py:52]: AudioOutputService starting...
2026-09-21 10:20:05,872 [INFO] [MainThread] [root/bar_manager.py:242]: Starting HotkeyListener...
2026-09-21 10:20:05,872 [INFO] [MainThread] [root/bar_manager.py:103]: Starting KomorebiEventListener...
2026-09-21 10:20:05,873 [INFO] [MainThread] [root/bar_manager.py:103]: Starting SystemEventListener...
2026-09-21 10:20:05,873 [WARNING] [Dummy-7] [root/hotkeys.py:201]: Failed to register hotkey alt+space - it may be in use by another application.
2026-09-21 10:20:05,875 [INFO] [Dummy-8] [root/event_listener.py:54]: Created named pipe yasb-ea1d6f16-b577-11f1-90d2-b4b5b698724c
2026-09-21 10:20:05,879 [INFO] [MainThread] [root/watcher.py:65]: Watching directory: c:\users\daeyu\.config\yasb
2026-09-21 10:20:05,879 [INFO] [MainThread] [root/watcher.py:104]: Created file watcher
2026-09-21 10:20:05,955 [INFO] [MainThread] [root/update_service.py:434]: Background update checker started
2026-09-21 10:20:07,672 [INFO] [Dummy-8] [root/event_listener.py:147]: Komorebi connected to named pipe: yasb-ea1d6f16-b577-11f1-90d2-b4b5b698724c
2026-09-21 10:20:44,057 [WARNING] [MainThread] [deprecation/deprecation.py:161]: [DEPRECATED] BarAlignment: 'center' - Use 'align' instead.
2026-09-21 10:20:44,059 [WARNING] [MainThread] [deprecation/deprecation.py:161]: [DEPRECATED] BarBlurEffect: 'acrylic' - No longer supported and can be removed from the config.
2026-09-21 10:20:44,061 [INFO] [MainThread] [root/controller.py:21]: Reloading Application because of config change.
2026-09-21 10:20:44,163 [INFO] [MainThread] [cli_server/cli_server.py:114]: Log pipe server stopped
2026-09-21 10:20:44,178 [INFO] [MainThread] [root/bar_manager.py:93]: Successfully loaded updated config and re-initialised all bars.
2026-09-21 10:20:44,542 [INFO] [MainThread] [root/bar_manager.py:111]: Stopping HotkeyListener...
2026-09-21 10:20:44,544 [INFO] [MainThread] [root/bar_manager.py:119]: Stopping KomorebiEventListener...
2026-09-21 10:20:44,549 [INFO] [MainThread] [root/bar_manager.py:119]: Stopping SystemEventListener...
2026-09-21 10:20:45,856 [INFO] [MainThread] [root/log.py:103]: YASB v2.0.7
2026-09-21 10:20:45,858 [INFO] [CLIPipeServer] [cli_server/cli_server.py:216]: CLI server started v1.1.7
2026-09-21 10:20:45,860 [INFO] [MainThread] [cli_server/cli_server.py:106]: Log pipe server started
2026-09-21 10:20:45,939 [WARNING] [MainThread] [deprecation/deprecation.py:161]: [DEPRECATED] BarAlignment: 'center' - Use 'align' instead.
2026-09-21 10:20:45,940 [WARNING] [MainThread] [deprecation/deprecation.py:161]: [DEPRECATED] BarBlurEffect: 'acrylic' - No longer supported and can be removed from the config.
2026-09-21 10:20:46,088 [WARNING] [MainThread] [deprecation/deprecation.py:161]: [DEPRECATED] KomorebiWorkspacesConfig: 'animation' - Use CSS animations instead.
2026-09-21 10:20:47,187 [WARNING] [MainThread] [deprecation/deprecation.py:165]: [DEPRECATED] VolumeConfig: 'volume_icons' renamed to 'icons' - Use 'icons' with the dictionary format instead.
2026-09-21 10:20:47,230 [INFO] [MainThread] [root/service.py:52]: AudioOutputService starting...
2026-09-21 10:20:48,570 [INFO] [MainThread] [root/bar_manager.py:242]: Starting HotkeyListener...
2026-09-21 10:20:48,570 [INFO] [MainThread] [root/bar_manager.py:103]: Starting SystemEventListener...
2026-09-21 10:20:48,571 [INFO] [MainThread] [root/bar_manager.py:103]: Starting KomorebiEventListener...
2026-09-21 10:20:48,572 [WARNING] [Dummy-7] [root/hotkeys.py:201]: Failed to register hotkey alt+space - it may be in use by another application.
2026-09-21 10:20:48,579 [INFO] [Dummy-9] [root/event_listener.py:54]: Created named pipe yasb-0390ff4e-b578-11f1-b434-b4b5b698724c
2026-09-21 10:20:48,580 [INFO] [MainThread] [root/watcher.py:65]: Watching directory: c:\users\daeyu\.config\yasb
2026-09-21 10:20:48,580 [INFO] [MainThread] [root/watcher.py:104]: Created file watcher
2026-09-21 10:20:48,652 [INFO] [MainThread] [root/update_service.py:434]: Background update checker started
2026-09-21 10:20:48,896 [INFO] [Dummy-9] [root/event_listener.py:147]: Komorebi connected to named pipe: yasb-0390ff4e-b578-11f1-b434-b4b5b698724c
2026-09-21 10:23:37,564 [WARNING] [MainThread] [deprecation/deprecation.py:161]: [DEPRECATED] BarAlignment: 'center' - Use 'align' instead.
2026-09-21 10:23:37,565 [WARNING] [MainThread] [deprecation/deprecation.py:161]: [DEPRECATED] BarBlurEffect: 'acrylic' - No longer supported and can be removed from the config.
2026-09-21 10:23:37,566 [INFO] [MainThread] [root/controller.py:21]: Reloading Application because of config change.
2026-09-21 10:23:37,677 [INFO] [MainThread] [cli_server/cli_server.py:114]: Log pipe server stopped
2026-09-21 10:23:37,729 [INFO] [MainThread] [root/bar_manager.py:93]: Successfully loaded updated config and re-initialised all bars.
2026-09-21 10:23:38,041 [INFO] [MainThread] [root/bar_manager.py:111]: Stopping HotkeyListener...
2026-09-21 10:23:38,042 [INFO] [MainThread] [root/bar_manager.py:119]: Stopping SystemEventListener...
2026-09-21 10:23:38,049 [INFO] [MainThread] [root/bar_manager.py:119]: Stopping KomorebiEventListener...
2026-09-21 10:23:39,715 [INFO] [MainThread] [root/log.py:103]: YASB v2.0.7
2026-09-21 10:23:39,716 [INFO] [CLIPipeServer] [cli_server/cli_server.py:216]: CLI server started v1.1.7
2026-09-21 10:23:39,716 [INFO] [MainThread] [cli_server/cli_server.py:106]: Log pipe server started
2026-09-21 10:23:39,803 [WARNING] [MainThread] [deprecation/deprecation.py:161]: [DEPRECATED] BarAlignment: 'center' - Use 'align' instead.
2026-09-21 10:23:39,803 [WARNING] [MainThread] [deprecation/deprecation.py:161]: [DEPRECATED] BarBlurEffect: 'acrylic' - No longer supported and can be removed from the config.
2026-09-21 10:23:39,923 [WARNING] [MainThread] [deprecation/deprecation.py:161]: [DEPRECATED] KomorebiWorkspacesConfig: 'animation' - Use CSS animations instead.
2026-09-21 10:23:40,867 [WARNING] [MainThread] [deprecation/deprecation.py:165]: [DEPRECATED] VolumeConfig: 'volume_icons' renamed to 'icons' - Use 'icons' with the dictionary format instead.
2026-09-21 10:23:40,914 [INFO] [MainThread] [root/service.py:52]: AudioOutputService starting...
2026-09-21 10:23:42,455 [INFO] [MainThread] [root/bar_manager.py:242]: Starting HotkeyListener...
2026-09-21 10:23:42,456 [INFO] [MainThread] [root/bar_manager.py:103]: Starting KomorebiEventListener...
2026-09-21 10:23:42,457 [INFO] [MainThread] [root/bar_manager.py:103]: Starting SystemEventListener...
2026-09-21 10:23:42,459 [WARNING] [Dummy-7] [root/hotkeys.py:201]: Failed to register hotkey alt+space - it may be in use by another application.
2026-09-21 10:23:42,462 [INFO] [Dummy-8] [root/event_listener.py:54]: Created named pipe yasb-6b3585a1-b578-11f1-ab9a-b4b5b698724c
2026-09-21 10:23:42,467 [INFO] [MainThread] [root/watcher.py:65]: Watching directory: c:\users\daeyu\.config\yasb
2026-09-21 10:23:42,467 [INFO] [MainThread] [root/watcher.py:104]: Created file watcher
2026-09-21 10:23:42,533 [INFO] [MainThread] [root/update_service.py:434]: Background update checker started
2026-09-21 10:23:42,755 [INFO] [Dummy-8] [root/event_listener.py:147]: Komorebi connected to named pipe: yasb-6b3585a1-b578-11f1-ab9a-b4b5b698724c
2026-09-21 10:25:10,085 [INFO] [MainThread] [root/controller.py:21]: Reloading Application from tray...
2026-09-21 10:25:10,192 [INFO] [MainThread] [cli_server/cli_server.py:114]: Log pipe server stopped
2026-09-21 10:25:10,646 [INFO] [MainThread] [root/bar_manager.py:111]: Stopping HotkeyListener...
2026-09-21 10:25:10,647 [INFO] [MainThread] [root/bar_manager.py:119]: Stopping KomorebiEventListener...
2026-09-21 10:25:10,651 [INFO] [MainThread] [root/bar_manager.py:119]: Stopping SystemEventListener...
2026-09-21 10:25:12,176 [INFO] [MainThread] [root/log.py:103]: YASB v2.0.7
2026-09-21 10:25:12,180 [INFO] [CLIPipeServer] [cli_server/cli_server.py:216]: CLI server started v1.1.7
2026-09-21 10:25:12,181 [INFO] [MainThread] [cli_server/cli_server.py:106]: Log pipe server started
2026-09-21 10:25:12,269 [WARNING] [MainThread] [deprecation/deprecation.py:161]: [DEPRECATED] BarAlignment: 'center' - Use 'align' instead.
2026-09-21 10:25:12,269 [WARNING] [MainThread] [deprecation/deprecation.py:161]: [DEPRECATED] BarBlurEffect: 'acrylic' - No longer supported and can be removed from the config.
2026-09-21 10:25:12,403 [WARNING] [MainThread] [deprecation/deprecation.py:161]: [DEPRECATED] KomorebiWorkspacesConfig: 'animation' - Use CSS animations instead.
2026-09-21 10:25:13,263 [WARNING] [MainThread] [deprecation/deprecation.py:165]: [DEPRECATED] VolumeConfig: 'volume_icons' renamed to 'icons' - Use 'icons' with the dictionary format instead.
2026-09-21 10:25:13,302 [INFO] [MainThread] [root/service.py:52]: AudioOutputService starting...
2026-09-21 10:25:14,597 [INFO] [MainThread] [root/bar_manager.py:242]: Starting HotkeyListener...
2026-09-21 10:25:14,597 [INFO] [MainThread] [root/bar_manager.py:103]: Starting KomorebiEventListener...
2026-09-21 10:25:14,598 [INFO] [MainThread] [root/bar_manager.py:103]: Starting SystemEventListener...
2026-09-21 10:25:14,601 [INFO] [Dummy-9] [root/event_listener.py:54]: Created named pipe yasb-a2213c48-b578-11f1-99f3-b4b5b698724c
2026-09-21 10:25:14,602 [INFO] [MainThread] [root/watcher.py:65]: Watching directory: c:\users\daeyu\.config\yasb
2026-09-21 10:25:14,603 [INFO] [MainThread] [root/watcher.py:104]: Created file watcher
2026-09-21 10:25:14,719 [INFO] [MainThread] [root/update_service.py:434]: Background update checker started
2026-09-21 10:25:14,986 [INFO] [Dummy-9] [root/event_listener.py:147]: Komorebi connected to named pipe: yasb-a2213c48-b578-11f1-99f3-b4b5b698724c
2026-09-21 10:27:10,875 [WARNING] [MainThread] [deprecation/deprecation.py:161]: [DEPRECATED] BarAlignment: 'center' - Use 'align' instead.
2026-09-21 10:27:10,875 [WARNING] [MainThread] [deprecation/deprecation.py:161]: [DEPRECATED] BarBlurEffect: 'acrylic' - No longer supported and can be removed from the config.
2026-09-21 10:27:10,876 [INFO] [MainThread] [root/controller.py:21]: Reloading Application because of config change.
2026-09-21 10:27:10,990 [INFO] [MainThread] [cli_server/cli_server.py:114]: Log pipe server stopped
2026-09-21 10:27:11,005 [INFO] [MainThread] [root/bar_manager.py:93]: Successfully loaded updated config and re-initialised all bars.
2026-09-21 10:27:11,265 [INFO] [MainThread] [root/bar_manager.py:111]: Stopping HotkeyListener...
2026-09-21 10:27:11,270 [INFO] [MainThread] [root/bar_manager.py:119]: Stopping KomorebiEventListener...
2026-09-21 10:27:11,274 [INFO] [MainThread] [root/bar_manager.py:119]: Stopping SystemEventListener...
2026-09-21 10:27:12,675 [INFO] [MainThread] [root/log.py:103]: YASB v2.0.7
2026-09-21 10:27:12,676 [INFO] [CLIPipeServer] [cli_server/cli_server.py:216]: CLI server started v1.1.7
2026-09-21 10:27:12,678 [INFO] [MainThread] [cli_server/cli_server.py:106]: Log pipe server started
2026-09-21 10:27:12,765 [WARNING] [MainThread] [deprecation/deprecation.py:161]: [DEPRECATED] BarAlignment: 'center' - Use 'align' instead.
2026-09-21 10:27:12,766 [WARNING] [MainThread] [deprecation/deprecation.py:161]: [DEPRECATED] BarBlurEffect: 'acrylic' - No longer supported and can be removed from the config.
2026-09-21 10:27:12,860 [WARNING] [MainThread] [deprecation/deprecation.py:161]: [DEPRECATED] KomorebiWorkspacesConfig: 'animation' - Use CSS animations instead.
2026-09-21 10:27:13,629 [WARNING] [MainThread] [deprecation/deprecation.py:165]: [DEPRECATED] VolumeConfig: 'volume_icons' renamed to 'icons' - Use 'icons' with the dictionary format instead.
2026-09-21 10:27:13,674 [INFO] [MainThread] [root/service.py:52]: AudioOutputService starting...
2026-09-21 10:27:14,785 [INFO] [MainThread] [root/bar_manager.py:242]: Starting HotkeyListener...
2026-09-21 10:27:14,785 [INFO] [MainThread] [root/bar_manager.py:103]: Starting KomorebiEventListener...
2026-09-21 10:27:14,786 [INFO] [MainThread] [root/bar_manager.py:103]: Starting SystemEventListener...
2026-09-21 10:27:14,786 [ERROR] [MainThread] [root/widget_builder.py:114]: Failed to validate widget(s) due to invalid options  - quick_launch
      providers:
        commands:
        - Extra inputs are not permitted
      
2026-09-21 10:27:14,826 [INFO] [Dummy-5] [root/event_listener.py:54]: Created named pipe yasb-e9c46a25-b578-11f1-968e-b4b5b698724c
2026-09-21 10:27:14,913 [INFO] [MainThread] [root/watcher.py:65]: Watching directory: c:\users\daeyu\.config\yasb
2026-09-21 10:27:14,913 [INFO] [MainThread] [root/watcher.py:104]: Created file watcher
2026-09-21 10:27:15,035 [INFO] [MainThread] [root/update_service.py:434]: Background update checker started
2026-09-21 10:27:15,199 [INFO] [Dummy-5] [root/event_listener.py:147]: Komorebi connected to named pipe: yasb-e9c46a25-b578-11f1-968e-b4b5b698724c
2026-09-21 10:27:51,829 [WARNING] [MainThread] [deprecation/deprecation.py:161]: [DEPRECATED] BarAlignment: 'center' - Use 'align' instead.
2026-09-21 10:27:51,830 [WARNING] [MainThread] [deprecation/deprecation.py:161]: [DEPRECATED] BarBlurEffect: 'acrylic' - No longer supported and can be removed from the config.
2026-09-21 10:27:51,830 [INFO] [MainThread] [root/controller.py:21]: Reloading Application because of config change.
2026-09-21 10:27:51,942 [INFO] [MainThread] [cli_server/cli_server.py:114]: Log pipe server stopped
2026-09-21 10:27:51,955 [INFO] [MainThread] [root/bar_manager.py:93]: Successfully loaded updated config and re-initialised all bars.
2026-09-21 10:27:52,229 [INFO] [MainThread] [root/bar_manager.py:111]: Stopping HotkeyListener...
2026-09-21 10:27:52,234 [INFO] [MainThread] [root/bar_manager.py:119]: Stopping KomorebiEventListener...
2026-09-21 10:27:52,237 [INFO] [MainThread] [root/bar_manager.py:119]: Stopping SystemEventListener...
2026-09-21 10:27:53,931 [INFO] [MainThread] [root/log.py:103]: YASB v2.0.7
2026-09-21 10:27:53,932 [INFO] [CLIPipeServer] [cli_server/cli_server.py:216]: CLI server started v1.1.7
2026-09-21 10:27:53,933 [INFO] [MainThread] [cli_server/cli_server.py:106]: Log pipe server started
2026-09-21 10:27:54,017 [WARNING] [MainThread] [deprecation/deprecation.py:161]: [DEPRECATED] BarAlignment: 'center' - Use 'align' instead.
2026-09-21 10:27:54,017 [WARNING] [MainThread] [deprecation/deprecation.py:161]: [DEPRECATED] BarBlurEffect: 'acrylic' - No longer supported and can be removed from the config.
2026-09-21 10:27:54,142 [WARNING] [MainThread] [deprecation/deprecation.py:161]: [DEPRECATED] KomorebiWorkspacesConfig: 'animation' - Use CSS animations instead.
2026-09-21 10:27:55,218 [WARNING] [MainThread] [deprecation/deprecation.py:165]: [DEPRECATED] VolumeConfig: 'volume_icons' renamed to 'icons' - Use 'icons' with the dictionary format instead.
2026-09-21 10:27:55,291 [INFO] [MainThread] [root/service.py:52]: AudioOutputService starting...
2026-09-21 10:27:56,813 [INFO] [MainThread] [root/bar_manager.py:242]: Starting HotkeyListener...
2026-09-21 10:27:56,813 [INFO] [MainThread] [root/bar_manager.py:103]: Starting KomorebiEventListener...
2026-09-21 10:27:56,814 [INFO] [MainThread] [root/bar_manager.py:103]: Starting SystemEventListener...
2026-09-21 10:27:56,816 [INFO] [Dummy-9] [root/event_listener.py:54]: Created named pipe yasb-02d15028-b579-11f1-b59f-b4b5b698724c
2026-09-21 10:27:56,816 [INFO] [MainThread] [root/watcher.py:65]: Watching directory: c:\users\daeyu\.config\yasb
2026-09-21 10:27:56,817 [INFO] [MainThread] [root/watcher.py:104]: Created file watcher
2026-09-21 10:27:56,901 [INFO] [MainThread] [root/update_service.py:434]: Background update checker started
2026-09-21 10:27:57,094 [INFO] [Dummy-9] [root/event_listener.py:147]: Komorebi connected to named pipe: yasb-02d15028-b579-11f1-b59f-b4b5b698724c
2026-09-21 10:31:39,646 [WARNING] [MainThread] [deprecation/deprecation.py:161]: [DEPRECATED] BarAlignment: 'center' - Use 'align' instead.
2026-09-21 10:31:39,647 [WARNING] [MainThread] [deprecation/deprecation.py:161]: [DEPRECATED] BarBlurEffect: 'acrylic' - No longer supported and can be removed from the config.
2026-09-21 10:31:39,649 [INFO] [MainThread] [root/controller.py:21]: Reloading Application because of config change.
2026-09-21 10:31:39,754 [INFO] [MainThread] [cli_server/cli_server.py:114]: Log pipe server stopped
2026-09-21 10:31:39,765 [INFO] [MainThread] [root/bar_manager.py:93]: Successfully loaded updated config and re-initialised all bars.
2026-09-21 10:31:40,017 [INFO] [MainThread] [root/bar_manager.py:111]: Stopping HotkeyListener...
2026-09-21 10:31:40,021 [INFO] [MainThread] [root/bar_manager.py:119]: Stopping KomorebiEventListener...
2026-09-21 10:31:40,024 [INFO] [MainThread] [root/bar_manager.py:119]: Stopping SystemEventListener...
2026-09-21 10:31:41,073 [INFO] [MainThread] [root/log.py:103]: YASB v2.0.7
2026-09-21 10:31:41,074 [INFO] [CLIPipeServer] [cli_server/cli_server.py:216]: CLI server started v1.1.7
2026-09-21 10:31:41,075 [INFO] [MainThread] [cli_server/cli_server.py:106]: Log pipe server started
2026-09-21 10:31:41,133 [WARNING] [MainThread] [deprecation/deprecation.py:161]: [DEPRECATED] BarAlignment: 'center' - Use 'align' instead.
2026-09-21 10:31:41,133 [WARNING] [MainThread] [deprecation/deprecation.py:161]: [DEPRECATED] BarBlurEffect: 'acrylic' - No longer supported and can be removed from the config.
2026-09-21 10:31:41,212 [WARNING] [MainThread] [deprecation/deprecation.py:161]: [DEPRECATED] KomorebiWorkspacesConfig: 'animation' - Use CSS animations instead.
2026-09-21 10:31:41,587 [WARNING] [MainThread] [deprecation/deprecation.py:165]: [DEPRECATED] VolumeConfig: 'volume_icons' renamed to 'icons' - Use 'icons' with the dictionary format instead.
2026-09-21 10:31:41,614 [INFO] [MainThread] [root/service.py:52]: AudioOutputService starting...
2026-09-21 10:31:42,562 [INFO] [MainThread] [root/bar_manager.py:103]: Starting SystemEventListener...
2026-09-21 10:31:42,563 [INFO] [MainThread] [root/bar_manager.py:103]: Starting KomorebiEventListener...
2026-09-21 10:31:42,564 [INFO] [Dummy-5] [root/event_listener.py:54]: Created named pipe yasb-895ff4c0-b579-11f1-b529-b4b5b698724c
2026-09-21 10:31:42,565 [INFO] [MainThread] [root/watcher.py:65]: Watching directory: c:\users\daeyu\.config\yasb
2026-09-21 10:31:42,565 [INFO] [MainThread] [root/watcher.py:104]: Created file watcher
2026-09-21 10:31:42,637 [INFO] [MainThread] [root/update_service.py:434]: Background update checker started
2026-09-21 10:31:42,817 [INFO] [Dummy-5] [root/event_listener.py:147]: Komorebi connected to named pipe: yasb-895ff4c0-b579-11f1-b529-b4b5b698724c
2026-09-21 12:38:42,997 [WARNING] [Dummy-5] [root/event_listener.py:95]: Pipe has been ended: (109, 'PeekNamedPipe', 'The pipe has been ended.')
2026-09-21 12:38:43,029 [INFO] [Dummy-5] [root/event_listener.py:107]: Attempting to reconnect to Komorebi...
2026-09-21 12:38:46,038 [INFO] [Dummy-5] [root/event_listener.py:54]: Created named pipe yasb-895ff4c0-b579-11f1-b529-b4b5b698724c
2026-09-21 12:38:46,229 [WARNING] [Dummy-5] [root/event_listener.py:134]: Komorebi failed to subscribe named pipe. Komorebi is not running, please start Komorebi.
2026-09-21 12:40:25,460 [INFO] [MainThread] [root/bar_manager.py:119]: Stopping SystemEventListener...
2026-09-21 12:40:25,545 [INFO] [MainThread] [root/bar_manager.py:119]: Stopping KomorebiEventListener...
2026-09-21 17:22:21,612 [INFO] [MainThread] [root/log.py:103]: YASB v2.0.7
2026-09-21 17:22:21,613 [INFO] [CLIPipeServer] [cli_server/cli_server.py:216]: CLI server started v1.1.7
2026-09-21 17:22:21,614 [INFO] [MainThread] [cli_server/cli_server.py:106]: Log pipe server started
2026-09-21 17:22:21,701 [WARNING] [MainThread] [deprecation/deprecation.py:161]: [DEPRECATED] BarAlignment: 'center' - Use 'align' instead.
2026-09-21 17:22:21,701 [WARNING] [MainThread] [deprecation/deprecation.py:161]: [DEPRECATED] BarBlurEffect: 'acrylic' - No longer supported and can be removed from the config.
2026-09-21 17:22:21,925 [WARNING] [MainThread] [deprecation/deprecation.py:161]: [DEPRECATED] KomorebiWorkspacesConfig: 'animation' - Use CSS animations instead.
2026-09-21 17:22:22,609 [WARNING] [MainThread] [deprecation/deprecation.py:165]: [DEPRECATED] VolumeConfig: 'volume_icons' renamed to 'icons' - Use 'icons' with the dictionary format instead.
2026-09-21 17:22:22,631 [INFO] [MainThread] [root/service.py:52]: AudioOutputService starting...
2026-09-21 17:22:23,770 [INFO] [MainThread] [root/bar_manager.py:103]: Starting KomorebiEventListener...
2026-09-21 17:22:23,770 [INFO] [MainThread] [root/bar_manager.py:103]: Starting SystemEventListener...
2026-09-21 17:22:23,771 [INFO] [Dummy-5] [root/event_listener.py:54]: Created named pipe yasb-e8adc607-b5b2-11f1-85b8-b4b5b698724c
2026-09-21 17:22:23,772 [INFO] [MainThread] [root/watcher.py:65]: Watching directory: c:\users\daeyu\.config\yasb
2026-09-21 17:22:23,772 [INFO] [MainThread] [root/watcher.py:104]: Created file watcher
2026-09-21 17:22:23,797 [INFO] [MainThread] [root/update_service.py:434]: Background update checker started
2026-09-21 17:22:24,458 [WARNING] [Dummy-5] [root/event_listener.py:134]: Komorebi failed to subscribe named pipe. Komorebi is not running, please start Komorebi.
2026-09-21 18:24:20,531 [INFO] [MainThread] [root/bar_manager.py:119]: Stopping KomorebiEventListener...
2026-09-21 18:24:20,563 [INFO] [MainThread] [root/bar_manager.py:119]: Stopping SystemEventListener...
2026-09-21 20:37:32,261 [INFO] [MainThread] [root/log.py:103]: YASB v2.0.7
2026-09-21 20:37:32,264 [INFO] [CLIPipeServer] [cli_server/cli_server.py:216]: CLI server started v1.1.7
2026-09-21 20:37:32,265 [INFO] [MainThread] [cli_server/cli_server.py:106]: Log pipe server started
2026-09-21 20:37:32,440 [WARNING] [MainThread] [deprecation/deprecation.py:161]: [DEPRECATED] BarAlignment: 'center' - Use 'align' instead.
2026-09-21 20:37:32,440 [WARNING] [MainThread] [deprecation/deprecation.py:161]: [DEPRECATED] BarBlurEffect: 'acrylic' - No longer supported and can be removed from the config.
2026-09-21 20:37:32,784 [WARNING] [MainThread] [deprecation/deprecation.py:161]: [DEPRECATED] KomorebiWorkspacesConfig: 'animation' - Use CSS animations instead.
2026-09-21 20:37:33,833 [WARNING] [MainThread] [deprecation/deprecation.py:165]: [DEPRECATED] VolumeConfig: 'volume_icons' renamed to 'icons' - Use 'icons' with the dictionary format instead.
2026-09-21 20:37:33,861 [INFO] [MainThread] [root/service.py:52]: AudioOutputService starting...
2026-09-21 20:37:35,622 [INFO] [MainThread] [root/bar_manager.py:103]: Starting KomorebiEventListener...
2026-09-21 20:37:35,623 [INFO] [MainThread] [root/bar_manager.py:103]: Starting SystemEventListener...
2026-09-21 20:37:35,625 [INFO] [Dummy-4] [root/event_listener.py:54]: Created named pipe yasb-2d7c9b90-b5ce-11f1-a3e8-b4b5b698724c
2026-09-21 20:37:35,628 [INFO] [MainThread] [root/watcher.py:65]: Watching directory: c:\users\daeyu\.config\yasb
2026-09-21 20:37:35,630 [INFO] [MainThread] [root/watcher.py:104]: Created file watcher
2026-09-21 20:37:35,746 [INFO] [MainThread] [root/update_service.py:434]: Background update checker started
2026-09-21 20:37:36,661 [WARNING] [Dummy-4] [root/event_listener.py:134]: Komorebi failed to subscribe named pipe. Komorebi is not running, please start Komorebi.
2026-09-21 20:40:53,127 [INFO] [MainThread] [root/log.py:103]: YASB v2.0.7
2026-09-21 20:40:53,128 [INFO] [CLIPipeServer] [cli_server/cli_server.py:216]: CLI server started v1.1.7
2026-09-21 20:40:53,129 [INFO] [MainThread] [cli_server/cli_server.py:106]: Log pipe server started
2026-09-21 20:40:53,129 [ERROR] [MainThread] [root/main.py:46]: Another instance of the YASB is already running.
2026-09-21 20:44:21,804 [WARNING] [MainThread] [deprecation/deprecation.py:161]: [DEPRECATED] BarAlignment: 'center' - Use 'align' instead.
2026-09-21 20:44:21,805 [WARNING] [MainThread] [deprecation/deprecation.py:161]: [DEPRECATED] BarBlurEffect: 'acrylic' - No longer supported and can be removed from the config.
2026-09-21 20:44:21,809 [INFO] [MainThread] [root/controller.py:21]: Reloading Application because of config change.
2026-09-21 20:44:21,917 [INFO] [MainThread] [cli_server/cli_server.py:114]: Log pipe server stopped
2026-09-21 20:44:21,930 [INFO] [MainThread] [root/bar_manager.py:93]: Successfully loaded updated config and re-initialised all bars.
2026-09-21 20:44:22,207 [INFO] [MainThread] [root/bar_manager.py:119]: Stopping KomorebiEventListener...
2026-09-21 20:44:22,214 [INFO] [MainThread] [root/bar_manager.py:119]: Stopping SystemEventListener...
2026-09-21 20:44:23,219 [INFO] [MainThread] [root/log.py:103]: YASB v2.0.7
2026-09-21 20:44:23,220 [INFO] [CLIPipeServer] [cli_server/cli_server.py:216]: CLI server started v1.1.7
2026-09-21 20:44:23,220 [INFO] [MainThread] [cli_server/cli_server.py:106]: Log pipe server started
2026-09-21 20:44:23,298 [WARNING] [MainThread] [deprecation/deprecation.py:161]: [DEPRECATED] BarAlignment: 'center' - Use 'align' instead.
2026-09-21 20:44:23,298 [WARNING] [MainThread] [deprecation/deprecation.py:161]: [DEPRECATED] BarBlurEffect: 'acrylic' - No longer supported and can be removed from the config.
2026-09-21 20:44:23,564 [WARNING] [MainThread] [deprecation/deprecation.py:161]: [DEPRECATED] KomorebiWorkspacesConfig: 'animation' - Use CSS animations instead.
2026-09-21 20:44:24,307 [WARNING] [MainThread] [deprecation/deprecation.py:165]: [DEPRECATED] VolumeConfig: 'volume_icons' renamed to 'icons' - Use 'icons' with the dictionary format instead.
2026-09-21 20:44:24,328 [INFO] [MainThread] [root/service.py:52]: AudioOutputService starting...
2026-09-21 20:44:25,706 [INFO] [MainThread] [root/bar_manager.py:103]: Starting SystemEventListener...
2026-09-21 20:44:25,707 [INFO] [MainThread] [root/bar_manager.py:103]: Starting KomorebiEventListener...
2026-09-21 20:44:25,709 [INFO] [Dummy-5] [root/event_listener.py:54]: Created named pipe yasb-21ea85a6-b5cf-11f1-9aec-b4b5b698724c
2026-09-21 20:44:25,710 [INFO] [MainThread] [root/watcher.py:65]: Watching directory: c:\users\daeyu\.config\yasb
2026-09-21 20:44:25,711 [INFO] [MainThread] [root/watcher.py:104]: Created file watcher
2026-09-21 20:44:25,766 [INFO] [MainThread] [root/update_service.py:434]: Background update checker started
2026-09-21 20:44:25,895 [WARNING] [Dummy-5] [root/event_listener.py:134]: Komorebi failed to subscribe named pipe. Komorebi is not running, please start Komorebi.
2026-09-21 20:44:52,191 [WARNING] [MainThread] [deprecation/deprecation.py:161]: [DEPRECATED] BarAlignment: 'center' - Use 'align' instead.
2026-09-21 20:44:52,192 [WARNING] [MainThread] [deprecation/deprecation.py:161]: [DEPRECATED] BarBlurEffect: 'acrylic' - No longer supported and can be removed from the config.
2026-09-21 20:44:52,192 [INFO] [MainThread] [root/controller.py:21]: Reloading Application because of config change.
2026-09-21 20:44:52,300 [INFO] [MainThread] [cli_server/cli_server.py:114]: Log pipe server stopped
2026-09-21 20:44:52,308 [INFO] [MainThread] [root/bar_manager.py:93]: Successfully loaded updated config and re-initialised all bars.
2026-09-21 20:44:52,492 [INFO] [MainThread] [root/bar_manager.py:119]: Stopping SystemEventListener...
2026-09-21 20:44:52,499 [INFO] [MainThread] [root/bar_manager.py:119]: Stopping KomorebiEventListener...
2026-09-21 20:44:53,455 [INFO] [MainThread] [root/log.py:103]: YASB v2.0.7
2026-09-21 20:44:53,456 [INFO] [CLIPipeServer] [cli_server/cli_server.py:216]: CLI server started v1.1.7
2026-09-21 20:44:53,457 [INFO] [MainThread] [cli_server/cli_server.py:106]: Log pipe server started
2026-09-21 20:44:53,534 [WARNING] [MainThread] [deprecation/deprecation.py:161]: [DEPRECATED] BarAlignment: 'center' - Use 'align' instead.
2026-09-21 20:44:53,535 [WARNING] [MainThread] [deprecation/deprecation.py:161]: [DEPRECATED] BarBlurEffect: 'acrylic' - No longer supported and can be removed from the config.
2026-09-21 20:44:53,607 [WARNING] [MainThread] [deprecation/deprecation.py:161]: [DEPRECATED] KomorebiWorkspacesConfig: 'animation' - Use CSS animations instead.
2026-09-21 20:44:53,974 [WARNING] [MainThread] [deprecation/deprecation.py:165]: [DEPRECATED] VolumeConfig: 'volume_icons' renamed to 'icons' - Use 'icons' with the dictionary format instead.
2026-09-21 20:44:54,008 [INFO] [MainThread] [root/service.py:52]: AudioOutputService starting...
2026-09-21 20:44:55,157 [INFO] [MainThread] [root/bar_manager.py:103]: Starting SystemEventListener...
2026-09-21 20:44:55,158 [INFO] [MainThread] [root/bar_manager.py:103]: Starting KomorebiEventListener...
2026-09-21 20:44:55,160 [INFO] [Dummy-6] [root/event_listener.py:54]: Created named pipe yasb-33787651-b5cf-11f1-b4f7-b4b5b698724c
2026-09-21 20:44:55,160 [INFO] [MainThread] [root/watcher.py:65]: Watching directory: c:\users\daeyu\.config\yasb
2026-09-21 20:44:55,161 [INFO] [MainThread] [root/watcher.py:104]: Created file watcher
2026-09-21 20:44:55,222 [INFO] [MainThread] [root/update_service.py:434]: Background update checker started
2026-09-21 20:44:55,411 [WARNING] [Dummy-6] [root/event_listener.py:134]: Komorebi failed to subscribe named pipe. Komorebi is not running, please start Komorebi.
2026-09-21 20:52:43,513 [WARNING] [MainThread] [deprecation/deprecation.py:161]: [DEPRECATED] BarAlignment: 'center' - Use 'align' instead.
2026-09-21 20:52:43,513 [WARNING] [MainThread] [deprecation/deprecation.py:161]: [DEPRECATED] BarBlurEffect: 'acrylic' - No longer supported and can be removed from the config.
2026-09-21 20:52:43,514 [INFO] [MainThread] [root/controller.py:21]: Reloading Application because of config change.
2026-09-21 20:52:43,621 [INFO] [MainThread] [cli_server/cli_server.py:114]: Log pipe server stopped
2026-09-21 20:52:43,630 [INFO] [MainThread] [root/bar_manager.py:93]: Successfully loaded updated config and re-initialised all bars.
2026-09-21 20:52:43,850 [INFO] [MainThread] [root/bar_manager.py:119]: Stopping SystemEventListener...
2026-09-21 20:52:43,855 [INFO] [MainThread] [root/bar_manager.py:119]: Stopping KomorebiEventListener...
2026-09-21 20:52:44,816 [INFO] [MainThread] [root/log.py:103]: YASB v2.0.7
2026-09-21 20:52:44,817 [INFO] [CLIPipeServer] [cli_server/cli_server.py:216]: CLI server started v1.1.7
2026-09-21 20:52:44,818 [INFO] [MainThread] [cli_server/cli_server.py:106]: Log pipe server started
2026-09-21 20:52:44,887 [WARNING] [MainThread] [deprecation/deprecation.py:161]: [DEPRECATED] BarAlignment: 'center' - Use 'align' instead.
2026-09-21 20:52:44,888 [WARNING] [MainThread] [deprecation/deprecation.py:161]: [DEPRECATED] BarBlurEffect: 'acrylic' - No longer supported and can be removed from the config.
2026-09-21 20:52:44,968 [WARNING] [MainThread] [deprecation/deprecation.py:161]: [DEPRECATED] KomorebiWorkspacesConfig: 'animation' - Use CSS animations instead.
2026-09-21 20:52:45,432 [WARNING] [MainThread] [deprecation/deprecation.py:165]: [DEPRECATED] VolumeConfig: 'volume_icons' renamed to 'icons' - Use 'icons' with the dictionary format instead.
2026-09-21 20:52:45,469 [INFO] [MainThread] [root/service.py:52]: AudioOutputService starting...
2026-09-21 20:52:46,678 [INFO] [MainThread] [root/bar_manager.py:103]: Starting KomorebiEventListener...
2026-09-21 20:52:46,718 [INFO] [MainThread] [root/watcher.py:65]: Watching directory: c:\users\daeyu\.config\yasb
2026-09-21 20:52:46,718 [INFO] [MainThread] [root/watcher.py:104]: Created file watcher
2026-09-21 20:52:46,718 [INFO] [Dummy-8] [root/event_listener.py:54]: Created named pipe yasb-4c8a8319-b5d0-11f1-a55d-b4b5b698724c
2026-09-21 20:52:46,760 [INFO] [MainThread] [root/update_service.py:434]: Background update checker started
2026-09-21 20:52:46,900 [WARNING] [Dummy-8] [root/event_listener.py:134]: Komorebi failed to subscribe named pipe. Komorebi is not running, please start Komorebi.
2026-09-21 20:54:20,758 [INFO] [MainThread] [root/controller.py:21]: Reloading Application from tray...
2026-09-21 20:54:20,873 [INFO] [MainThread] [cli_server/cli_server.py:114]: Log pipe server stopped
2026-09-21 20:54:21,143 [INFO] [MainThread] [root/bar_manager.py:119]: Stopping KomorebiEventListener...
2026-09-21 20:54:22,229 [INFO] [MainThread] [root/log.py:103]: YASB v2.0.7
2026-09-21 20:54:22,230 [INFO] [CLIPipeServer] [cli_server/cli_server.py:216]: CLI server started v1.1.7
2026-09-21 20:54:22,231 [INFO] [MainThread] [cli_server/cli_server.py:106]: Log pipe server started
2026-09-21 20:54:22,291 [WARNING] [MainThread] [deprecation/deprecation.py:161]: [DEPRECATED] BarAlignment: 'center' - Use 'align' instead.
2026-09-21 20:54:22,291 [WARNING] [MainThread] [deprecation/deprecation.py:161]: [DEPRECATED] BarBlurEffect: 'acrylic' - No longer supported and can be removed from the config.
2026-09-21 20:54:22,369 [WARNING] [MainThread] [deprecation/deprecation.py:161]: [DEPRECATED] KomorebiWorkspacesConfig: 'animation' - Use CSS animations instead.
2026-09-21 20:54:22,788 [WARNING] [MainThread] [deprecation/deprecation.py:165]: [DEPRECATED] VolumeConfig: 'volume_icons' renamed to 'icons' - Use 'icons' with the dictionary format instead.
2026-09-21 20:54:22,822 [INFO] [MainThread] [root/service.py:52]: AudioOutputService starting...
2026-09-21 20:54:23,938 [INFO] [MainThread] [root/bar_manager.py:103]: Starting KomorebiEventListener...
2026-09-21 20:54:23,941 [INFO] [MainThread] [root/watcher.py:65]: Watching directory: c:\users\daeyu\.config\yasb
2026-09-21 20:54:23,941 [INFO] [MainThread] [root/watcher.py:104]: Created file watcher
2026-09-21 20:54:23,941 [INFO] [Dummy-8] [root/event_listener.py:54]: Created named pipe yasb-867d85a4-b5d0-11f1-a851-b4b5b698724c
2026-09-21 20:54:23,987 [INFO] [MainThread] [root/update_service.py:434]: Background update checker started
2026-09-21 20:54:24,144 [WARNING] [Dummy-8] [root/event_listener.py:134]: Komorebi failed to subscribe named pipe. Komorebi is not running, please start Komorebi.
2026-09-21 20:59:26,524 [WARNING] [MainThread] [deprecation/deprecation.py:161]: [DEPRECATED] BarAlignment: 'center' - Use 'align' instead.
2026-09-21 20:59:26,525 [WARNING] [MainThread] [deprecation/deprecation.py:161]: [DEPRECATED] BarBlurEffect: 'acrylic' - No longer supported and can be removed from the config.
2026-09-21 20:59:26,527 [ERROR] [MainThread] [root/config.py:99]: The config file 'C:\Users\daeyu\.config\yasb\config.yaml' contains validation errors. Please fix:
active_window:
- Extra inputs are not permitted

2026-09-21 21:00:02,637 [WARNING] [MainThread] [deprecation/deprecation.py:161]: [DEPRECATED] BarAlignment: 'center' - Use 'align' instead.
2026-09-21 21:00:02,637 [WARNING] [MainThread] [deprecation/deprecation.py:161]: [DEPRECATED] BarBlurEffect: 'acrylic' - No longer supported and can be removed from the config.
2026-09-21 21:00:02,638 [INFO] [MainThread] [root/controller.py:21]: Reloading Application because of config change.
2026-09-21 21:00:02,741 [INFO] [MainThread] [cli_server/cli_server.py:114]: Log pipe server stopped
2026-09-21 21:00:02,748 [INFO] [MainThread] [root/bar_manager.py:93]: Successfully loaded updated config and re-initialised all bars.
2026-09-21 21:00:02,899 [INFO] [MainThread] [root/bar_manager.py:119]: Stopping KomorebiEventListener...
2026-09-21 21:00:03,582 [INFO] [MainThread] [root/log.py:103]: YASB v2.0.7
2026-09-21 21:00:03,583 [INFO] [CLIPipeServer] [cli_server/cli_server.py:216]: CLI server started v1.1.7
2026-09-21 21:00:03,583 [INFO] [MainThread] [cli_server/cli_server.py:106]: Log pipe server started
2026-09-21 21:00:03,621 [WARNING] [MainThread] [deprecation/deprecation.py:161]: [DEPRECATED] BarAlignment: 'center' - Use 'align' instead.
2026-09-21 21:00:03,621 [WARNING] [MainThread] [deprecation/deprecation.py:161]: [DEPRECATED] BarBlurEffect: 'acrylic' - No longer supported and can be removed from the config.
2026-09-21 21:00:03,670 [WARNING] [MainThread] [deprecation/deprecation.py:161]: [DEPRECATED] KomorebiWorkspacesConfig: 'animation' - Use CSS animations instead.
2026-09-21 21:00:03,935 [WARNING] [MainThread] [deprecation/deprecation.py:165]: [DEPRECATED] VolumeConfig: 'volume_icons' renamed to 'icons' - Use 'icons' with the dictionary format instead.
2026-09-21 21:00:03,959 [INFO] [MainThread] [root/service.py:52]: AudioOutputService starting...
2026-09-21 21:00:04,727 [INFO] [MainThread] [root/bar_manager.py:103]: Starting SystemEventListener...
2026-09-21 21:00:04,727 [INFO] [MainThread] [root/bar_manager.py:103]: Starting KomorebiEventListener...
2026-09-21 21:00:04,729 [INFO] [MainThread] [root/watcher.py:65]: Watching directory: c:\users\daeyu\.config\yasb
2026-09-21 21:00:04,729 [INFO] [MainThread] [root/watcher.py:104]: Created file watcher
2026-09-21 21:00:04,729 [INFO] [Dummy-7] [root/event_listener.py:54]: Created named pipe yasb-519db4de-b5d1-11f1-82da-b4b5b698724c
2026-09-21 21:00:04,758 [INFO] [MainThread] [root/update_service.py:434]: Background update checker started
2026-09-21 21:00:04,915 [WARNING] [Dummy-7] [root/event_listener.py:134]: Komorebi failed to subscribe named pipe. Komorebi is not running, please start Komorebi.
2026-09-21 21:08:42,061 [INFO] [Dummy-7] [root/event_listener.py:147]: Komorebi connected to named pipe: yasb-519db4de-b5d1-11f1-82da-b4b5b698724c
2026-09-21 21:46:04,056 [INFO] [MainThread] [root/bar_manager.py:119]: Stopping SystemEventListener...
2026-09-21 21:46:04,140 [INFO] [MainThread] [root/bar_manager.py:119]: Stopping KomorebiEventListener...
2026-09-21 21:46:37,864 [INFO] [MainThread] [root/log.py:103]: YASB v2.0.7
2026-09-21 21:46:37,864 [INFO] [CLIPipeServer] [cli_server/cli_server.py:216]: CLI server started v1.1.7
2026-09-21 21:46:37,865 [INFO] [MainThread] [cli_server/cli_server.py:106]: Log pipe server started
2026-09-21 21:46:37,953 [WARNING] [MainThread] [deprecation/deprecation.py:161]: [DEPRECATED] BarAlignment: 'center' - Use 'align' instead.
2026-09-21 21:46:37,953 [WARNING] [MainThread] [deprecation/deprecation.py:161]: [DEPRECATED] BarBlurEffect: 'acrylic' - No longer supported and can be removed from the config.
2026-09-21 21:46:38,161 [WARNING] [MainThread] [deprecation/deprecation.py:161]: [DEPRECATED] KomorebiWorkspacesConfig: 'animation' - Use CSS animations instead.
2026-09-21 21:46:38,810 [WARNING] [MainThread] [deprecation/deprecation.py:165]: [DEPRECATED] VolumeConfig: 'volume_icons' renamed to 'icons' - Use 'icons' with the dictionary format instead.
2026-09-21 21:46:38,839 [INFO] [MainThread] [root/service.py:52]: AudioOutputService starting...
2026-09-21 21:46:39,809 [INFO] [MainThread] [root/bar_manager.py:103]: Starting SystemEventListener...
2026-09-21 21:46:39,809 [INFO] [MainThread] [root/bar_manager.py:103]: Starting KomorebiEventListener...
2026-09-21 21:46:39,811 [INFO] [Dummy-6] [root/event_listener.py:54]: Created named pipe yasb-d39d6165-b5d7-11f1-b393-b4b5b698724c
2026-09-21 21:46:39,812 [INFO] [MainThread] [root/watcher.py:65]: Watching directory: c:\users\daeyu\.config\yasb
2026-09-21 21:46:39,812 [INFO] [MainThread] [root/watcher.py:104]: Created file watcher
2026-09-21 21:46:39,838 [INFO] [MainThread] [root/update_service.py:434]: Background update checker started
2026-09-21 21:46:39,967 [WARNING] [UpdateChecker] [root/update_service.py:300]: Network error checking for updates: [Errno 11001] getaddrinfo failed
2026-09-21 21:46:39,967 [WARNING] [UpdateChecker] [root/update_service.py:430]: Background update check failed: <urlopen error [Errno 11001] getaddrinfo failed>
2026-09-21 21:46:40,356 [WARNING] [Dummy-6] [root/event_listener.py:134]: Komorebi failed to subscribe named pipe. Komorebi is not running, please start Komorebi.
2026-09-21 21:46:45,445 [INFO] [Dummy-6] [root/event_listener.py:147]: Komorebi connected to named pipe: yasb-d39d6165-b5d7-11f1-b393-b4b5b698724c
2026-09-21 22:07:18,185 [INFO] [MainThread] [root/log.py:103]: YASB v2.0.7
2026-09-21 22:07:18,186 [INFO] [CLIPipeServer] [cli_server/cli_server.py:216]: CLI server started v1.1.7
2026-09-21 22:07:18,187 [INFO] [MainThread] [cli_server/cli_server.py:106]: Log pipe server started
2026-09-21 22:07:18,187 [ERROR] [MainThread] [root/main.py:46]: Another instance of the YASB is already running.
2026-09-21 22:09:44,968 [WARNING] [MainThread] [deprecation/deprecation.py:161]: [DEPRECATED] BarAlignment: 'center' - Use 'align' instead.
2026-09-21 22:09:44,979 [WARNING] [MainThread] [deprecation/deprecation.py:161]: [DEPRECATED] BarBlurEffect: 'acrylic' - No longer supported and can be removed from the config.
2026-09-21 22:09:44,998 [INFO] [MainThread] [root/controller.py:21]: Reloading Application because of config change.
2026-09-21 22:09:45,115 [INFO] [MainThread] [cli_server/cli_server.py:114]: Log pipe server stopped
2026-09-21 22:09:47,412 [INFO] [MainThread] [root/bar_manager.py:93]: Successfully loaded updated config and re-initialised all bars.
2026-09-21 22:09:47,763 [INFO] [MainThread] [root/bar_manager.py:119]: Stopping SystemEventListener...
2026-09-21 22:09:47,775 [INFO] [MainThread] [root/bar_manager.py:119]: Stopping KomorebiEventListener...
2026-09-21 22:09:49,577 [INFO] [MainThread] [root/log.py:103]: YASB v2.0.7
2026-09-21 22:09:49,578 [INFO] [CLIPipeServer] [cli_server/cli_server.py:216]: CLI server started v1.1.7
2026-09-21 22:09:49,579 [INFO] [MainThread] [cli_server/cli_server.py:106]: Log pipe server started
2026-09-21 22:09:49,676 [WARNING] [MainThread] [deprecation/deprecation.py:161]: [DEPRECATED] BarAlignment: 'center' - Use 'align' instead.
2026-09-21 22:09:49,676 [WARNING] [MainThread] [deprecation/deprecation.py:161]: [DEPRECATED] BarBlurEffect: 'acrylic' - No longer supported and can be removed from the config.
2026-09-21 22:09:50,094 [WARNING] [MainThread] [deprecation/deprecation.py:161]: [DEPRECATED] KomorebiWorkspacesConfig: 'animation' - Use CSS animations instead.
2026-09-21 22:09:51,411 [WARNING] [MainThread] [deprecation/deprecation.py:165]: [DEPRECATED] VolumeConfig: 'volume_icons' renamed to 'icons' - Use 'icons' with the dictionary format instead.
2026-09-21 22:09:51,456 [INFO] [MainThread] [root/service.py:52]: AudioOutputService starting...
2026-09-21 22:09:53,602 [INFO] [MainThread] [root/bar_manager.py:103]: Starting SystemEventListener...
2026-09-21 22:09:53,603 [INFO] [MainThread] [root/bar_manager.py:103]: Starting KomorebiEventListener...
2026-09-21 22:09:53,606 [INFO] [Dummy-6] [root/event_listener.py:54]: Created named pipe yasb-126166c6-b5db-11f1-8957-b4b5b698724c
2026-09-21 22:09:53,607 [INFO] [MainThread] [root/watcher.py:65]: Watching directory: c:\users\daeyu\.config\yasb
2026-09-21 22:09:53,608 [INFO] [MainThread] [root/watcher.py:104]: Created file watcher
2026-09-21 22:09:53,684 [INFO] [MainThread] [root/update_service.py:434]: Background update checker started
2026-09-21 22:09:54,822 [INFO] [Dummy-6] [root/event_listener.py:147]: Komorebi connected to named pipe: yasb-126166c6-b5db-11f1-8957-b4b5b698724c
2026-09-21 22:09:55,437 [ERROR] [Dummy-6] [root/client.py:41]: Komorebi state query timed out in 0.5 seconds
2026-09-21 22:09:55,438 [ERROR] [Dummy-6] [root/event_listener.py:151]: Failed to retrieve komorebi state before starting event listener: None returned. Retrying in 2 second... Is komorebi online and its binaries added to $PATH?
2026-09-21 22:10:29,225 [INFO] [MainThread] [root/controller.py:21]: Reloading Application from tray...
2026-09-21 22:10:29,330 [INFO] [MainThread] [cli_server/cli_server.py:114]: Log pipe server stopped
2026-09-21 22:10:29,740 [INFO] [MainThread] [root/bar_manager.py:119]: Stopping SystemEventListener...
2026-09-21 22:10:29,770 [INFO] [MainThread] [root/bar_manager.py:119]: Stopping KomorebiEventListener...
2026-09-21 22:10:31,473 [INFO] [MainThread] [root/log.py:103]: YASB v2.0.7
2026-09-21 22:10:31,475 [INFO] [CLIPipeServer] [cli_server/cli_server.py:216]: CLI server started v1.1.7
2026-09-21 22:10:31,476 [INFO] [MainThread] [cli_server/cli_server.py:106]: Log pipe server started
2026-09-21 22:10:31,546 [WARNING] [MainThread] [deprecation/deprecation.py:161]: [DEPRECATED] BarAlignment: 'center' - Use 'align' instead.
2026-09-21 22:10:31,546 [WARNING] [MainThread] [deprecation/deprecation.py:161]: [DEPRECATED] BarBlurEffect: 'acrylic' - No longer supported and can be removed from the config.
2026-09-21 22:10:31,647 [WARNING] [MainThread] [deprecation/deprecation.py:161]: [DEPRECATED] KomorebiWorkspacesConfig: 'animation' - Use CSS animations instead.
2026-09-21 22:10:32,189 [WARNING] [MainThread] [deprecation/deprecation.py:165]: [DEPRECATED] VolumeConfig: 'volume_icons' renamed to 'icons' - Use 'icons' with the dictionary format instead.
2026-09-21 22:10:32,232 [INFO] [MainThread] [root/service.py:52]: AudioOutputService starting...
2026-09-21 22:10:33,629 [INFO] [MainThread] [root/bar_manager.py:103]: Starting SystemEventListener...
2026-09-21 22:10:33,630 [INFO] [MainThread] [root/bar_manager.py:103]: Starting KomorebiEventListener...
2026-09-21 22:10:33,632 [INFO] [Dummy-6] [root/event_listener.py:54]: Created named pipe yasb-2a3d1dc9-b5db-11f1-9934-b4b5b698724c
2026-09-21 22:10:33,633 [INFO] [MainThread] [root/watcher.py:65]: Watching directory: c:\users\daeyu\.config\yasb
2026-09-21 22:10:33,634 [INFO] [MainThread] [root/watcher.py:104]: Created file watcher
2026-09-21 22:10:33,703 [INFO] [MainThread] [root/update_service.py:434]: Background update checker started
2026-09-21 22:10:33,917 [INFO] [Dummy-6] [root/event_listener.py:147]: Komorebi connected to named pipe: yasb-2a3d1dc9-b5db-11f1-9934-b4b5b698724c
2026-09-21 22:11:29,756 [WARNING] [MainThread] [deprecation/deprecation.py:161]: [DEPRECATED] BarAlignment: 'center' - Use 'align' instead.
2026-09-21 22:11:29,757 [WARNING] [MainThread] [deprecation/deprecation.py:161]: [DEPRECATED] BarBlurEffect: 'acrylic' - No longer supported and can be removed from the config.
2026-09-21 22:11:29,759 [INFO] [MainThread] [root/controller.py:21]: Reloading Application because of config change.
2026-09-21 22:11:29,872 [INFO] [MainThread] [cli_server/cli_server.py:114]: Log pipe server stopped
2026-09-21 22:11:29,888 [INFO] [MainThread] [root/bar_manager.py:93]: Successfully loaded updated config and re-initialised all bars.
2026-09-21 22:11:30,259 [INFO] [MainThread] [root/bar_manager.py:119]: Stopping SystemEventListener...
2026-09-21 22:11:30,278 [INFO] [MainThread] [root/bar_manager.py:119]: Stopping KomorebiEventListener...
2026-09-21 22:11:31,942 [INFO] [MainThread] [root/log.py:103]: YASB v2.0.7
2026-09-21 22:11:31,944 [INFO] [CLIPipeServer] [cli_server/cli_server.py:216]: CLI server started v1.1.7
2026-09-21 22:11:31,945 [INFO] [MainThread] [cli_server/cli_server.py:106]: Log pipe server started
2026-09-21 22:11:32,065 [WARNING] [MainThread] [deprecation/deprecation.py:161]: [DEPRECATED] BarAlignment: 'center' - Use 'align' instead.
2026-09-21 22:11:32,065 [WARNING] [MainThread] [deprecation/deprecation.py:161]: [DEPRECATED] BarBlurEffect: 'acrylic' - No longer supported and can be removed from the config.
2026-09-21 22:11:32,165 [WARNING] [MainThread] [deprecation/deprecation.py:161]: [DEPRECATED] KomorebiWorkspacesConfig: 'animation' - Use CSS animations instead.
2026-09-21 22:11:32,753 [WARNING] [MainThread] [deprecation/deprecation.py:165]: [DEPRECATED] VolumeConfig: 'volume_icons' renamed to 'icons' - Use 'icons' with the dictionary format instead.
2026-09-21 22:11:32,793 [INFO] [MainThread] [root/service.py:52]: AudioOutputService starting...
2026-09-21 22:11:34,140 [INFO] [MainThread] [root/bar_manager.py:103]: Starting SystemEventListener...
2026-09-21 22:11:34,142 [INFO] [MainThread] [root/bar_manager.py:103]: Starting KomorebiEventListener...
2026-09-21 22:11:34,145 [INFO] [Dummy-6] [root/event_listener.py:54]: Created named pipe yasb-4e4e74c5-b5db-11f1-b43b-b4b5b698724c
2026-09-21 22:11:34,146 [INFO] [MainThread] [root/watcher.py:65]: Watching directory: c:\users\daeyu\.config\yasb
2026-09-21 22:11:34,146 [INFO] [MainThread] [root/watcher.py:104]: Created file watcher
2026-09-21 22:11:34,206 [INFO] [MainThread] [root/update_service.py:434]: Background update checker started
2026-09-21 22:11:34,493 [INFO] [Dummy-6] [root/event_listener.py:147]: Komorebi connected to named pipe: yasb-4e4e74c5-b5db-11f1-b43b-b4b5b698724c
2026-09-21 22:12:14,556 [WARNING] [MainThread] [deprecation/deprecation.py:161]: [DEPRECATED] BarAlignment: 'center' - Use 'align' instead.
2026-09-21 22:12:14,557 [WARNING] [MainThread] [deprecation/deprecation.py:161]: [DEPRECATED] BarBlurEffect: 'acrylic' - No longer supported and can be removed from the config.
2026-09-21 22:12:14,558 [INFO] [MainThread] [root/controller.py:21]: Reloading Application because of config change.
2026-09-21 22:12:14,659 [INFO] [MainThread] [cli_server/cli_server.py:114]: Log pipe server stopped
2026-09-21 22:12:14,672 [INFO] [MainThread] [root/bar_manager.py:93]: Successfully loaded updated config and re-initialised all bars.
2026-09-21 22:12:15,020 [INFO] [MainThread] [root/bar_manager.py:119]: Stopping SystemEventListener...
2026-09-21 22:12:15,033 [INFO] [MainThread] [root/bar_manager.py:119]: Stopping KomorebiEventListener...
2026-09-21 22:12:16,642 [INFO] [MainThread] [root/log.py:103]: YASB v2.0.7
2026-09-21 22:12:16,644 [INFO] [CLIPipeServer] [cli_server/cli_server.py:216]: CLI server started v1.1.7
2026-09-21 22:12:16,645 [INFO] [MainThread] [cli_server/cli_server.py:106]: Log pipe server started
2026-09-21 22:12:16,722 [WARNING] [MainThread] [deprecation/deprecation.py:161]: [DEPRECATED] BarAlignment: 'center' - Use 'align' instead.
2026-09-21 22:12:16,723 [WARNING] [MainThread] [deprecation/deprecation.py:161]: [DEPRECATED] BarBlurEffect: 'acrylic' - No longer supported and can be removed from the config.
2026-09-21 22:12:16,890 [WARNING] [MainThread] [deprecation/deprecation.py:161]: [DEPRECATED] KomorebiWorkspacesConfig: 'animation' - Use CSS animations instead.
2026-09-21 22:12:17,514 [WARNING] [MainThread] [deprecation/deprecation.py:165]: [DEPRECATED] VolumeConfig: 'volume_icons' renamed to 'icons' - Use 'icons' with the dictionary format instead.
2026-09-21 22:12:17,555 [INFO] [MainThread] [root/service.py:52]: AudioOutputService starting...
2026-09-21 22:12:18,865 [INFO] [MainThread] [root/bar_manager.py:103]: Starting SystemEventListener...
2026-09-21 22:12:18,867 [INFO] [MainThread] [root/bar_manager.py:103]: Starting KomorebiEventListener...
2026-09-21 22:12:18,871 [INFO] [MainThread] [root/watcher.py:65]: Watching directory: c:\users\daeyu\.config\yasb
2026-09-21 22:12:18,871 [INFO] [MainThread] [root/watcher.py:104]: Created file watcher
2026-09-21 22:12:18,872 [INFO] [Dummy-7] [root/event_listener.py:54]: Created named pipe yasb-68f7131b-b5db-11f1-83c3-b4b5b698724c
2026-09-21 22:12:18,939 [INFO] [MainThread] [root/update_service.py:434]: Background update checker started
2026-09-21 22:12:19,222 [INFO] [Dummy-7] [root/event_listener.py:147]: Komorebi connected to named pipe: yasb-68f7131b-b5db-11f1-83c3-b4b5b698724c
2026-09-21 22:12:38,505 [INFO] [MainThread] [root/controller.py:21]: Reloading Application from tray...
2026-09-21 22:12:38,615 [INFO] [MainThread] [cli_server/cli_server.py:114]: Log pipe server stopped
2026-09-21 22:12:39,114 [INFO] [MainThread] [root/bar_manager.py:119]: Stopping SystemEventListener...
2026-09-21 22:12:39,151 [INFO] [MainThread] [root/bar_manager.py:119]: Stopping KomorebiEventListener...
2026-09-21 22:12:40,676 [INFO] [MainThread] [root/log.py:103]: YASB v2.0.7
2026-09-21 22:12:40,678 [INFO] [CLIPipeServer] [cli_server/cli_server.py:216]: CLI server started v1.1.7
2026-09-21 22:12:40,680 [INFO] [MainThread] [cli_server/cli_server.py:106]: Log pipe server started
2026-09-21 22:12:40,760 [WARNING] [MainThread] [deprecation/deprecation.py:161]: [DEPRECATED] BarAlignment: 'center' - Use 'align' instead.
2026-09-21 22:12:40,760 [WARNING] [MainThread] [deprecation/deprecation.py:161]: [DEPRECATED] BarBlurEffect: 'acrylic' - No longer supported and can be removed from the config.
2026-09-21 22:12:40,817 [WARNING] [MainThread] [deprecation/deprecation.py:161]: [DEPRECATED] KomorebiWorkspacesConfig: 'animation' - Use CSS animations instead.
2026-09-21 22:12:41,209 [WARNING] [MainThread] [deprecation/deprecation.py:165]: [DEPRECATED] VolumeConfig: 'volume_icons' renamed to 'icons' - Use 'icons' with the dictionary format instead.
2026-09-21 22:12:41,252 [INFO] [MainThread] [root/service.py:52]: AudioOutputService starting...
2026-09-21 22:12:42,603 [INFO] [MainThread] [root/bar_manager.py:103]: Starting KomorebiEventListener...
2026-09-21 22:12:42,604 [INFO] [MainThread] [root/bar_manager.py:103]: Starting SystemEventListener...
2026-09-21 22:12:42,606 [INFO] [Dummy-5] [root/event_listener.py:54]: Created named pipe yasb-771ce187-b5db-11f1-9d05-b4b5b698724c
2026-09-21 22:12:42,611 [INFO] [MainThread] [root/watcher.py:65]: Watching directory: c:\users\daeyu\.config\yasb
2026-09-21 22:12:42,611 [INFO] [MainThread] [root/watcher.py:104]: Created file watcher
2026-09-21 22:12:42,692 [INFO] [MainThread] [root/update_service.py:434]: Background update checker started
2026-09-21 22:12:42,932 [INFO] [Dummy-5] [root/event_listener.py:147]: Komorebi connected to named pipe: yasb-771ce187-b5db-11f1-9d05-b4b5b698724c
2026-09-21 22:12:57,649 [INFO] [MainThread] [root/log.py:103]: YASB v2.0.7
2026-09-21 22:12:57,651 [INFO] [CLIPipeServer] [cli_server/cli_server.py:216]: CLI server started v1.1.7
2026-09-21 22:12:57,652 [INFO] [MainThread] [cli_server/cli_server.py:106]: Log pipe server started
2026-09-21 22:12:57,653 [ERROR] [MainThread] [root/main.py:46]: Another instance of the YASB is already running.
2026-09-21 22:13:03,967 [INFO] [MainThread] [root/log.py:103]: YASB v2.0.7
2026-09-21 22:13:03,969 [INFO] [CLIPipeServer] [cli_server/cli_server.py:216]: CLI server started v1.1.7
2026-09-21 22:13:03,970 [INFO] [MainThread] [cli_server/cli_server.py:106]: Log pipe server started
2026-09-21 22:13:03,971 [ERROR] [MainThread] [root/main.py:46]: Another instance of the YASB is already running.
2026-09-21 22:13:12,321 [INFO] [MainThread] [root/log.py:103]: YASB v2.0.7
2026-09-21 22:13:12,323 [INFO] [CLIPipeServer] [cli_server/cli_server.py:216]: CLI server started v1.1.7
2026-09-21 22:13:12,324 [INFO] [MainThread] [cli_server/cli_server.py:106]: Log pipe server started
2026-09-21 22:13:12,326 [ERROR] [MainThread] [root/main.py:46]: Another instance of the YASB is already running.
2026-09-21 22:15:00,384 [WARNING] [MainThread] [deprecation/deprecation.py:161]: [DEPRECATED] BarAlignment: 'center' - Use 'align' instead.
2026-09-21 22:15:00,384 [WARNING] [MainThread] [deprecation/deprecation.py:161]: [DEPRECATED] BarBlurEffect: 'acrylic' - No longer supported and can be removed from the config.
2026-09-21 22:15:00,389 [INFO] [MainThread] [root/controller.py:21]: Reloading Application because of config change.
2026-09-21 22:15:00,503 [INFO] [MainThread] [cli_server/cli_server.py:114]: Log pipe server stopped
2026-09-21 22:15:00,522 [INFO] [MainThread] [root/bar_manager.py:93]: Successfully loaded updated config and re-initialised all bars.
2026-09-21 22:15:00,910 [INFO] [MainThread] [root/bar_manager.py:119]: Stopping KomorebiEventListener...
2026-09-21 22:15:00,959 [INFO] [MainThread] [root/bar_manager.py:119]: Stopping SystemEventListener...
2026-09-21 22:15:02,622 [INFO] [MainThread] [root/log.py:103]: YASB v2.0.7
2026-09-21 22:15:02,623 [INFO] [CLIPipeServer] [cli_server/cli_server.py:216]: CLI server started v1.1.7
2026-09-21 22:15:02,624 [INFO] [MainThread] [cli_server/cli_server.py:106]: Log pipe server started
2026-09-21 22:15:02,754 [WARNING] [MainThread] [deprecation/deprecation.py:161]: [DEPRECATED] BarAlignment: 'center' - Use 'align' instead.
2026-09-21 22:15:02,754 [WARNING] [MainThread] [deprecation/deprecation.py:161]: [DEPRECATED] BarBlurEffect: 'acrylic' - No longer supported and can be removed from the config.
2026-09-21 22:15:02,896 [WARNING] [MainThread] [deprecation/deprecation.py:161]: [DEPRECATED] KomorebiWorkspacesConfig: 'animation' - Use CSS animations instead.
2026-09-21 22:15:03,572 [WARNING] [MainThread] [deprecation/deprecation.py:165]: [DEPRECATED] VolumeConfig: 'volume_icons' renamed to 'icons' - Use 'icons' with the dictionary format instead.
2026-09-21 22:15:03,615 [INFO] [MainThread] [root/service.py:52]: AudioOutputService starting...
2026-09-21 22:15:05,480 [INFO] [MainThread] [root/bar_manager.py:103]: Starting SystemEventListener...
2026-09-21 22:15:05,481 [INFO] [MainThread] [root/bar_manager.py:103]: Starting KomorebiEventListener...
2026-09-21 22:15:05,484 [INFO] [Dummy-5] [root/event_listener.py:54]: Created named pipe yasb-cc4641f0-b5db-11f1-9e10-b4b5b698724c
2026-09-21 22:15:05,486 [INFO] [MainThread] [root/watcher.py:65]: Watching directory: c:\users\daeyu\.config\yasb
2026-09-21 22:15:05,487 [INFO] [MainThread] [root/watcher.py:104]: Created file watcher
2026-09-21 22:15:05,567 [INFO] [MainThread] [root/update_service.py:434]: Background update checker started
2026-09-21 22:15:06,891 [INFO] [Dummy-5] [root/event_listener.py:147]: Komorebi connected to named pipe: yasb-cc4641f0-b5db-11f1-9e10-b4b5b698724c
2026-09-21 22:15:46,160 [WARNING] [MainThread] [deprecation/deprecation.py:161]: [DEPRECATED] BarAlignment: 'center' - Use 'align' instead.
2026-09-21 22:15:46,161 [WARNING] [MainThread] [deprecation/deprecation.py:161]: [DEPRECATED] BarBlurEffect: 'acrylic' - No longer supported and can be removed from the config.
2026-09-21 22:15:46,162 [INFO] [MainThread] [root/controller.py:21]: Reloading Application because of config change.
2026-09-21 22:15:46,276 [INFO] [MainThread] [cli_server/cli_server.py:114]: Log pipe server stopped
2026-09-21 22:15:46,290 [INFO] [MainThread] [root/bar_manager.py:93]: Successfully loaded updated config and re-initialised all bars.
2026-09-21 22:15:46,642 [INFO] [MainThread] [root/bar_manager.py:119]: Stopping SystemEventListener...
2026-09-21 22:15:46,659 [INFO] [MainThread] [root/bar_manager.py:119]: Stopping KomorebiEventListener...
2026-09-21 22:15:48,273 [INFO] [MainThread] [root/log.py:103]: YASB v2.0.7
2026-09-21 22:15:48,275 [INFO] [CLIPipeServer] [cli_server/cli_server.py:216]: CLI server started v1.1.7
2026-09-21 22:15:48,277 [INFO] [MainThread] [cli_server/cli_server.py:106]: Log pipe server started
2026-09-21 22:15:48,375 [WARNING] [MainThread] [deprecation/deprecation.py:161]: [DEPRECATED] BarAlignment: 'center' - Use 'align' instead.
2026-09-21 22:15:48,375 [WARNING] [MainThread] [deprecation/deprecation.py:161]: [DEPRECATED] BarBlurEffect: 'acrylic' - No longer supported and can be removed from the config.
2026-09-21 22:15:48,498 [WARNING] [MainThread] [deprecation/deprecation.py:161]: [DEPRECATED] KomorebiWorkspacesConfig: 'animation' - Use CSS animations instead.
2026-09-21 22:15:48,824 [WARNING] [MainThread] [deprecation/deprecation.py:165]: [DEPRECATED] VolumeConfig: 'volume_icons' renamed to 'icons' - Use 'icons' with the dictionary format instead.
2026-09-21 22:15:48,869 [INFO] [MainThread] [root/service.py:52]: AudioOutputService starting...
2026-09-21 22:15:50,324 [INFO] [MainThread] [root/bar_manager.py:103]: Starting SystemEventListener...
2026-09-21 22:15:50,325 [INFO] [MainThread] [root/bar_manager.py:103]: Starting KomorebiEventListener...
2026-09-21 22:15:50,328 [INFO] [Dummy-6] [root/event_listener.py:54]: Created named pipe yasb-e700f278-b5db-11f1-8bbb-b4b5b698724c
2026-09-21 22:15:50,328 [INFO] [MainThread] [root/watcher.py:65]: Watching directory: c:\users\daeyu\.config\yasb
2026-09-21 22:15:50,329 [INFO] [MainThread] [root/watcher.py:104]: Created file watcher
2026-09-21 22:15:50,387 [INFO] [MainThread] [root/update_service.py:434]: Background update checker started
2026-09-21 22:15:50,603 [INFO] [Dummy-6] [root/event_listener.py:147]: Komorebi connected to named pipe: yasb-e700f278-b5db-11f1-8bbb-b4b5b698724c
2026-09-21 22:16:20,274 [WARNING] [MainThread] [deprecation/deprecation.py:161]: [DEPRECATED] BarAlignment: 'center' - Use 'align' instead.
2026-09-21 22:16:20,275 [WARNING] [MainThread] [deprecation/deprecation.py:161]: [DEPRECATED] BarBlurEffect: 'acrylic' - No longer supported and can be removed from the config.
2026-09-21 22:16:20,276 [INFO] [MainThread] [root/controller.py:21]: Reloading Application because of config change.
2026-09-21 22:16:20,377 [INFO] [MainThread] [cli_server/cli_server.py:114]: Log pipe server stopped
2026-09-21 22:16:20,434 [INFO] [MainThread] [root/bar_manager.py:93]: Successfully loaded updated config and re-initialised all bars.
2026-09-21 22:16:20,766 [INFO] [MainThread] [root/bar_manager.py:119]: Stopping SystemEventListener...
2026-09-21 22:16:20,782 [INFO] [MainThread] [root/bar_manager.py:119]: Stopping KomorebiEventListener...
2026-09-21 22:16:22,654 [INFO] [MainThread] [root/log.py:103]: YASB v2.0.7
2026-09-21 22:16:22,657 [INFO] [CLIPipeServer] [cli_server/cli_server.py:216]: CLI server started v1.1.7
2026-09-21 22:16:22,658 [INFO] [MainThread] [cli_server/cli_server.py:106]: Log pipe server started
2026-09-21 22:16:22,748 [WARNING] [MainThread] [deprecation/deprecation.py:161]: [DEPRECATED] BarAlignment: 'center' - Use 'align' instead.
2026-09-21 22:16:22,749 [WARNING] [MainThread] [deprecation/deprecation.py:161]: [DEPRECATED] BarBlurEffect: 'acrylic' - No longer supported and can be removed from the config.
2026-09-21 22:16:22,878 [WARNING] [MainThread] [deprecation/deprecation.py:161]: [DEPRECATED] KomorebiWorkspacesConfig: 'animation' - Use CSS animations instead.
2026-09-21 22:16:23,168 [WARNING] [MainThread] [root/widget_builder.py:39]: No widget config could be found for widget 'wallpapers
2026-09-21 22:16:23,296 [WARNING] [MainThread] [deprecation/deprecation.py:165]: [DEPRECATED] VolumeConfig: 'volume_icons' renamed to 'icons' - Use 'icons' with the dictionary format instead.
2026-09-21 22:16:23,340 [INFO] [MainThread] [root/service.py:52]: AudioOutputService starting...
2026-09-21 22:16:24,843 [INFO] [MainThread] [root/bar_manager.py:103]: Starting KomorebiEventListener...
2026-09-21 22:16:24,844 [INFO] [MainThread] [root/bar_manager.py:103]: Starting SystemEventListener...
2026-09-21 22:16:24,844 [ERROR] [MainThread] [root/widget_builder.py:100]: Failed to add undefined widget(s)  - The widget "wallpapers" is undefined.
2026-09-21 22:16:24,887 [INFO] [Dummy-5] [root/event_listener.py:54]: Created named pipe yasb-fb93ec7f-b5db-11f1-891a-b4b5b698724c
2026-09-21 22:16:25,023 [INFO] [MainThread] [root/watcher.py:65]: Watching directory: c:\users\daeyu\.config\yasb
2026-09-21 22:16:25,023 [INFO] [MainThread] [root/watcher.py:104]: Created file watcher
2026-09-21 22:16:25,094 [INFO] [MainThread] [root/update_service.py:434]: Background update checker started
2026-09-21 22:16:25,190 [INFO] [Dummy-5] [root/event_listener.py:147]: Komorebi connected to named pipe: yasb-fb93ec7f-b5db-11f1-891a-b4b5b698724c
2026-09-21 22:16:36,783 [WARNING] [MainThread] [deprecation/deprecation.py:161]: [DEPRECATED] BarAlignment: 'center' - Use 'align' instead.
2026-09-21 22:16:36,784 [WARNING] [MainThread] [deprecation/deprecation.py:161]: [DEPRECATED] BarBlurEffect: 'acrylic' - No longer supported and can be removed from the config.
2026-09-21 22:16:36,785 [INFO] [MainThread] [root/controller.py:21]: Reloading Application because of config change.
2026-09-21 22:16:36,887 [INFO] [MainThread] [cli_server/cli_server.py:114]: Log pipe server stopped
2026-09-21 22:16:36,943 [INFO] [MainThread] [root/bar_manager.py:93]: Successfully loaded updated config and re-initialised all bars.
2026-09-21 22:16:37,264 [INFO] [MainThread] [root/bar_manager.py:119]: Stopping KomorebiEventListener...
2026-09-21 22:16:37,272 [INFO] [MainThread] [root/bar_manager.py:119]: Stopping SystemEventListener...
2026-09-21 22:16:38,875 [INFO] [MainThread] [root/log.py:103]: YASB v2.0.7
2026-09-21 22:16:38,877 [INFO] [CLIPipeServer] [cli_server/cli_server.py:216]: CLI server started v1.1.7
2026-09-21 22:16:38,878 [INFO] [MainThread] [cli_server/cli_server.py:106]: Log pipe server started
2026-09-21 22:16:38,965 [WARNING] [MainThread] [deprecation/deprecation.py:161]: [DEPRECATED] BarAlignment: 'center' - Use 'align' instead.
2026-09-21 22:16:38,966 [WARNING] [MainThread] [deprecation/deprecation.py:161]: [DEPRECATED] BarBlurEffect: 'acrylic' - No longer supported and can be removed from the config.
2026-09-21 22:16:39,111 [WARNING] [MainThread] [deprecation/deprecation.py:161]: [DEPRECATED] KomorebiWorkspacesConfig: 'animation' - Use CSS animations instead.
2026-09-21 22:16:39,618 [WARNING] [MainThread] [deprecation/deprecation.py:161]: [DEPRECATED] WallpapersConfig: 'animation' - Use CSS animations instead.
2026-09-21 22:16:39,726 [WARNING] [MainThread] [deprecation/deprecation.py:165]: [DEPRECATED] VolumeConfig: 'volume_icons' renamed to 'icons' - Use 'icons' with the dictionary format instead.
2026-09-21 22:16:39,769 [INFO] [MainThread] [root/service.py:52]: AudioOutputService starting...
2026-09-21 22:16:41,215 [INFO] [MainThread] [root/bar_manager.py:103]: Starting KomorebiEventListener...
2026-09-21 22:16:41,216 [INFO] [MainThread] [root/bar_manager.py:103]: Starting SystemEventListener...
2026-09-21 22:16:41,216 [ERROR] [MainThread] [root/widget_builder.py:114]: Failed to validate widget(s) due to invalid options  - wallpapers
      gallery:
        type:
        - Input should be 'default', 'magnified', 'strip' or 'slide'
        image_height:
        - Extra inputs are not permitted
      
2026-09-21 22:16:41,219 [INFO] [Dummy-5] [root/event_listener.py:54]: Created named pipe yasb-05562e2c-b5dc-11f1-8e65-b4b5b698724c
2026-09-21 22:16:41,293 [INFO] [MainThread] [root/watcher.py:65]: Watching directory: c:\users\daeyu\.config\yasb
2026-09-21 22:16:41,293 [INFO] [MainThread] [root/watcher.py:104]: Created file watcher
2026-09-21 22:16:41,370 [INFO] [MainThread] [root/update_service.py:434]: Background update checker started
2026-09-21 22:16:41,537 [INFO] [Dummy-5] [root/event_listener.py:147]: Komorebi connected to named pipe: yasb-05562e2c-b5dc-11f1-8e65-b4b5b698724c
2026-09-21 22:17:01,947 [WARNING] [MainThread] [deprecation/deprecation.py:161]: [DEPRECATED] BarAlignment: 'center' - Use 'align' instead.
2026-09-21 22:17:01,948 [WARNING] [MainThread] [deprecation/deprecation.py:161]: [DEPRECATED] BarBlurEffect: 'acrylic' - No longer supported and can be removed from the config.
2026-09-21 22:17:01,949 [INFO] [MainThread] [root/controller.py:21]: Reloading Application because of config change.
2026-09-21 22:17:02,059 [INFO] [MainThread] [cli_server/cli_server.py:114]: Log pipe server stopped
2026-09-21 22:17:02,075 [INFO] [MainThread] [root/bar_manager.py:93]: Successfully loaded updated config and re-initialised all bars.
2026-09-21 22:17:02,431 [INFO] [MainThread] [root/bar_manager.py:119]: Stopping KomorebiEventListener...
2026-09-21 22:17:02,438 [INFO] [MainThread] [root/bar_manager.py:119]: Stopping SystemEventListener...
2026-09-21 22:17:04,158 [INFO] [MainThread] [root/log.py:103]: YASB v2.0.7
2026-09-21 22:17:04,161 [INFO] [CLIPipeServer] [cli_server/cli_server.py:216]: CLI server started v1.1.7
2026-09-21 22:17:04,162 [INFO] [MainThread] [cli_server/cli_server.py:106]: Log pipe server started
2026-09-21 22:17:04,279 [WARNING] [MainThread] [deprecation/deprecation.py:161]: [DEPRECATED] BarAlignment: 'center' - Use 'align' instead.
2026-09-21 22:17:04,280 [WARNING] [MainThread] [deprecation/deprecation.py:161]: [DEPRECATED] BarBlurEffect: 'acrylic' - No longer supported and can be removed from the config.
2026-09-21 22:17:04,446 [WARNING] [MainThread] [deprecation/deprecation.py:161]: [DEPRECATED] KomorebiWorkspacesConfig: 'animation' - Use CSS animations instead.
2026-09-21 22:17:05,003 [WARNING] [MainThread] [deprecation/deprecation.py:165]: [DEPRECATED] VolumeConfig: 'volume_icons' renamed to 'icons' - Use 'icons' with the dictionary format instead.
2026-09-21 22:17:05,079 [INFO] [MainThread] [root/service.py:52]: AudioOutputService starting...
2026-09-21 22:17:06,593 [INFO] [MainThread] [root/bar_manager.py:103]: Starting SystemEventListener...
2026-09-21 22:17:06,595 [INFO] [MainThread] [root/bar_manager.py:103]: Starting KomorebiEventListener...
2026-09-21 22:17:06,599 [INFO] [Dummy-5] [root/event_listener.py:54]: Created named pipe yasb-1476de12-b5dc-11f1-a5a9-b4b5b698724c
2026-09-21 22:17:06,600 [INFO] [MainThread] [root/watcher.py:65]: Watching directory: c:\users\daeyu\.config\yasb
2026-09-21 22:17:06,601 [INFO] [MainThread] [root/watcher.py:104]: Created file watcher
2026-09-21 22:17:06,680 [INFO] [MainThread] [root/update_service.py:434]: Background update checker started
2026-09-21 22:17:06,889 [INFO] [Dummy-5] [root/event_listener.py:147]: Komorebi connected to named pipe: yasb-1476de12-b5dc-11f1-a5a9-b4b5b698724c
2026-09-21 22:18:57,216 [WARNING] [MainThread] [deprecation/deprecation.py:161]: [DEPRECATED] BarAlignment: 'center' - Use 'align' instead.
2026-09-21 22:18:57,216 [WARNING] [MainThread] [deprecation/deprecation.py:161]: [DEPRECATED] BarBlurEffect: 'acrylic' - No longer supported and can be removed from the config.
2026-09-21 22:18:57,217 [INFO] [MainThread] [root/controller.py:21]: Reloading Application because of config change.
2026-09-21 22:18:57,324 [INFO] [MainThread] [cli_server/cli_server.py:114]: Log pipe server stopped
2026-09-21 22:18:57,370 [INFO] [MainThread] [root/bar_manager.py:93]: Successfully loaded updated config and re-initialised all bars.
2026-09-21 22:18:57,605 [INFO] [MainThread] [root/bar_manager.py:119]: Stopping SystemEventListener...
2026-09-21 22:18:57,623 [INFO] [MainThread] [root/bar_manager.py:119]: Stopping KomorebiEventListener...
2026-09-21 22:18:58,443 [INFO] [MainThread] [root/log.py:103]: YASB v2.0.7
2026-09-21 22:18:58,444 [INFO] [CLIPipeServer] [cli_server/cli_server.py:216]: CLI server started v1.1.7
2026-09-21 22:18:58,444 [INFO] [MainThread] [cli_server/cli_server.py:106]: Log pipe server started
2026-09-21 22:18:58,488 [WARNING] [MainThread] [deprecation/deprecation.py:161]: [DEPRECATED] BarAlignment: 'center' - Use 'align' instead.
2026-09-21 22:18:58,488 [WARNING] [MainThread] [deprecation/deprecation.py:161]: [DEPRECATED] BarBlurEffect: 'acrylic' - No longer supported and can be removed from the config.
2026-09-21 22:18:58,546 [WARNING] [MainThread] [deprecation/deprecation.py:161]: [DEPRECATED] KomorebiWorkspacesConfig: 'animation' - Use CSS animations instead.
2026-09-21 22:18:58,743 [WARNING] [MainThread] [deprecation/deprecation.py:165]: [DEPRECATED] VolumeConfig: 'volume_icons' renamed to 'icons' - Use 'icons' with the dictionary format instead.
2026-09-21 22:18:58,775 [INFO] [MainThread] [root/service.py:52]: AudioOutputService starting...
2026-09-21 22:18:58,893 [WARNING] [MainThread] [deprecation/deprecation.py:161]: [DEPRECATED] GalleryConfig: 'blur' - No longer supported and can be removed from the config.
2026-09-21 22:18:59,616 [INFO] [MainThread] [root/bar_manager.py:103]: Starting KomorebiEventListener...
2026-09-21 22:18:59,617 [INFO] [MainThread] [root/bar_manager.py:103]: Starting SystemEventListener...
2026-09-21 22:18:59,617 [ERROR] [MainThread] [root/widget_builder.py:114]: Failed to validate widget(s) due to invalid options  - wallpapers
      gallery:
        border_color:
        - Extra inputs are not permitted
        direction:
        - Extra inputs are not permitted
      
2026-09-21 22:18:59,618 [INFO] [Dummy-5] [root/event_listener.py:54]: Created named pipe yasb-57d46fb9-b5dc-11f1-933d-b4b5b698724c
2026-09-21 22:18:59,657 [INFO] [MainThread] [root/watcher.py:65]: Watching directory: c:\users\daeyu\.config\yasb
2026-09-21 22:18:59,657 [INFO] [MainThread] [root/watcher.py:104]: Created file watcher
2026-09-21 22:18:59,706 [INFO] [MainThread] [root/update_service.py:434]: Background update checker started
2026-09-21 22:18:59,775 [INFO] [Dummy-5] [root/event_listener.py:147]: Komorebi connected to named pipe: yasb-57d46fb9-b5dc-11f1-933d-b4b5b698724c
2026-09-21 22:19:17,682 [WARNING] [MainThread] [deprecation/deprecation.py:161]: [DEPRECATED] BarAlignment: 'center' - Use 'align' instead.
2026-09-21 22:19:17,683 [WARNING] [MainThread] [deprecation/deprecation.py:161]: [DEPRECATED] BarBlurEffect: 'acrylic' - No longer supported and can be removed from the config.
2026-09-21 22:19:17,683 [INFO] [MainThread] [root/controller.py:21]: Reloading Application because of config change.
2026-09-21 22:19:17,791 [INFO] [MainThread] [cli_server/cli_server.py:114]: Log pipe server stopped
2026-09-21 22:19:17,799 [INFO] [MainThread] [root/bar_manager.py:93]: Successfully loaded updated config and re-initialised all bars.
2026-09-21 22:19:17,983 [INFO] [MainThread] [root/bar_manager.py:119]: Stopping KomorebiEventListener...
2026-09-21 22:19:17,986 [INFO] [MainThread] [root/bar_manager.py:119]: Stopping SystemEventListener...
2026-09-21 22:19:18,868 [INFO] [MainThread] [root/log.py:103]: YASB v2.0.7
2026-09-21 22:19:18,868 [INFO] [CLIPipeServer] [cli_server/cli_server.py:216]: CLI server started v1.1.7
2026-09-21 22:19:18,869 [INFO] [MainThread] [cli_server/cli_server.py:106]: Log pipe server started
2026-09-21 22:19:18,913 [WARNING] [MainThread] [deprecation/deprecation.py:161]: [DEPRECATED] BarAlignment: 'center' - Use 'align' instead.
2026-09-21 22:19:18,913 [WARNING] [MainThread] [deprecation/deprecation.py:161]: [DEPRECATED] BarBlurEffect: 'acrylic' - No longer supported and can be removed from the config.
2026-09-21 22:19:18,968 [WARNING] [MainThread] [deprecation/deprecation.py:161]: [DEPRECATED] KomorebiWorkspacesConfig: 'animation' - Use CSS animations instead.
2026-09-21 22:19:19,148 [WARNING] [MainThread] [deprecation/deprecation.py:165]: [DEPRECATED] VolumeConfig: 'volume_icons' renamed to 'icons' - Use 'icons' with the dictionary format instead.
2026-09-21 22:19:19,172 [INFO] [MainThread] [root/service.py:52]: AudioOutputService starting...
2026-09-21 22:19:20,072 [INFO] [MainThread] [root/bar_manager.py:103]: Starting SystemEventListener...
2026-09-21 22:19:20,072 [INFO] [MainThread] [root/bar_manager.py:103]: Starting KomorebiEventListener...
2026-09-21 22:19:20,074 [INFO] [Dummy-6] [root/event_listener.py:54]: Created named pipe yasb-6405c79f-b5dc-11f1-87c4-b4b5b698724c
2026-09-21 22:19:20,075 [INFO] [MainThread] [root/watcher.py:65]: Watching directory: c:\users\daeyu\.config\yasb
2026-09-21 22:19:20,075 [INFO] [MainThread] [root/watcher.py:104]: Created file watcher
2026-09-21 22:19:20,115 [INFO] [MainThread] [root/update_service.py:434]: Background update checker started
2026-09-21 22:19:20,231 [INFO] [Dummy-6] [root/event_listener.py:147]: Komorebi connected to named pipe: yasb-6405c79f-b5dc-11f1-87c4-b4b5b698724c
2026-09-21 22:21:29,797 [INFO] [MainThread] [root/controller.py:21]: Reloading Bar from context menu...
2026-09-21 22:21:29,898 [INFO] [MainThread] [cli_server/cli_server.py:114]: Log pipe server stopped
2026-09-21 22:21:30,104 [INFO] [MainThread] [root/bar_manager.py:119]: Stopping SystemEventListener...
2026-09-21 22:21:30,111 [INFO] [MainThread] [root/bar_manager.py:119]: Stopping KomorebiEventListener...
2026-09-21 22:21:30,948 [INFO] [MainThread] [root/log.py:103]: YASB v2.0.7
2026-09-21 22:21:30,949 [INFO] [CLIPipeServer] [cli_server/cli_server.py:216]: CLI server started v1.1.7
2026-09-21 22:21:30,949 [INFO] [MainThread] [cli_server/cli_server.py:106]: Log pipe server started
2026-09-21 22:21:30,992 [WARNING] [MainThread] [deprecation/deprecation.py:161]: [DEPRECATED] BarAlignment: 'center' - Use 'align' instead.
2026-09-21 22:21:30,992 [WARNING] [MainThread] [deprecation/deprecation.py:161]: [DEPRECATED] BarBlurEffect: 'acrylic' - No longer supported and can be removed from the config.
2026-09-21 22:21:31,049 [WARNING] [MainThread] [deprecation/deprecation.py:161]: [DEPRECATED] KomorebiWorkspacesConfig: 'animation' - Use CSS animations instead.
2026-09-21 22:21:31,227 [WARNING] [MainThread] [deprecation/deprecation.py:165]: [DEPRECATED] VolumeConfig: 'volume_icons' renamed to 'icons' - Use 'icons' with the dictionary format instead.
2026-09-21 22:21:31,255 [INFO] [MainThread] [root/service.py:52]: AudioOutputService starting...
2026-09-21 22:21:32,161 [INFO] [MainThread] [root/bar_manager.py:103]: Starting KomorebiEventListener...
2026-09-21 22:21:32,162 [INFO] [MainThread] [root/bar_manager.py:103]: Starting SystemEventListener...
2026-09-21 22:21:32,163 [INFO] [Dummy-6] [root/event_listener.py:54]: Created named pipe yasb-b2c0fefd-b5dc-11f1-b9b5-b4b5b698724c
2026-09-21 22:21:32,164 [INFO] [MainThread] [root/watcher.py:65]: Watching directory: c:\users\daeyu\.config\yasb
2026-09-21 22:21:32,164 [INFO] [MainThread] [root/watcher.py:104]: Created file watcher
2026-09-21 22:21:32,202 [INFO] [MainThread] [root/update_service.py:434]: Background update checker started
2026-09-21 22:21:32,347 [INFO] [Dummy-6] [root/event_listener.py:147]: Komorebi connected to named pipe: yasb-b2c0fefd-b5dc-11f1-b9b5-b4b5b698724c
2026-09-21 22:22:08,268 [INFO] [MainThread] [root/controller.py:21]: Reloading Bar from context menu...
2026-09-21 22:22:08,372 [INFO] [MainThread] [cli_server/cli_server.py:114]: Log pipe server stopped
2026-09-21 22:22:08,624 [INFO] [MainThread] [root/bar_manager.py:119]: Stopping KomorebiEventListener...
2026-09-21 22:22:08,628 [INFO] [MainThread] [root/bar_manager.py:119]: Stopping SystemEventListener...
2026-09-21 22:22:09,323 [INFO] [MainThread] [root/log.py:103]: YASB v2.0.7
2026-09-21 22:22:09,324 [INFO] [CLIPipeServer] [cli_server/cli_server.py:216]: CLI server started v1.1.7
2026-09-21 22:22:09,324 [INFO] [MainThread] [cli_server/cli_server.py:106]: Log pipe server started
2026-09-21 22:22:09,368 [WARNING] [MainThread] [deprecation/deprecation.py:161]: [DEPRECATED] BarAlignment: 'center' - Use 'align' instead.
2026-09-21 22:22:09,368 [WARNING] [MainThread] [deprecation/deprecation.py:161]: [DEPRECATED] BarBlurEffect: 'acrylic' - No longer supported and can be removed from the config.
2026-09-21 22:22:09,424 [WARNING] [MainThread] [deprecation/deprecation.py:161]: [DEPRECATED] KomorebiWorkspacesConfig: 'animation' - Use CSS animations instead.
2026-09-21 22:22:09,594 [WARNING] [MainThread] [deprecation/deprecation.py:165]: [DEPRECATED] VolumeConfig: 'volume_icons' renamed to 'icons' - Use 'icons' with the dictionary format instead.
2026-09-21 22:22:09,617 [INFO] [MainThread] [root/service.py:52]: AudioOutputService starting...
2026-09-21 22:22:10,458 [INFO] [MainThread] [root/bar_manager.py:103]: Starting KomorebiEventListener...
2026-09-21 22:22:10,458 [INFO] [MainThread] [root/bar_manager.py:103]: Starting SystemEventListener...
2026-09-21 22:22:10,460 [INFO] [Dummy-6] [root/event_listener.py:54]: Created named pipe yasb-c9948d73-b5dc-11f1-ab7b-b4b5b698724c
2026-09-21 22:22:10,460 [INFO] [MainThread] [root/watcher.py:65]: Watching directory: c:\users\daeyu\.config\yasb
2026-09-21 22:22:10,461 [INFO] [MainThread] [root/watcher.py:104]: Created file watcher
2026-09-21 22:22:10,498 [INFO] [MainThread] [root/update_service.py:434]: Background update checker started
2026-09-21 22:22:10,610 [INFO] [Dummy-6] [root/event_listener.py:147]: Komorebi connected to named pipe: yasb-c9948d73-b5dc-11f1-ab7b-b4b5b698724c
2026-09-21 22:23:11,343 [INFO] [MainThread] [root/controller.py:21]: Reloading Bar from context menu...
2026-09-21 22:23:11,451 [INFO] [MainThread] [cli_server/cli_server.py:114]: Log pipe server stopped
2026-09-21 22:23:11,715 [INFO] [MainThread] [root/bar_manager.py:119]: Stopping KomorebiEventListener...
2026-09-21 22:23:11,721 [INFO] [MainThread] [root/bar_manager.py:119]: Stopping SystemEventListener...
2026-09-21 22:23:12,514 [INFO] [MainThread] [root/log.py:103]: YASB v2.0.7
2026-09-21 22:23:12,515 [INFO] [CLIPipeServer] [cli_server/cli_server.py:216]: CLI server started v1.1.7
2026-09-21 22:23:12,515 [INFO] [MainThread] [cli_server/cli_server.py:106]: Log pipe server started
2026-09-21 22:23:12,559 [WARNING] [MainThread] [deprecation/deprecation.py:161]: [DEPRECATED] BarAlignment: 'center' - Use 'align' instead.
2026-09-21 22:23:12,559 [WARNING] [MainThread] [deprecation/deprecation.py:161]: [DEPRECATED] BarBlurEffect: 'acrylic' - No longer supported and can be removed from the config.
2026-09-21 22:23:12,613 [WARNING] [MainThread] [deprecation/deprecation.py:161]: [DEPRECATED] KomorebiWorkspacesConfig: 'animation' - Use CSS animations instead.
2026-09-21 22:23:12,783 [WARNING] [MainThread] [deprecation/deprecation.py:165]: [DEPRECATED] VolumeConfig: 'volume_icons' renamed to 'icons' - Use 'icons' with the dictionary format instead.
2026-09-21 22:23:12,806 [INFO] [MainThread] [root/service.py:52]: AudioOutputService starting...
2026-09-21 22:23:13,723 [INFO] [MainThread] [root/bar_manager.py:103]: Starting KomorebiEventListener...
2026-09-21 22:23:13,723 [INFO] [MainThread] [root/bar_manager.py:103]: Starting SystemEventListener...
2026-09-21 22:23:13,725 [INFO] [Dummy-6] [root/event_listener.py:54]: Created named pipe yasb-ef4a0e4f-b5dc-11f1-9396-b4b5b698724c
2026-09-21 22:23:13,725 [INFO] [MainThread] [root/watcher.py:65]: Watching directory: c:\users\daeyu\.config\yasb
2026-09-21 22:23:13,725 [INFO] [MainThread] [root/watcher.py:104]: Created file watcher
2026-09-21 22:23:13,779 [INFO] [MainThread] [root/update_service.py:434]: Background update checker started
2026-09-21 22:23:13,882 [INFO] [Dummy-6] [root/event_listener.py:147]: Komorebi connected to named pipe: yasb-ef4a0e4f-b5dc-11f1-9396-b4b5b698724c
2026-09-21 22:23:48,943 [INFO] [MainThread] [root/controller.py:21]: Reloading Bar from context menu...
2026-09-21 22:23:49,058 [INFO] [MainThread] [cli_server/cli_server.py:114]: Log pipe server stopped
2026-09-21 22:23:49,302 [INFO] [MainThread] [root/bar_manager.py:119]: Stopping KomorebiEventListener...
2026-09-21 22:23:49,308 [INFO] [MainThread] [root/bar_manager.py:119]: Stopping SystemEventListener...
2026-09-21 22:23:50,001 [INFO] [MainThread] [root/log.py:103]: YASB v2.0.7
2026-09-21 22:23:50,002 [INFO] [CLIPipeServer] [cli_server/cli_server.py:216]: CLI server started v1.1.7
2026-09-21 22:23:50,002 [INFO] [MainThread] [cli_server/cli_server.py:106]: Log pipe server started
2026-09-21 22:23:50,063 [WARNING] [MainThread] [deprecation/deprecation.py:161]: [DEPRECATED] BarAlignment: 'center' - Use 'align' instead.
2026-09-21 22:23:50,063 [WARNING] [MainThread] [deprecation/deprecation.py:161]: [DEPRECATED] BarBlurEffect: 'acrylic' - No longer supported and can be removed from the config.
2026-09-21 22:23:50,141 [WARNING] [MainThread] [deprecation/deprecation.py:161]: [DEPRECATED] KomorebiWorkspacesConfig: 'animation' - Use CSS animations instead.
2026-09-21 22:23:50,343 [WARNING] [MainThread] [deprecation/deprecation.py:165]: [DEPRECATED] VolumeConfig: 'volume_icons' renamed to 'icons' - Use 'icons' with the dictionary format instead.
2026-09-21 22:23:50,367 [INFO] [MainThread] [root/service.py:52]: AudioOutputService starting...
2026-09-21 22:23:51,307 [INFO] [MainThread] [root/bar_manager.py:103]: Starting SystemEventListener...
2026-09-21 22:23:51,307 [INFO] [MainThread] [root/bar_manager.py:103]: Starting KomorebiEventListener...
2026-09-21 22:23:51,309 [INFO] [Dummy-6] [root/event_listener.py:54]: Created named pipe yasb-05b0f9ff-b5dd-11f1-bac8-b4b5b698724c
2026-09-21 22:23:51,309 [INFO] [MainThread] [root/watcher.py:65]: Watching directory: c:\users\daeyu\.config\yasb
2026-09-21 22:23:51,310 [INFO] [MainThread] [root/watcher.py:104]: Created file watcher
2026-09-21 22:23:51,348 [INFO] [MainThread] [root/update_service.py:434]: Background update checker started
2026-09-21 22:23:51,512 [INFO] [Dummy-6] [root/event_listener.py:147]: Komorebi connected to named pipe: yasb-05b0f9ff-b5dd-11f1-bac8-b4b5b698724c
2026-09-21 22:26:08,814 [WARNING] [MainThread] [deprecation/deprecation.py:161]: [DEPRECATED] BarAlignment: 'center' - Use 'align' instead.
2026-09-21 22:26:08,814 [WARNING] [MainThread] [deprecation/deprecation.py:161]: [DEPRECATED] BarBlurEffect: 'acrylic' - No longer supported and can be removed from the config.
2026-09-21 22:26:08,815 [INFO] [MainThread] [root/controller.py:21]: Reloading Application because of config change.
2026-09-21 22:26:08,917 [INFO] [MainThread] [cli_server/cli_server.py:114]: Log pipe server stopped
2026-09-21 22:26:08,925 [INFO] [MainThread] [root/bar_manager.py:93]: Successfully loaded updated config and re-initialised all bars.
2026-09-21 22:26:09,132 [INFO] [MainThread] [root/bar_manager.py:119]: Stopping SystemEventListener...
2026-09-21 22:26:09,142 [INFO] [MainThread] [root/bar_manager.py:119]: Stopping KomorebiEventListener...
2026-09-21 22:26:09,900 [INFO] [MainThread] [root/log.py:103]: YASB v2.0.7
2026-09-21 22:26:09,900 [INFO] [CLIPipeServer] [cli_server/cli_server.py:216]: CLI server started v1.1.7
2026-09-21 22:26:09,901 [INFO] [MainThread] [cli_server/cli_server.py:106]: Log pipe server started
2026-09-21 22:26:09,946 [WARNING] [MainThread] [deprecation/deprecation.py:161]: [DEPRECATED] BarAlignment: 'center' - Use 'align' instead.
2026-09-21 22:26:09,947 [WARNING] [MainThread] [deprecation/deprecation.py:161]: [DEPRECATED] BarBlurEffect: 'acrylic' - No longer supported and can be removed from the config.
2026-09-21 22:26:10,011 [WARNING] [MainThread] [deprecation/deprecation.py:161]: [DEPRECATED] KomorebiWorkspacesConfig: 'animation' - Use CSS animations instead.
2026-09-21 22:26:10,213 [WARNING] [MainThread] [deprecation/deprecation.py:165]: [DEPRECATED] VolumeConfig: 'volume_icons' renamed to 'icons' - Use 'icons' with the dictionary format instead.
2026-09-21 22:26:10,239 [INFO] [MainThread] [root/service.py:52]: AudioOutputService starting...
2026-09-21 22:26:11,079 [INFO] [MainThread] [root/bar_manager.py:103]: Starting KomorebiEventListener...
2026-09-21 22:26:11,079 [INFO] [MainThread] [root/bar_manager.py:103]: Starting SystemEventListener...
2026-09-21 22:26:11,080 [INFO] [Dummy-6] [root/event_listener.py:54]: Created named pipe yasb-5900624a-b5dd-11f1-8d85-b4b5b698724c
2026-09-21 22:26:11,081 [INFO] [MainThread] [root/watcher.py:65]: Watching directory: c:\users\daeyu\.config\yasb
2026-09-21 22:26:11,081 [INFO] [MainThread] [root/watcher.py:104]: Created file watcher
2026-09-21 22:26:11,120 [INFO] [MainThread] [root/update_service.py:434]: Background update checker started
2026-09-21 22:26:11,225 [INFO] [Dummy-6] [root/event_listener.py:147]: Komorebi connected to named pipe: yasb-5900624a-b5dd-11f1-8d85-b4b5b698724c
2026-09-21 22:26:49,484 [WARNING] [MainThread] [deprecation/deprecation.py:161]: [DEPRECATED] BarAlignment: 'center' - Use 'align' instead.
2026-09-21 22:26:49,485 [WARNING] [MainThread] [deprecation/deprecation.py:161]: [DEPRECATED] BarBlurEffect: 'acrylic' - No longer supported and can be removed from the config.
2026-09-21 22:26:49,486 [INFO] [MainThread] [root/controller.py:21]: Reloading Application because of config change.
2026-09-21 22:26:49,596 [INFO] [MainThread] [cli_server/cli_server.py:114]: Log pipe server stopped
2026-09-21 22:26:49,604 [INFO] [MainThread] [root/bar_manager.py:93]: Successfully loaded updated config and re-initialised all bars.
2026-09-21 22:26:49,809 [INFO] [MainThread] [root/bar_manager.py:119]: Stopping KomorebiEventListener...
2026-09-21 22:26:49,812 [INFO] [MainThread] [root/bar_manager.py:119]: Stopping SystemEventListener...
2026-09-21 22:26:50,650 [INFO] [MainThread] [root/log.py:103]: YASB v2.0.7
2026-09-21 22:26:50,651 [INFO] [CLIPipeServer] [cli_server/cli_server.py:216]: CLI server started v1.1.7
2026-09-21 22:26:50,651 [INFO] [MainThread] [cli_server/cli_server.py:106]: Log pipe server started
2026-09-21 22:26:50,697 [WARNING] [MainThread] [deprecation/deprecation.py:161]: [DEPRECATED] BarAlignment: 'center' - Use 'align' instead.
2026-09-21 22:26:50,697 [WARNING] [MainThread] [deprecation/deprecation.py:161]: [DEPRECATED] BarBlurEffect: 'acrylic' - No longer supported and can be removed from the config.
2026-09-21 22:26:50,762 [WARNING] [MainThread] [deprecation/deprecation.py:161]: [DEPRECATED] KomorebiWorkspacesConfig: 'animation' - Use CSS animations instead.
2026-09-21 22:26:50,936 [WARNING] [MainThread] [deprecation/deprecation.py:165]: [DEPRECATED] VolumeConfig: 'volume_icons' renamed to 'icons' - Use 'icons' with the dictionary format instead.
2026-09-21 22:26:50,963 [INFO] [MainThread] [root/service.py:52]: AudioOutputService starting...
2026-09-21 22:26:51,912 [INFO] [MainThread] [root/bar_manager.py:103]: Starting KomorebiEventListener...
2026-09-21 22:26:51,912 [INFO] [MainThread] [root/bar_manager.py:103]: Starting SystemEventListener...
2026-09-21 22:26:51,913 [INFO] [Dummy-5] [root/event_listener.py:54]: Created named pipe yasb-7157109a-b5dd-11f1-8db5-b4b5b698724c
2026-09-21 22:26:51,915 [INFO] [MainThread] [root/watcher.py:65]: Watching directory: c:\users\daeyu\.config\yasb
2026-09-21 22:26:51,915 [INFO] [MainThread] [root/watcher.py:104]: Created file watcher
2026-09-21 22:26:51,955 [INFO] [MainThread] [root/update_service.py:434]: Background update checker started
2026-09-21 22:26:52,069 [INFO] [Dummy-5] [root/event_listener.py:147]: Komorebi connected to named pipe: yasb-7157109a-b5dd-11f1-8db5-b4b5b698724c
2026-09-21 22:30:53,014 [WARNING] [MainThread] [deprecation/deprecation.py:161]: [DEPRECATED] BarAlignment: 'center' - Use 'align' instead.
2026-09-21 22:30:53,015 [WARNING] [MainThread] [deprecation/deprecation.py:161]: [DEPRECATED] BarBlurEffect: 'acrylic' - No longer supported and can be removed from the config.
2026-09-21 22:30:53,020 [INFO] [MainThread] [root/controller.py:21]: Reloading Application because of config change.
2026-09-21 22:30:53,125 [INFO] [MainThread] [cli_server/cli_server.py:114]: Log pipe server stopped
2026-09-21 22:30:53,145 [INFO] [MainThread] [root/bar_manager.py:93]: Successfully loaded updated config and re-initialised all bars.
2026-09-21 22:30:53,409 [INFO] [MainThread] [root/bar_manager.py:119]: Stopping KomorebiEventListener...
2026-09-21 22:30:53,422 [INFO] [MainThread] [root/bar_manager.py:119]: Stopping SystemEventListener...
2026-09-21 22:30:55,044 [INFO] [MainThread] [root/log.py:103]: YASB v2.0.7
2026-09-21 22:30:55,045 [INFO] [CLIPipeServer] [cli_server/cli_server.py:216]: CLI server started v1.1.7
2026-09-21 22:30:55,046 [INFO] [MainThread] [cli_server/cli_server.py:106]: Log pipe server started
2026-09-21 22:30:55,140 [WARNING] [MainThread] [deprecation/deprecation.py:161]: [DEPRECATED] BarAlignment: 'center' - Use 'align' instead.
2026-09-21 22:30:55,141 [WARNING] [MainThread] [deprecation/deprecation.py:161]: [DEPRECATED] BarBlurEffect: 'acrylic' - No longer supported and can be removed from the config.
2026-09-21 22:30:55,168 [WARNING] [MainThread] [root/widget_builder.py:39]: No widget config could be found for widget 'home
2026-09-21 22:30:55,292 [WARNING] [MainThread] [deprecation/deprecation.py:161]: [DEPRECATED] KomorebiWorkspacesConfig: 'animation' - Use CSS animations instead.
2026-09-21 22:30:55,681 [WARNING] [MainThread] [deprecation/deprecation.py:165]: [DEPRECATED] VolumeConfig: 'volume_icons' renamed to 'icons' - Use 'icons' with the dictionary format instead.
2026-09-21 22:30:55,724 [INFO] [MainThread] [root/service.py:52]: AudioOutputService starting...
2026-09-21 22:30:57,696 [INFO] [MainThread] [root/bar_manager.py:103]: Starting SystemEventListener...
2026-09-21 22:30:57,698 [INFO] [MainThread] [root/bar_manager.py:103]: Starting KomorebiEventListener...
2026-09-21 22:30:57,698 [ERROR] [MainThread] [root/widget_builder.py:100]: Failed to add undefined widget(s)  - The widget "home" is undefined.
2026-09-21 22:30:57,703 [INFO] [Dummy-5] [root/event_listener.py:54]: Created named pipe yasb-03d6fb18-b5de-11f1-b2cd-b4b5b698724c
2026-09-21 22:30:57,823 [INFO] [MainThread] [root/watcher.py:65]: Watching directory: c:\users\daeyu\.config\yasb
2026-09-21 22:30:57,824 [INFO] [MainThread] [root/watcher.py:104]: Created file watcher
2026-09-21 22:30:57,983 [INFO] [MainThread] [root/update_service.py:434]: Background update checker started
2026-09-21 22:30:59,342 [INFO] [Dummy-5] [root/event_listener.py:147]: Komorebi connected to named pipe: yasb-03d6fb18-b5de-11f1-b2cd-b4b5b698724c
2026-09-21 22:31:03,221 [WARNING] [MainThread] [deprecation/deprecation.py:161]: [DEPRECATED] BarAlignment: 'center' - Use 'align' instead.
2026-09-21 22:31:03,222 [WARNING] [MainThread] [deprecation/deprecation.py:161]: [DEPRECATED] BarBlurEffect: 'acrylic' - No longer supported and can be removed from the config.
2026-09-21 22:31:03,223 [INFO] [MainThread] [root/controller.py:21]: Reloading Application because of config change.
2026-09-21 22:31:03,327 [INFO] [MainThread] [cli_server/cli_server.py:114]: Log pipe server stopped
2026-09-21 22:31:03,340 [INFO] [MainThread] [root/bar_manager.py:93]: Successfully loaded updated config and re-initialised all bars.
2026-09-21 22:31:03,670 [INFO] [MainThread] [root/bar_manager.py:119]: Stopping SystemEventListener...
2026-09-21 22:31:03,689 [INFO] [MainThread] [root/bar_manager.py:119]: Stopping KomorebiEventListener...
2026-09-21 22:31:05,104 [INFO] [MainThread] [root/log.py:103]: YASB v2.0.7
2026-09-21 22:31:05,106 [INFO] [CLIPipeServer] [cli_server/cli_server.py:216]: CLI server started v1.1.7
2026-09-21 22:31:05,108 [INFO] [MainThread] [cli_server/cli_server.py:106]: Log pipe server started
2026-09-21 22:31:05,196 [WARNING] [MainThread] [deprecation/deprecation.py:161]: [DEPRECATED] BarAlignment: 'center' - Use 'align' instead.
2026-09-21 22:31:05,197 [WARNING] [MainThread] [deprecation/deprecation.py:161]: [DEPRECATED] BarBlurEffect: 'acrylic' - No longer supported and can be removed from the config.
2026-09-21 22:31:05,403 [WARNING] [MainThread] [deprecation/deprecation.py:161]: [DEPRECATED] KomorebiWorkspacesConfig: 'animation' - Use CSS animations instead.
2026-09-21 22:31:05,717 [WARNING] [MainThread] [deprecation/deprecation.py:165]: [DEPRECATED] VolumeConfig: 'volume_icons' renamed to 'icons' - Use 'icons' with the dictionary format instead.
2026-09-21 22:31:05,749 [INFO] [MainThread] [root/service.py:52]: AudioOutputService starting...
2026-09-21 22:31:06,984 [INFO] [MainThread] [root/bar_manager.py:103]: Starting SystemEventListener...
2026-09-21 22:31:06,986 [INFO] [MainThread] [root/bar_manager.py:103]: Starting KomorebiEventListener...
2026-09-21 22:31:06,990 [INFO] [Dummy-6] [root/event_listener.py:54]: Created named pipe yasb-096050a7-b5de-11f1-abbf-b4b5b698724c
2026-09-21 22:31:06,990 [INFO] [MainThread] [root/watcher.py:65]: Watching directory: c:\users\daeyu\.config\yasb
2026-09-21 22:31:06,991 [INFO] [MainThread] [root/watcher.py:104]: Created file watcher
2026-09-21 22:31:07,051 [INFO] [MainThread] [root/update_service.py:434]: Background update checker started
2026-09-21 22:31:07,271 [INFO] [Dummy-6] [root/event_listener.py:147]: Komorebi connected to named pipe: yasb-096050a7-b5de-11f1-abbf-b4b5b698724c
2026-09-21 22:31:57,036 [WARNING] [MainThread] [deprecation/deprecation.py:161]: [DEPRECATED] BarAlignment: 'center' - Use 'align' instead.
2026-09-21 22:31:57,036 [WARNING] [MainThread] [deprecation/deprecation.py:161]: [DEPRECATED] BarBlurEffect: 'acrylic' - No longer supported and can be removed from the config.
2026-09-21 22:31:57,038 [INFO] [MainThread] [root/controller.py:21]: Reloading Application because of config change.
2026-09-21 22:31:57,153 [INFO] [MainThread] [cli_server/cli_server.py:114]: Log pipe server stopped
2026-09-21 22:31:57,173 [INFO] [MainThread] [root/bar_manager.py:93]: Successfully loaded updated config and re-initialised all bars.
2026-09-21 22:31:57,441 [INFO] [MainThread] [root/bar_manager.py:119]: Stopping SystemEventListener...
2026-09-21 22:31:57,448 [INFO] [MainThread] [root/bar_manager.py:119]: Stopping KomorebiEventListener...
2026-09-21 22:31:59,031 [INFO] [MainThread] [root/log.py:103]: YASB v2.0.7
2026-09-21 22:31:59,033 [INFO] [CLIPipeServer] [cli_server/cli_server.py:216]: CLI server started v1.1.7
2026-09-21 22:31:59,034 [INFO] [MainThread] [cli_server/cli_server.py:106]: Log pipe server started
2026-09-21 22:31:59,108 [WARNING] [MainThread] [deprecation/deprecation.py:161]: [DEPRECATED] BarAlignment: 'center' - Use 'align' instead.
2026-09-21 22:31:59,108 [WARNING] [MainThread] [deprecation/deprecation.py:161]: [DEPRECATED] BarBlurEffect: 'acrylic' - No longer supported and can be removed from the config.
2026-09-21 22:31:59,256 [WARNING] [MainThread] [deprecation/deprecation.py:161]: [DEPRECATED] KomorebiWorkspacesConfig: 'animation' - Use CSS animations instead.
2026-09-21 22:31:59,726 [WARNING] [MainThread] [deprecation/deprecation.py:165]: [DEPRECATED] VolumeConfig: 'volume_icons' renamed to 'icons' - Use 'icons' with the dictionary format instead.
2026-09-21 22:31:59,773 [INFO] [MainThread] [root/service.py:52]: AudioOutputService starting...
2026-09-21 22:32:01,007 [INFO] [MainThread] [root/bar_manager.py:103]: Starting KomorebiEventListener...
2026-09-21 22:32:01,007 [INFO] [MainThread] [root/bar_manager.py:103]: Starting SystemEventListener...
2026-09-21 22:32:01,010 [INFO] [MainThread] [root/watcher.py:65]: Watching directory: c:\users\daeyu\.config\yasb
2026-09-21 22:32:01,012 [INFO] [MainThread] [root/watcher.py:104]: Created file watcher
2026-09-21 22:32:01,011 [INFO] [Dummy-7] [root/event_listener.py:54]: Created named pipe yasb-299335a9-b5de-11f1-9181-b4b5b698724c
2026-09-21 22:32:01,059 [INFO] [MainThread] [root/update_service.py:434]: Background update checker started
2026-09-21 22:32:01,335 [INFO] [Dummy-7] [root/event_listener.py:147]: Komorebi connected to named pipe: yasb-299335a9-b5de-11f1-9181-b4b5b698724c
2026-09-21 22:33:14,054 [WARNING] [MainThread] [deprecation/deprecation.py:161]: [DEPRECATED] BarAlignment: 'center' - Use 'align' instead.
2026-09-21 22:33:14,054 [WARNING] [MainThread] [deprecation/deprecation.py:161]: [DEPRECATED] BarBlurEffect: 'acrylic' - No longer supported and can be removed from the config.
2026-09-21 22:33:14,056 [INFO] [MainThread] [root/controller.py:21]: Reloading Application because of config change.
2026-09-21 22:33:14,161 [INFO] [MainThread] [cli_server/cli_server.py:114]: Log pipe server stopped
2026-09-21 22:33:14,175 [INFO] [MainThread] [root/bar_manager.py:93]: Successfully loaded updated config and re-initialised all bars.
2026-09-21 22:33:14,504 [INFO] [MainThread] [root/bar_manager.py:119]: Stopping KomorebiEventListener...
2026-09-21 22:33:14,512 [INFO] [MainThread] [root/bar_manager.py:119]: Stopping SystemEventListener...
2026-09-21 22:33:15,965 [INFO] [MainThread] [root/log.py:103]: YASB v2.0.7
2026-09-21 22:33:15,967 [INFO] [CLIPipeServer] [cli_server/cli_server.py:216]: CLI server started v1.1.7
2026-09-21 22:33:15,970 [INFO] [MainThread] [cli_server/cli_server.py:106]: Log pipe server started
2026-09-21 22:33:16,071 [WARNING] [MainThread] [deprecation/deprecation.py:161]: [DEPRECATED] BarAlignment: 'center' - Use 'align' instead.
2026-09-21 22:33:16,072 [WARNING] [MainThread] [deprecation/deprecation.py:161]: [DEPRECATED] BarBlurEffect: 'acrylic' - No longer supported and can be removed from the config.
2026-09-21 22:33:16,243 [WARNING] [MainThread] [deprecation/deprecation.py:161]: [DEPRECATED] KomorebiWorkspacesConfig: 'animation' - Use CSS animations instead.
2026-09-21 22:33:16,579 [WARNING] [MainThread] [deprecation/deprecation.py:165]: [DEPRECATED] VolumeConfig: 'volume_icons' renamed to 'icons' - Use 'icons' with the dictionary format instead.
2026-09-21 22:33:16,618 [INFO] [MainThread] [root/service.py:52]: AudioOutputService starting...
2026-09-21 22:33:18,062 [INFO] [MainThread] [root/bar_manager.py:103]: Starting KomorebiEventListener...
2026-09-21 22:33:18,063 [INFO] [MainThread] [root/bar_manager.py:103]: Starting SystemEventListener...
2026-09-21 22:33:18,066 [INFO] [Dummy-6] [root/event_listener.py:54]: Created named pipe yasb-5780e529-b5de-11f1-8b64-b4b5b698724c
2026-09-21 22:33:18,067 [INFO] [MainThread] [root/watcher.py:65]: Watching directory: c:\users\daeyu\.config\yasb
2026-09-21 22:33:18,068 [INFO] [MainThread] [root/watcher.py:104]: Created file watcher
2026-09-21 22:33:18,135 [INFO] [MainThread] [root/update_service.py:434]: Background update checker started
2026-09-21 22:33:18,360 [INFO] [Dummy-6] [root/event_listener.py:147]: Komorebi connected to named pipe: yasb-5780e529-b5de-11f1-8b64-b4b5b698724c
2026-09-21 22:34:12,216 [WARNING] [MainThread] [deprecation/deprecation.py:161]: [DEPRECATED] BarAlignment: 'center' - Use 'align' instead.
2026-09-21 22:34:12,217 [WARNING] [MainThread] [deprecation/deprecation.py:161]: [DEPRECATED] BarBlurEffect: 'acrylic' - No longer supported and can be removed from the config.
2026-09-21 22:34:12,219 [INFO] [MainThread] [root/controller.py:21]: Reloading Application because of config change.
2026-09-21 22:34:12,325 [INFO] [MainThread] [cli_server/cli_server.py:114]: Log pipe server stopped
2026-09-21 22:34:12,338 [INFO] [MainThread] [root/bar_manager.py:93]: Successfully loaded updated config and re-initialised all bars.
2026-09-21 22:34:12,769 [INFO] [MainThread] [root/bar_manager.py:119]: Stopping KomorebiEventListener...
2026-09-21 22:34:12,778 [INFO] [MainThread] [root/bar_manager.py:119]: Stopping SystemEventListener...
2026-09-21 22:34:14,304 [INFO] [MainThread] [root/log.py:103]: YASB v2.0.7
2026-09-21 22:34:14,305 [INFO] [CLIPipeServer] [cli_server/cli_server.py:216]: CLI server started v1.1.7
2026-09-21 22:34:14,306 [INFO] [MainThread] [cli_server/cli_server.py:106]: Log pipe server started
2026-09-21 22:34:14,404 [WARNING] [MainThread] [deprecation/deprecation.py:161]: [DEPRECATED] BarAlignment: 'center' - Use 'align' instead.
2026-09-21 22:34:14,405 [WARNING] [MainThread] [deprecation/deprecation.py:161]: [DEPRECATED] BarBlurEffect: 'acrylic' - No longer supported and can be removed from the config.
2026-09-21 22:34:14,585 [WARNING] [MainThread] [deprecation/deprecation.py:161]: [DEPRECATED] KomorebiWorkspacesConfig: 'animation' - Use CSS animations instead.
2026-09-21 22:34:14,869 [WARNING] [MainThread] [deprecation/deprecation.py:165]: [DEPRECATED] VolumeConfig: 'volume_icons' renamed to 'icons' - Use 'icons' with the dictionary format instead.
2026-09-21 22:34:14,903 [INFO] [MainThread] [root/service.py:52]: AudioOutputService starting...
2026-09-21 22:34:16,196 [INFO] [MainThread] [root/bar_manager.py:103]: Starting SystemEventListener...
2026-09-21 22:34:16,198 [INFO] [MainThread] [root/bar_manager.py:103]: Starting KomorebiEventListener...
2026-09-21 22:34:16,200 [INFO] [Dummy-5] [root/event_listener.py:54]: Created named pipe yasb-7a27c4e8-b5de-11f1-b536-b4b5b698724c
2026-09-21 22:34:16,204 [INFO] [MainThread] [root/watcher.py:65]: Watching directory: c:\users\daeyu\.config\yasb
2026-09-21 22:34:16,204 [INFO] [MainThread] [root/watcher.py:104]: Created file watcher
2026-09-21 22:34:16,277 [INFO] [MainThread] [root/update_service.py:434]: Background update checker started
2026-09-21 22:34:16,431 [INFO] [Dummy-5] [root/event_listener.py:147]: Komorebi connected to named pipe: yasb-7a27c4e8-b5de-11f1-b536-b4b5b698724c
2026-09-21 22:35:02,672 [INFO] [MainThread] [root/controller.py:21]: Reloading Bar from context menu...
2026-09-21 22:35:02,773 [INFO] [MainThread] [cli_server/cli_server.py:114]: Log pipe server stopped
2026-09-21 22:35:03,217 [INFO] [MainThread] [root/bar_manager.py:119]: Stopping SystemEventListener...
2026-09-21 22:35:03,241 [INFO] [MainThread] [root/bar_manager.py:119]: Stopping KomorebiEventListener...
2026-09-21 22:35:04,449 [INFO] [MainThread] [root/log.py:103]: YASB v2.0.7
2026-09-21 22:35:04,451 [INFO] [CLIPipeServer] [cli_server/cli_server.py:216]: CLI server started v1.1.7
2026-09-21 22:35:04,452 [INFO] [MainThread] [cli_server/cli_server.py:106]: Log pipe server started
2026-09-21 22:35:04,545 [WARNING] [MainThread] [deprecation/deprecation.py:161]: [DEPRECATED] BarAlignment: 'center' - Use 'align' instead.
2026-09-21 22:35:04,547 [WARNING] [MainThread] [deprecation/deprecation.py:161]: [DEPRECATED] BarBlurEffect: 'acrylic' - No longer supported and can be removed from the config.
2026-09-21 22:35:04,715 [WARNING] [MainThread] [deprecation/deprecation.py:161]: [DEPRECATED] KomorebiWorkspacesConfig: 'animation' - Use CSS animations instead.
2026-09-21 22:35:04,975 [WARNING] [MainThread] [deprecation/deprecation.py:165]: [DEPRECATED] VolumeConfig: 'volume_icons' renamed to 'icons' - Use 'icons' with the dictionary format instead.
2026-09-21 22:35:05,020 [INFO] [MainThread] [root/service.py:52]: AudioOutputService starting...
2026-09-21 22:35:06,511 [INFO] [MainThread] [root/bar_manager.py:103]: Starting SystemEventListener...
2026-09-21 22:35:06,512 [INFO] [MainThread] [root/bar_manager.py:103]: Starting KomorebiEventListener...
2026-09-21 22:35:06,515 [INFO] [Dummy-6] [root/event_listener.py:54]: Created named pipe yasb-98251bb1-b5de-11f1-b9bd-b4b5b698724c
2026-09-21 22:35:06,515 [INFO] [MainThread] [root/watcher.py:65]: Watching directory: c:\users\daeyu\.config\yasb
2026-09-21 22:35:06,515 [INFO] [MainThread] [root/watcher.py:104]: Created file watcher
2026-09-21 22:35:06,583 [INFO] [MainThread] [root/update_service.py:434]: Background update checker started
2026-09-21 22:35:06,761 [INFO] [Dummy-6] [root/event_listener.py:147]: Komorebi connected to named pipe: yasb-98251bb1-b5de-11f1-b9bd-b4b5b698724c
2026-09-21 22:35:42,023 [WARNING] [MainThread] [deprecation/deprecation.py:161]: [DEPRECATED] BarAlignment: 'center' - Use 'align' instead.
2026-09-21 22:35:42,023 [WARNING] [MainThread] [deprecation/deprecation.py:161]: [DEPRECATED] BarBlurEffect: 'acrylic' - No longer supported and can be removed from the config.
2026-09-21 22:35:42,024 [INFO] [MainThread] [root/controller.py:21]: Reloading Application because of config change.
2026-09-21 22:35:42,136 [INFO] [MainThread] [cli_server/cli_server.py:114]: Log pipe server stopped
2026-09-21 22:35:42,151 [INFO] [MainThread] [root/bar_manager.py:93]: Successfully loaded updated config and re-initialised all bars.
2026-09-21 22:35:42,429 [INFO] [MainThread] [root/bar_manager.py:119]: Stopping SystemEventListener...
2026-09-21 22:35:42,454 [INFO] [MainThread] [root/bar_manager.py:119]: Stopping KomorebiEventListener...
2026-09-21 22:35:43,911 [INFO] [MainThread] [root/log.py:103]: YASB v2.0.7
2026-09-21 22:35:43,913 [INFO] [CLIPipeServer] [cli_server/cli_server.py:216]: CLI server started v1.1.7
2026-09-21 22:35:43,914 [INFO] [MainThread] [cli_server/cli_server.py:106]: Log pipe server started
2026-09-21 22:35:43,994 [WARNING] [MainThread] [deprecation/deprecation.py:161]: [DEPRECATED] BarAlignment: 'center' - Use 'align' instead.
2026-09-21 22:35:43,994 [WARNING] [MainThread] [deprecation/deprecation.py:161]: [DEPRECATED] BarBlurEffect: 'acrylic' - No longer supported and can be removed from the config.
2026-09-21 22:35:44,169 [WARNING] [MainThread] [deprecation/deprecation.py:161]: [DEPRECATED] KomorebiWorkspacesConfig: 'animation' - Use CSS animations instead.
2026-09-21 22:35:44,509 [WARNING] [MainThread] [deprecation/deprecation.py:165]: [DEPRECATED] VolumeConfig: 'volume_icons' renamed to 'icons' - Use 'icons' with the dictionary format instead.
2026-09-21 22:35:44,555 [INFO] [MainThread] [root/service.py:52]: AudioOutputService starting...
2026-09-21 22:35:46,092 [INFO] [MainThread] [root/bar_manager.py:103]: Starting KomorebiEventListener...
2026-09-21 22:35:46,092 [INFO] [MainThread] [root/bar_manager.py:103]: Starting SystemEventListener...
2026-09-21 22:35:46,094 [INFO] [Dummy-6] [root/event_listener.py:54]: Created named pipe yasb-afbc7610-b5de-11f1-ac86-b4b5b698724c
2026-09-21 22:35:46,095 [INFO] [MainThread] [root/watcher.py:65]: Watching directory: c:\users\daeyu\.config\yasb
2026-09-21 22:35:46,096 [INFO] [MainThread] [root/watcher.py:104]: Created file watcher
2026-09-21 22:35:46,172 [INFO] [MainThread] [root/update_service.py:434]: Background update checker started
2026-09-21 22:35:46,386 [INFO] [Dummy-6] [root/event_listener.py:147]: Komorebi connected to named pipe: yasb-afbc7610-b5de-11f1-ac86-b4b5b698724c
2026-09-21 22:35:58,523 [WARNING] [MainThread] [deprecation/deprecation.py:161]: [DEPRECATED] BarAlignment: 'center' - Use 'align' instead.
2026-09-21 22:35:58,523 [WARNING] [MainThread] [deprecation/deprecation.py:161]: [DEPRECATED] BarBlurEffect: 'acrylic' - No longer supported and can be removed from the config.
2026-09-21 22:35:58,525 [INFO] [MainThread] [root/controller.py:21]: Reloading Application because of config change.
2026-09-21 22:35:58,641 [INFO] [MainThread] [cli_server/cli_server.py:114]: Log pipe server stopped
2026-09-21 22:35:58,656 [INFO] [MainThread] [root/bar_manager.py:93]: Successfully loaded updated config and re-initialised all bars.
2026-09-21 22:35:59,022 [INFO] [MainThread] [root/bar_manager.py:119]: Stopping KomorebiEventListener...
2026-09-21 22:35:59,029 [INFO] [MainThread] [root/bar_manager.py:119]: Stopping SystemEventListener...
2026-09-21 22:36:00,526 [INFO] [MainThread] [root/log.py:103]: YASB v2.0.7
2026-09-21 22:36:00,527 [INFO] [CLIPipeServer] [cli_server/cli_server.py:216]: CLI server started v1.1.7
2026-09-21 22:36:00,528 [INFO] [MainThread] [cli_server/cli_server.py:106]: Log pipe server started
2026-09-21 22:36:00,630 [WARNING] [MainThread] [deprecation/deprecation.py:161]: [DEPRECATED] BarAlignment: 'center' - Use 'align' instead.
2026-09-21 22:36:00,631 [WARNING] [MainThread] [deprecation/deprecation.py:161]: [DEPRECATED] BarBlurEffect: 'acrylic' - No longer supported and can be removed from the config.
2026-09-21 22:36:00,819 [WARNING] [MainThread] [deprecation/deprecation.py:161]: [DEPRECATED] KomorebiWorkspacesConfig: 'animation' - Use CSS animations instead.
2026-09-21 22:36:01,081 [WARNING] [MainThread] [deprecation/deprecation.py:165]: [DEPRECATED] VolumeConfig: 'volume_icons' renamed to 'icons' - Use 'icons' with the dictionary format instead.
2026-09-21 22:36:01,122 [INFO] [MainThread] [root/service.py:52]: AudioOutputService starting...
2026-09-21 22:36:02,443 [INFO] [MainThread] [root/bar_manager.py:103]: Starting SystemEventListener...
2026-09-21 22:36:02,444 [INFO] [MainThread] [root/bar_manager.py:103]: Starting KomorebiEventListener...
2026-09-21 22:36:02,449 [INFO] [Dummy-6] [root/event_listener.py:54]: Created named pipe yasb-b97bad8a-b5de-11f1-8aa0-b4b5b698724c
2026-09-21 22:36:02,451 [INFO] [MainThread] [root/watcher.py:65]: Watching directory: c:\users\daeyu\.config\yasb
2026-09-21 22:36:02,452 [INFO] [MainThread] [root/watcher.py:104]: Created file watcher
2026-09-21 22:36:02,513 [INFO] [MainThread] [root/update_service.py:434]: Background update checker started
2026-09-21 22:36:02,681 [INFO] [Dummy-6] [root/event_listener.py:147]: Komorebi connected to named pipe: yasb-b97bad8a-b5de-11f1-8aa0-b4b5b698724c
2026-09-21 22:39:00,284 [WARNING] [MainThread] [deprecation/deprecation.py:161]: [DEPRECATED] BarAlignment: 'center' - Use 'align' instead.
2026-09-21 22:39:00,284 [WARNING] [MainThread] [deprecation/deprecation.py:161]: [DEPRECATED] BarBlurEffect: 'acrylic' - No longer supported and can be removed from the config.
2026-09-21 22:39:00,285 [INFO] [MainThread] [root/controller.py:21]: Reloading Application because of config change.
2026-09-21 22:39:00,392 [INFO] [MainThread] [cli_server/cli_server.py:114]: Log pipe server stopped
2026-09-21 22:39:00,446 [INFO] [MainThread] [root/bar_manager.py:93]: Successfully loaded updated config and re-initialised all bars.
2026-09-21 22:39:00,753 [INFO] [MainThread] [root/bar_manager.py:119]: Stopping SystemEventListener...
2026-09-21 22:39:00,777 [INFO] [MainThread] [root/bar_manager.py:119]: Stopping KomorebiEventListener...
2026-09-21 22:39:01,994 [INFO] [MainThread] [root/log.py:103]: YASB v2.0.7
2026-09-21 22:39:01,996 [INFO] [CLIPipeServer] [cli_server/cli_server.py:216]: CLI server started v1.1.7
2026-09-21 22:39:01,998 [INFO] [MainThread] [cli_server/cli_server.py:106]: Log pipe server started
2026-09-21 22:39:02,078 [WARNING] [MainThread] [deprecation/deprecation.py:161]: [DEPRECATED] BarAlignment: 'center' - Use 'align' instead.
2026-09-21 22:39:02,078 [WARNING] [MainThread] [deprecation/deprecation.py:161]: [DEPRECATED] BarBlurEffect: 'acrylic' - No longer supported and can be removed from the config.
2026-09-21 22:39:02,251 [WARNING] [MainThread] [deprecation/deprecation.py:161]: [DEPRECATED] KomorebiWorkspacesConfig: 'animation' - Use CSS animations instead.
2026-09-21 22:39:02,553 [WARNING] [MainThread] [deprecation/deprecation.py:165]: [DEPRECATED] VolumeConfig: 'volume_icons' renamed to 'icons' - Use 'icons' with the dictionary format instead.
2026-09-21 22:39:02,590 [INFO] [MainThread] [root/service.py:52]: AudioOutputService starting...
2026-09-21 22:39:04,166 [INFO] [MainThread] [root/bar_manager.py:103]: Starting KomorebiEventListener...
2026-09-21 22:39:04,168 [INFO] [MainThread] [root/bar_manager.py:103]: Starting SystemEventListener...
2026-09-21 22:39:04,171 [INFO] [Dummy-5] [root/event_listener.py:54]: Created named pipe yasb-25cc495b-b5df-11f1-8c23-b4b5b698724c
2026-09-21 22:39:04,175 [INFO] [MainThread] [root/watcher.py:65]: Watching directory: c:\users\daeyu\.config\yasb
2026-09-21 22:39:04,175 [INFO] [MainThread] [root/watcher.py:104]: Created file watcher
2026-09-21 22:39:04,291 [INFO] [MainThread] [root/update_service.py:434]: Background update checker started
2026-09-21 22:39:04,534 [INFO] [Dummy-5] [root/event_listener.py:147]: Komorebi connected to named pipe: yasb-25cc495b-b5df-11f1-8c23-b4b5b698724c
2026-09-21 22:40:49,921 [WARNING] [MainThread] [deprecation/deprecation.py:161]: [DEPRECATED] BarAlignment: 'center' - Use 'align' instead.
2026-09-21 22:40:49,922 [WARNING] [MainThread] [deprecation/deprecation.py:161]: [DEPRECATED] BarBlurEffect: 'acrylic' - No longer supported and can be removed from the config.
2026-09-21 22:40:49,923 [INFO] [MainThread] [root/controller.py:21]: Reloading Application because of config change.
2026-09-21 22:40:50,034 [INFO] [MainThread] [cli_server/cli_server.py:114]: Log pipe server stopped
2026-09-21 22:40:50,049 [INFO] [MainThread] [root/bar_manager.py:93]: Successfully loaded updated config and re-initialised all bars.
2026-09-21 22:40:50,392 [INFO] [MainThread] [root/bar_manager.py:119]: Stopping KomorebiEventListener...
2026-09-21 22:40:50,397 [INFO] [MainThread] [root/bar_manager.py:119]: Stopping SystemEventListener...
2026-09-21 22:40:51,626 [INFO] [MainThread] [root/log.py:103]: YASB v2.0.7
2026-09-21 22:40:51,627 [INFO] [CLIPipeServer] [cli_server/cli_server.py:216]: CLI server started v1.1.7
2026-09-21 22:40:51,629 [INFO] [MainThread] [cli_server/cli_server.py:106]: Log pipe server started
2026-09-21 22:40:51,706 [WARNING] [MainThread] [deprecation/deprecation.py:161]: [DEPRECATED] BarAlignment: 'center' - Use 'align' instead.
2026-09-21 22:40:51,707 [WARNING] [MainThread] [deprecation/deprecation.py:161]: [DEPRECATED] BarBlurEffect: 'acrylic' - No longer supported and can be removed from the config.
2026-09-21 22:40:51,863 [WARNING] [MainThread] [deprecation/deprecation.py:161]: [DEPRECATED] KomorebiWorkspacesConfig: 'animation' - Use CSS animations instead.
2026-09-21 22:40:52,149 [WARNING] [MainThread] [deprecation/deprecation.py:165]: [DEPRECATED] VolumeConfig: 'volume_icons' renamed to 'icons' - Use 'icons' with the dictionary format instead.
2026-09-21 22:40:52,192 [INFO] [MainThread] [root/service.py:52]: AudioOutputService starting...
2026-09-21 22:40:54,270 [INFO] [MainThread] [root/bar_manager.py:103]: Starting KomorebiEventListener...
2026-09-21 22:40:54,272 [INFO] [MainThread] [root/bar_manager.py:103]: Starting SystemEventListener...
2026-09-21 22:40:54,275 [INFO] [Dummy-5] [root/event_listener.py:54]: Created named pipe yasb-676ce1f0-b5df-11f1-8913-b4b5b698724c
2026-09-21 22:40:54,278 [INFO] [MainThread] [root/watcher.py:65]: Watching directory: c:\users\daeyu\.config\yasb
2026-09-21 22:40:54,279 [INFO] [MainThread] [root/watcher.py:104]: Created file watcher
2026-09-21 22:40:54,364 [INFO] [MainThread] [root/update_service.py:434]: Background update checker started
2026-09-21 22:40:54,548 [INFO] [Dummy-5] [root/event_listener.py:147]: Komorebi connected to named pipe: yasb-676ce1f0-b5df-11f1-8913-b4b5b698724c
2026-09-21 22:41:01,296 [WARNING] [MainThread] [deprecation/deprecation.py:161]: [DEPRECATED] BarAlignment: 'center' - Use 'align' instead.
2026-09-21 22:41:01,296 [WARNING] [MainThread] [deprecation/deprecation.py:161]: [DEPRECATED] BarBlurEffect: 'acrylic' - No longer supported and can be removed from the config.
2026-09-21 22:41:01,297 [INFO] [MainThread] [root/controller.py:21]: Reloading Application because of config change.
2026-09-21 22:41:01,408 [INFO] [MainThread] [cli_server/cli_server.py:114]: Log pipe server stopped
2026-09-21 22:41:01,427 [INFO] [MainThread] [root/bar_manager.py:93]: Successfully loaded updated config and re-initialised all bars.
2026-09-21 22:41:01,732 [INFO] [MainThread] [root/bar_manager.py:119]: Stopping KomorebiEventListener...
2026-09-21 22:41:01,737 [INFO] [MainThread] [root/bar_manager.py:119]: Stopping SystemEventListener...
2026-09-21 22:41:03,034 [INFO] [MainThread] [root/log.py:103]: YASB v2.0.7
2026-09-21 22:41:03,037 [INFO] [CLIPipeServer] [cli_server/cli_server.py:216]: CLI server started v1.1.7
2026-09-21 22:41:03,038 [INFO] [MainThread] [cli_server/cli_server.py:106]: Log pipe server started
2026-09-21 22:41:03,119 [WARNING] [MainThread] [deprecation/deprecation.py:161]: [DEPRECATED] BarAlignment: 'center' - Use 'align' instead.
2026-09-21 22:41:03,119 [WARNING] [MainThread] [deprecation/deprecation.py:161]: [DEPRECATED] BarBlurEffect: 'acrylic' - No longer supported and can be removed from the config.
2026-09-21 22:41:03,264 [WARNING] [MainThread] [deprecation/deprecation.py:161]: [DEPRECATED] KomorebiWorkspacesConfig: 'animation' - Use CSS animations instead.
2026-09-21 22:41:03,600 [WARNING] [MainThread] [deprecation/deprecation.py:165]: [DEPRECATED] VolumeConfig: 'volume_icons' renamed to 'icons' - Use 'icons' with the dictionary format instead.
2026-09-21 22:41:03,639 [INFO] [MainThread] [root/service.py:52]: AudioOutputService starting...
2026-09-21 22:41:05,466 [INFO] [MainThread] [root/bar_manager.py:103]: Starting KomorebiEventListener...
2026-09-21 22:41:05,468 [INFO] [MainThread] [root/bar_manager.py:103]: Starting SystemEventListener...
2026-09-21 22:41:05,471 [INFO] [Dummy-5] [root/event_listener.py:54]: Created named pipe yasb-6e1940d3-b5df-11f1-9bac-b4b5b698724c
2026-09-21 22:41:05,474 [INFO] [MainThread] [root/watcher.py:65]: Watching directory: c:\users\daeyu\.config\yasb
2026-09-21 22:41:05,474 [INFO] [MainThread] [root/watcher.py:104]: Created file watcher
2026-09-21 22:41:05,540 [INFO] [MainThread] [root/update_service.py:434]: Background update checker started
2026-09-21 22:41:05,760 [INFO] [Dummy-5] [root/event_listener.py:147]: Komorebi connected to named pipe: yasb-6e1940d3-b5df-11f1-9bac-b4b5b698724c
2026-09-21 22:41:11,246 [WARNING] [MainThread] [deprecation/deprecation.py:161]: [DEPRECATED] BarAlignment: 'center' - Use 'align' instead.
2026-09-21 22:41:11,246 [WARNING] [MainThread] [deprecation/deprecation.py:161]: [DEPRECATED] BarBlurEffect: 'acrylic' - No longer supported and can be removed from the config.
2026-09-21 22:41:11,247 [INFO] [MainThread] [root/controller.py:21]: Reloading Application because of config change.
2026-09-21 22:41:11,361 [INFO] [MainThread] [cli_server/cli_server.py:114]: Log pipe server stopped
2026-09-21 22:41:11,374 [INFO] [MainThread] [root/bar_manager.py:93]: Successfully loaded updated config and re-initialised all bars.
2026-09-21 22:41:11,658 [INFO] [MainThread] [root/bar_manager.py:119]: Stopping KomorebiEventListener...
2026-09-21 22:41:11,665 [INFO] [MainThread] [root/bar_manager.py:119]: Stopping SystemEventListener...
2026-09-21 22:41:12,963 [INFO] [MainThread] [root/log.py:103]: YASB v2.0.7
2026-09-21 22:41:12,965 [INFO] [CLIPipeServer] [cli_server/cli_server.py:216]: CLI server started v1.1.7
2026-09-21 22:41:12,966 [INFO] [MainThread] [cli_server/cli_server.py:106]: Log pipe server started
2026-09-21 22:41:13,049 [WARNING] [MainThread] [deprecation/deprecation.py:161]: [DEPRECATED] BarAlignment: 'center' - Use 'align' instead.
2026-09-21 22:41:13,050 [WARNING] [MainThread] [deprecation/deprecation.py:161]: [DEPRECATED] BarBlurEffect: 'acrylic' - No longer supported and can be removed from the config.
2026-09-21 22:41:13,210 [WARNING] [MainThread] [deprecation/deprecation.py:161]: [DEPRECATED] KomorebiWorkspacesConfig: 'animation' - Use CSS animations instead.
2026-09-21 22:41:13,523 [WARNING] [MainThread] [deprecation/deprecation.py:165]: [DEPRECATED] VolumeConfig: 'volume_icons' renamed to 'icons' - Use 'icons' with the dictionary format instead.
2026-09-21 22:41:13,572 [INFO] [MainThread] [root/service.py:52]: AudioOutputService starting...
2026-09-21 22:41:14,853 [INFO] [MainThread] [root/bar_manager.py:103]: Starting KomorebiEventListener...
2026-09-21 22:41:14,854 [INFO] [MainThread] [root/bar_manager.py:103]: Starting SystemEventListener...
2026-09-21 22:41:14,858 [INFO] [MainThread] [root/watcher.py:65]: Watching directory: c:\users\daeyu\.config\yasb
2026-09-21 22:41:14,859 [INFO] [MainThread] [root/watcher.py:104]: Created file watcher
2026-09-21 22:41:14,858 [INFO] [Dummy-7] [root/event_listener.py:54]: Created named pipe yasb-73b18034-b5df-11f1-81bf-b4b5b698724c
2026-09-21 22:41:14,931 [INFO] [MainThread] [root/update_service.py:434]: Background update checker started
2026-09-21 22:41:15,103 [INFO] [Dummy-7] [root/event_listener.py:147]: Komorebi connected to named pipe: yasb-73b18034-b5df-11f1-81bf-b4b5b698724c
2026-09-21 22:41:41,300 [WARNING] [MainThread] [deprecation/deprecation.py:161]: [DEPRECATED] BarAlignment: 'center' - Use 'align' instead.
2026-09-21 22:41:41,301 [WARNING] [MainThread] [deprecation/deprecation.py:161]: [DEPRECATED] BarBlurEffect: 'acrylic' - No longer supported and can be removed from the config.
2026-09-21 22:41:41,302 [INFO] [MainThread] [root/controller.py:21]: Reloading Application because of config change.
2026-09-21 22:41:41,406 [INFO] [MainThread] [cli_server/cli_server.py:114]: Log pipe server stopped
2026-09-21 22:41:41,422 [INFO] [MainThread] [root/bar_manager.py:93]: Successfully loaded updated config and re-initialised all bars.
2026-09-21 22:41:41,753 [INFO] [MainThread] [root/bar_manager.py:119]: Stopping KomorebiEventListener...
2026-09-21 22:41:41,759 [INFO] [MainThread] [root/bar_manager.py:119]: Stopping SystemEventListener...
2026-09-21 22:41:42,992 [INFO] [MainThread] [root/log.py:103]: YASB v2.0.7
2026-09-21 22:41:42,994 [INFO] [CLIPipeServer] [cli_server/cli_server.py:216]: CLI server started v1.1.7
2026-09-21 22:41:42,996 [INFO] [MainThread] [cli_server/cli_server.py:106]: Log pipe server started
2026-09-21 22:41:43,092 [WARNING] [MainThread] [deprecation/deprecation.py:161]: [DEPRECATED] BarAlignment: 'center' - Use 'align' instead.
2026-09-21 22:41:43,093 [WARNING] [MainThread] [deprecation/deprecation.py:161]: [DEPRECATED] BarBlurEffect: 'acrylic' - No longer supported and can be removed from the config.
2026-09-21 22:41:43,271 [WARNING] [MainThread] [deprecation/deprecation.py:161]: [DEPRECATED] KomorebiWorkspacesConfig: 'animation' - Use CSS animations instead.
2026-09-21 22:41:43,630 [WARNING] [MainThread] [deprecation/deprecation.py:165]: [DEPRECATED] VolumeConfig: 'volume_icons' renamed to 'icons' - Use 'icons' with the dictionary format instead.
2026-09-21 22:41:43,673 [INFO] [MainThread] [root/service.py:52]: AudioOutputService starting...
2026-09-21 22:41:45,057 [INFO] [MainThread] [root/bar_manager.py:103]: Starting SystemEventListener...
2026-09-21 22:41:45,058 [INFO] [MainThread] [root/bar_manager.py:103]: Starting KomorebiEventListener...
2026-09-21 22:41:45,064 [INFO] [Dummy-6] [root/event_listener.py:54]: Created named pipe yasb-85b28eeb-b5df-11f1-8f70-b4b5b698724c
2026-09-21 22:41:45,065 [INFO] [MainThread] [root/watcher.py:65]: Watching directory: c:\users\daeyu\.config\yasb
2026-09-21 22:41:45,066 [INFO] [MainThread] [root/watcher.py:104]: Created file watcher
2026-09-21 22:41:45,137 [INFO] [MainThread] [root/update_service.py:434]: Background update checker started
2026-09-21 22:41:45,384 [INFO] [Dummy-6] [root/event_listener.py:147]: Komorebi connected to named pipe: yasb-85b28eeb-b5df-11f1-8f70-b4b5b698724c
2026-09-21 22:41:51,340 [WARNING] [MainThread] [deprecation/deprecation.py:161]: [DEPRECATED] BarAlignment: 'center' - Use 'align' instead.
2026-09-21 22:41:51,341 [WARNING] [MainThread] [deprecation/deprecation.py:161]: [DEPRECATED] BarBlurEffect: 'acrylic' - No longer supported and can be removed from the config.
2026-09-21 22:41:51,342 [INFO] [MainThread] [root/controller.py:21]: Reloading Application because of config change.
2026-09-21 22:41:51,453 [INFO] [MainThread] [cli_server/cli_server.py:114]: Log pipe server stopped
2026-09-21 22:41:51,468 [INFO] [MainThread] [root/bar_manager.py:93]: Successfully loaded updated config and re-initialised all bars.
2026-09-21 22:41:51,790 [INFO] [MainThread] [root/bar_manager.py:119]: Stopping SystemEventListener...
2026-09-21 22:41:51,800 [INFO] [MainThread] [root/bar_manager.py:119]: Stopping KomorebiEventListener...
2026-09-21 22:41:53,027 [INFO] [MainThread] [root/log.py:103]: YASB v2.0.7
2026-09-21 22:41:53,029 [INFO] [CLIPipeServer] [cli_server/cli_server.py:216]: CLI server started v1.1.7
2026-09-21 22:41:53,031 [INFO] [MainThread] [cli_server/cli_server.py:106]: Log pipe server started
2026-09-21 22:41:53,113 [WARNING] [MainThread] [deprecation/deprecation.py:161]: [DEPRECATED] BarAlignment: 'center' - Use 'align' instead.
2026-09-21 22:41:53,114 [WARNING] [MainThread] [deprecation/deprecation.py:161]: [DEPRECATED] BarBlurEffect: 'acrylic' - No longer supported and can be removed from the config.
2026-09-21 22:41:53,269 [WARNING] [MainThread] [deprecation/deprecation.py:161]: [DEPRECATED] KomorebiWorkspacesConfig: 'animation' - Use CSS animations instead.
2026-09-21 22:41:53,553 [WARNING] [MainThread] [deprecation/deprecation.py:165]: [DEPRECATED] VolumeConfig: 'volume_icons' renamed to 'icons' - Use 'icons' with the dictionary format instead.
2026-09-21 22:41:53,592 [INFO] [MainThread] [root/service.py:52]: AudioOutputService starting...
2026-09-21 22:41:54,897 [INFO] [MainThread] [root/bar_manager.py:103]: Starting KomorebiEventListener...
2026-09-21 22:41:54,898 [INFO] [MainThread] [root/bar_manager.py:103]: Starting SystemEventListener...
2026-09-21 22:41:54,900 [INFO] [Dummy-6] [root/event_listener.py:54]: Created named pipe yasb-8b8fc887-b5df-11f1-8b4b-b4b5b698724c
2026-09-21 22:41:54,901 [INFO] [MainThread] [root/watcher.py:65]: Watching directory: c:\users\daeyu\.config\yasb
2026-09-21 22:41:54,902 [INFO] [MainThread] [root/watcher.py:104]: Created file watcher
2026-09-21 22:41:54,964 [INFO] [MainThread] [root/update_service.py:434]: Background update checker started
2026-09-21 22:41:55,174 [INFO] [Dummy-6] [root/event_listener.py:147]: Komorebi connected to named pipe: yasb-8b8fc887-b5df-11f1-8b4b-b4b5b698724c
2026-09-21 22:42:48,032 [WARNING] [MainThread] [deprecation/deprecation.py:161]: [DEPRECATED] BarAlignment: 'center' - Use 'align' instead.
2026-09-21 22:42:48,032 [WARNING] [MainThread] [deprecation/deprecation.py:161]: [DEPRECATED] BarBlurEffect: 'acrylic' - No longer supported and can be removed from the config.
2026-09-21 22:42:48,033 [INFO] [MainThread] [root/controller.py:21]: Reloading Application because of config change.
2026-09-21 22:42:48,143 [INFO] [MainThread] [cli_server/cli_server.py:114]: Log pipe server stopped
2026-09-21 22:42:48,160 [INFO] [MainThread] [root/bar_manager.py:93]: Successfully loaded updated config and re-initialised all bars.
2026-09-21 22:42:48,497 [INFO] [MainThread] [root/bar_manager.py:119]: Stopping KomorebiEventListener...
2026-09-21 22:42:48,505 [INFO] [MainThread] [root/bar_manager.py:119]: Stopping SystemEventListener...
2026-09-21 22:42:49,758 [INFO] [MainThread] [root/log.py:103]: YASB v2.0.7
2026-09-21 22:42:49,758 [INFO] [CLIPipeServer] [cli_server/cli_server.py:216]: CLI server started v1.1.7
2026-09-21 22:42:49,759 [INFO] [MainThread] [cli_server/cli_server.py:106]: Log pipe server started
2026-09-21 22:42:49,829 [WARNING] [MainThread] [deprecation/deprecation.py:161]: [DEPRECATED] BarAlignment: 'center' - Use 'align' instead.
2026-09-21 22:42:49,830 [WARNING] [MainThread] [deprecation/deprecation.py:161]: [DEPRECATED] BarBlurEffect: 'acrylic' - No longer supported and can be removed from the config.
2026-09-21 22:42:49,971 [WARNING] [MainThread] [deprecation/deprecation.py:161]: [DEPRECATED] KomorebiWorkspacesConfig: 'animation' - Use CSS animations instead.
2026-09-21 22:42:50,246 [WARNING] [MainThread] [deprecation/deprecation.py:165]: [DEPRECATED] VolumeConfig: 'volume_icons' renamed to 'icons' - Use 'icons' with the dictionary format instead.
2026-09-21 22:42:50,283 [INFO] [MainThread] [root/service.py:52]: AudioOutputService starting...
2026-09-21 22:42:51,528 [INFO] [MainThread] [root/bar_manager.py:103]: Starting SystemEventListener...
2026-09-21 22:42:51,529 [INFO] [MainThread] [root/bar_manager.py:103]: Starting KomorebiEventListener...
2026-09-21 22:42:51,535 [INFO] [MainThread] [root/watcher.py:65]: Watching directory: c:\users\daeyu\.config\yasb
2026-09-21 22:42:51,536 [INFO] [MainThread] [root/watcher.py:104]: Created file watcher
2026-09-21 22:42:51,535 [INFO] [Dummy-7] [root/event_listener.py:54]: Created named pipe yasb-ad51191c-b5df-11f1-868d-b4b5b698724c
2026-09-21 22:42:51,613 [INFO] [MainThread] [root/update_service.py:434]: Background update checker started
2026-09-21 22:42:51,867 [INFO] [Dummy-7] [root/event_listener.py:147]: Komorebi connected to named pipe: yasb-ad51191c-b5df-11f1-868d-b4b5b698724c
2026-09-21 22:43:23,953 [WARNING] [MainThread] [deprecation/deprecation.py:161]: [DEPRECATED] BarAlignment: 'center' - Use 'align' instead.
2026-09-21 22:43:23,953 [WARNING] [MainThread] [deprecation/deprecation.py:161]: [DEPRECATED] BarBlurEffect: 'acrylic' - No longer supported and can be removed from the config.
2026-09-21 22:43:23,955 [INFO] [MainThread] [root/controller.py:21]: Reloading Application because of config change.
2026-09-21 22:43:24,070 [INFO] [MainThread] [cli_server/cli_server.py:114]: Log pipe server stopped
2026-09-21 22:43:24,084 [INFO] [MainThread] [root/bar_manager.py:93]: Successfully loaded updated config and re-initialised all bars.
2026-09-21 22:43:24,395 [INFO] [MainThread] [root/bar_manager.py:119]: Stopping SystemEventListener...
2026-09-21 22:43:24,405 [INFO] [MainThread] [root/bar_manager.py:119]: Stopping KomorebiEventListener...
2026-09-21 22:43:25,737 [INFO] [MainThread] [root/log.py:103]: YASB v2.0.7
2026-09-21 22:43:25,738 [INFO] [CLIPipeServer] [cli_server/cli_server.py:216]: CLI server started v1.1.7
2026-09-21 22:43:25,738 [INFO] [MainThread] [cli_server/cli_server.py:106]: Log pipe server started
2026-09-21 22:43:25,822 [WARNING] [MainThread] [deprecation/deprecation.py:161]: [DEPRECATED] BarAlignment: 'center' - Use 'align' instead.
2026-09-21 22:43:25,822 [WARNING] [MainThread] [deprecation/deprecation.py:161]: [DEPRECATED] BarBlurEffect: 'acrylic' - No longer supported and can be removed from the config.
2026-09-21 22:43:25,984 [WARNING] [MainThread] [deprecation/deprecation.py:161]: [DEPRECATED] KomorebiWorkspacesConfig: 'animation' - Use CSS animations instead.
2026-09-21 22:43:26,295 [WARNING] [MainThread] [deprecation/deprecation.py:165]: [DEPRECATED] VolumeConfig: 'volume_icons' renamed to 'icons' - Use 'icons' with the dictionary format instead.
2026-09-21 22:43:26,333 [INFO] [MainThread] [root/service.py:52]: AudioOutputService starting...
2026-09-21 22:43:27,659 [INFO] [MainThread] [root/bar_manager.py:103]: Starting KomorebiEventListener...
2026-09-21 22:43:27,660 [INFO] [MainThread] [root/bar_manager.py:103]: Starting SystemEventListener...
2026-09-21 22:43:27,661 [INFO] [MainThread] [root/watcher.py:65]: Watching directory: c:\users\daeyu\.config\yasb
2026-09-21 22:43:27,662 [INFO] [MainThread] [root/watcher.py:104]: Created file watcher
2026-09-21 22:43:27,662 [INFO] [Dummy-7] [root/event_listener.py:54]: Created named pipe yasb-c2da097b-b5df-11f1-914a-b4b5b698724c
2026-09-21 22:43:27,763 [INFO] [MainThread] [root/update_service.py:434]: Background update checker started
2026-09-21 22:43:28,032 [INFO] [Dummy-7] [root/event_listener.py:147]: Komorebi connected to named pipe: yasb-c2da097b-b5df-11f1-914a-b4b5b698724c
2026-09-21 22:43:36,640 [WARNING] [MainThread] [deprecation/deprecation.py:161]: [DEPRECATED] BarAlignment: 'center' - Use 'align' instead.
2026-09-21 22:43:36,641 [WARNING] [MainThread] [deprecation/deprecation.py:161]: [DEPRECATED] BarBlurEffect: 'acrylic' - No longer supported and can be removed from the config.
2026-09-21 22:43:36,642 [INFO] [MainThread] [root/controller.py:21]: Reloading Application because of config change.
2026-09-21 22:43:36,750 [INFO] [MainThread] [cli_server/cli_server.py:114]: Log pipe server stopped
2026-09-21 22:43:36,763 [INFO] [MainThread] [root/bar_manager.py:93]: Successfully loaded updated config and re-initialised all bars.
2026-09-21 22:43:37,043 [INFO] [MainThread] [root/bar_manager.py:119]: Stopping KomorebiEventListener...
2026-09-21 22:43:37,047 [INFO] [MainThread] [root/bar_manager.py:119]: Stopping SystemEventListener...
2026-09-21 22:43:38,270 [INFO] [MainThread] [root/log.py:103]: YASB v2.0.7
2026-09-21 22:43:38,271 [INFO] [CLIPipeServer] [cli_server/cli_server.py:216]: CLI server started v1.1.7
2026-09-21 22:43:38,273 [INFO] [MainThread] [cli_server/cli_server.py:106]: Log pipe server started
2026-09-21 22:43:38,350 [WARNING] [MainThread] [deprecation/deprecation.py:161]: [DEPRECATED] BarAlignment: 'center' - Use 'align' instead.
2026-09-21 22:43:38,350 [WARNING] [MainThread] [deprecation/deprecation.py:161]: [DEPRECATED] BarBlurEffect: 'acrylic' - No longer supported and can be removed from the config.
2026-09-21 22:43:38,515 [WARNING] [MainThread] [deprecation/deprecation.py:161]: [DEPRECATED] KomorebiWorkspacesConfig: 'animation' - Use CSS animations instead.
2026-09-21 22:43:38,792 [WARNING] [MainThread] [deprecation/deprecation.py:165]: [DEPRECATED] VolumeConfig: 'volume_icons' renamed to 'icons' - Use 'icons' with the dictionary format instead.
2026-09-21 22:43:38,831 [INFO] [MainThread] [root/service.py:52]: AudioOutputService starting...
2026-09-21 22:43:40,162 [INFO] [MainThread] [root/bar_manager.py:103]: Starting SystemEventListener...
2026-09-21 22:43:40,163 [INFO] [MainThread] [root/bar_manager.py:103]: Starting KomorebiEventListener...
2026-09-21 22:43:40,166 [INFO] [Dummy-6] [root/event_listener.py:54]: Created named pipe yasb-ca4df164-b5df-11f1-8b8b-b4b5b698724c
2026-09-21 22:43:40,167 [INFO] [MainThread] [root/watcher.py:65]: Watching directory: c:\users\daeyu\.config\yasb
2026-09-21 22:43:40,168 [INFO] [MainThread] [root/watcher.py:104]: Created file watcher
2026-09-21 22:43:40,240 [INFO] [MainThread] [root/update_service.py:434]: Background update checker started
2026-09-21 22:43:40,483 [INFO] [Dummy-6] [root/event_listener.py:147]: Komorebi connected to named pipe: yasb-ca4df164-b5df-11f1-8b8b-b4b5b698724c
2026-09-21 22:43:58,765 [WARNING] [MainThread] [deprecation/deprecation.py:161]: [DEPRECATED] BarAlignment: 'center' - Use 'align' instead.
2026-09-21 22:43:58,766 [WARNING] [MainThread] [deprecation/deprecation.py:161]: [DEPRECATED] BarBlurEffect: 'acrylic' - No longer supported and can be removed from the config.
2026-09-21 22:43:58,767 [INFO] [MainThread] [root/controller.py:21]: Reloading Application because of config change.
2026-09-21 22:43:58,867 [INFO] [MainThread] [cli_server/cli_server.py:114]: Log pipe server stopped
2026-09-21 22:43:58,883 [INFO] [MainThread] [root/bar_manager.py:93]: Successfully loaded updated config and re-initialised all bars.
2026-09-21 22:43:59,195 [INFO] [MainThread] [root/bar_manager.py:119]: Stopping SystemEventListener...
2026-09-21 22:43:59,210 [INFO] [MainThread] [root/bar_manager.py:119]: Stopping KomorebiEventListener...
2026-09-21 22:44:00,605 [INFO] [MainThread] [root/log.py:103]: YASB v2.0.7
2026-09-21 22:44:00,606 [INFO] [CLIPipeServer] [cli_server/cli_server.py:216]: CLI server started v1.1.7
2026-09-21 22:44:00,607 [INFO] [MainThread] [cli_server/cli_server.py:106]: Log pipe server started
2026-09-21 22:44:00,687 [WARNING] [MainThread] [deprecation/deprecation.py:161]: [DEPRECATED] BarAlignment: 'center' - Use 'align' instead.
2026-09-21 22:44:00,687 [WARNING] [MainThread] [deprecation/deprecation.py:161]: [DEPRECATED] BarBlurEffect: 'acrylic' - No longer supported and can be removed from the config.
2026-09-21 22:44:00,854 [WARNING] [MainThread] [deprecation/deprecation.py:161]: [DEPRECATED] KomorebiWorkspacesConfig: 'animation' - Use CSS animations instead.
2026-09-21 22:44:01,190 [WARNING] [MainThread] [deprecation/deprecation.py:165]: [DEPRECATED] VolumeConfig: 'volume_icons' renamed to 'icons' - Use 'icons' with the dictionary format instead.
2026-09-21 22:44:01,237 [INFO] [MainThread] [root/service.py:52]: AudioOutputService starting...
2026-09-21 22:44:02,559 [INFO] [MainThread] [root/bar_manager.py:103]: Starting KomorebiEventListener...
2026-09-21 22:44:02,560 [INFO] [MainThread] [root/bar_manager.py:103]: Starting SystemEventListener...
2026-09-21 22:44:02,562 [INFO] [MainThread] [root/watcher.py:65]: Watching directory: c:\users\daeyu\.config\yasb
2026-09-21 22:44:02,563 [INFO] [MainThread] [root/watcher.py:104]: Created file watcher
2026-09-21 22:44:02,563 [INFO] [Dummy-7] [root/event_listener.py:54]: Created named pipe yasb-d7a768e0-b5df-11f1-abfc-b4b5b698724c
2026-09-21 22:44:02,634 [INFO] [MainThread] [root/update_service.py:434]: Background update checker started
2026-09-21 22:44:02,833 [INFO] [Dummy-7] [root/event_listener.py:147]: Komorebi connected to named pipe: yasb-d7a768e0-b5df-11f1-abfc-b4b5b698724c
2026-09-21 22:44:47,830 [WARNING] [MainThread] [deprecation/deprecation.py:161]: [DEPRECATED] BarAlignment: 'center' - Use 'align' instead.
2026-09-21 22:44:47,830 [WARNING] [MainThread] [deprecation/deprecation.py:161]: [DEPRECATED] BarBlurEffect: 'acrylic' - No longer supported and can be removed from the config.
2026-09-21 22:44:47,831 [INFO] [MainThread] [root/controller.py:21]: Reloading Application because of config change.
2026-09-21 22:44:47,944 [INFO] [MainThread] [cli_server/cli_server.py:114]: Log pipe server stopped
2026-09-21 22:44:47,960 [INFO] [MainThread] [root/bar_manager.py:93]: Successfully loaded updated config and re-initialised all bars.
2026-09-21 22:44:48,256 [INFO] [MainThread] [root/bar_manager.py:119]: Stopping KomorebiEventListener...
2026-09-21 22:44:48,263 [INFO] [MainThread] [root/bar_manager.py:119]: Stopping SystemEventListener...
2026-09-21 22:44:49,705 [INFO] [MainThread] [root/log.py:103]: YASB v2.0.7
2026-09-21 22:44:49,708 [INFO] [CLIPipeServer] [cli_server/cli_server.py:216]: CLI server started v1.1.7
2026-09-21 22:44:49,709 [INFO] [MainThread] [cli_server/cli_server.py:106]: Log pipe server started
2026-09-21 22:44:49,799 [WARNING] [MainThread] [deprecation/deprecation.py:161]: [DEPRECATED] BarAlignment: 'center' - Use 'align' instead.
2026-09-21 22:44:49,800 [WARNING] [MainThread] [deprecation/deprecation.py:161]: [DEPRECATED] BarBlurEffect: 'acrylic' - No longer supported and can be removed from the config.
2026-09-21 22:44:49,984 [WARNING] [MainThread] [deprecation/deprecation.py:161]: [DEPRECATED] KomorebiWorkspacesConfig: 'animation' - Use CSS animations instead.
2026-09-21 22:44:50,290 [WARNING] [MainThread] [deprecation/deprecation.py:165]: [DEPRECATED] VolumeConfig: 'volume_icons' renamed to 'icons' - Use 'icons' with the dictionary format instead.
2026-09-21 22:44:50,328 [INFO] [MainThread] [root/service.py:52]: AudioOutputService starting...
2026-09-21 22:44:51,759 [INFO] [MainThread] [root/bar_manager.py:103]: Starting SystemEventListener...
2026-09-21 22:44:51,760 [INFO] [MainThread] [root/bar_manager.py:103]: Starting KomorebiEventListener...
2026-09-21 22:44:51,764 [INFO] [MainThread] [root/watcher.py:65]: Watching directory: c:\users\daeyu\.config\yasb
2026-09-21 22:44:51,765 [INFO] [MainThread] [root/watcher.py:104]: Created file watcher
2026-09-21 22:44:51,765 [INFO] [Dummy-7] [root/event_listener.py:54]: Created named pipe yasb-f4fadbc2-b5df-11f1-a6f8-b4b5b698724c
2026-09-21 22:44:51,840 [INFO] [MainThread] [root/update_service.py:434]: Background update checker started
2026-09-21 22:44:52,092 [INFO] [Dummy-7] [root/event_listener.py:147]: Komorebi connected to named pipe: yasb-f4fadbc2-b5df-11f1-a6f8-b4b5b698724c
2026-09-21 22:45:38,197 [ERROR] [MainThread] [root/bar_manager.py:80]: Error loading config: while scanning for the next token
found character '\t' that cannot start any token
  in "C:\Users\daeyu\.config\yasb\config.yaml", line 47, column 1
2026-09-21 22:54:10,967 [ERROR] [MainThread] [root/bar_manager.py:80]: Error loading config: while scanning for the next token
found character '\t' that cannot start any token
  in "C:\Users\daeyu\.config\yasb\config.yaml", line 47, column 1
2026-09-21 22:55:49,696 [ERROR] [MainThread] [root/bar_manager.py:80]: Error loading config: while scanning for the next token
found character '\t' that cannot start any token
  in "C:\Users\daeyu\.config\yasb\config.yaml", line 47, column 1
2026-09-21 22:56:16,614 [ERROR] [MainThread] [root/bar_manager.py:80]: Error loading config: while scanning for the next token
found character '\t' that cannot start any token
  in "C:\Users\daeyu\.config\yasb\config.yaml", line 47, column 1
2026-09-21 22:56:21,511 [INFO] [MainThread] [root/controller.py:21]: Reloading Bar from context menu...
2026-09-21 22:56:21,619 [INFO] [MainThread] [cli_server/cli_server.py:114]: Log pipe server stopped
2026-09-21 22:56:21,864 [INFO] [MainThread] [root/bar_manager.py:119]: Stopping SystemEventListener...
2026-09-21 22:56:21,876 [INFO] [MainThread] [root/bar_manager.py:119]: Stopping KomorebiEventListener...
2026-09-21 22:56:22,679 [INFO] [MainThread] [root/log.py:103]: YASB v2.0.7
2026-09-21 22:56:22,680 [INFO] [CLIPipeServer] [cli_server/cli_server.py:216]: CLI server started v1.1.7
2026-09-21 22:56:22,680 [INFO] [MainThread] [cli_server/cli_server.py:106]: Log pipe server started
2026-09-21 22:56:22,746 [ERROR] [MainThread] [root/main.py:180]: Exception during application startup
Traceback (most recent call last):
  File "main.py", line 178, in <module>
  File "main.py", line 75, in main
  File "D:\a\yasb\yasb\venv\Lib\site-packages\qasync\__init__.py", line 438, in run_until_complete
  File "main.py", line 109, in main_async
  File "D:\a\yasb\yasb\src\core\config.py", line 144, in get_config_and_stylesheet
  File "D:\a\yasb\yasb\src\core\config.py", line 82, in get_config
  File "D:\a\yasb\yasb\venv\Lib\site-packages\yaml\__init__.py", line 125, in safe_load
  File "D:\a\yasb\yasb\venv\Lib\site-packages\yaml\__init__.py", line 81, in load
  File "D:\a\yasb\yasb\venv\Lib\site-packages\yaml\constructor.py", line 49, in get_single_data
  File "D:\a\yasb\yasb\venv\Lib\site-packages\yaml\composer.py", line 36, in get_single_node
  File "D:\a\yasb\yasb\venv\Lib\site-packages\yaml\composer.py", line 55, in compose_document
  File "D:\a\yasb\yasb\venv\Lib\site-packages\yaml\composer.py", line 84, in compose_node
  File "D:\a\yasb\yasb\venv\Lib\site-packages\yaml\composer.py", line 133, in compose_mapping_node
  File "D:\a\yasb\yasb\venv\Lib\site-packages\yaml\composer.py", line 84, in compose_node
  File "D:\a\yasb\yasb\venv\Lib\site-packages\yaml\composer.py", line 133, in compose_mapping_node
  File "D:\a\yasb\yasb\venv\Lib\site-packages\yaml\composer.py", line 84, in compose_node
  File "D:\a\yasb\yasb\venv\Lib\site-packages\yaml\composer.py", line 133, in compose_mapping_node
  File "D:\a\yasb\yasb\venv\Lib\site-packages\yaml\composer.py", line 84, in compose_node
  File "D:\a\yasb\yasb\venv\Lib\site-packages\yaml\composer.py", line 133, in compose_mapping_node
  File "D:\a\yasb\yasb\venv\Lib\site-packages\yaml\composer.py", line 82, in compose_node
  File "D:\a\yasb\yasb\venv\Lib\site-packages\yaml\composer.py", line 110, in compose_sequence_node
  File "D:\a\yasb\yasb\venv\Lib\site-packages\yaml\parser.py", line 98, in check_event
  File "D:\a\yasb\yasb\venv\Lib\site-packages\yaml\parser.py", line 384, in parse_block_sequence_entry
  File "D:\a\yasb\yasb\venv\Lib\site-packages\yaml\scanner.py", line 116, in check_token
  File "D:\a\yasb\yasb\venv\Lib\site-packages\yaml\scanner.py", line 258, in fetch_more_tokens
yaml.scanner.ScannerError: while scanning for the next token
found character '\t' that cannot start any token
  in "C:\Users\daeyu\.config\yasb\config.yaml", line 47, column 1
2026-09-21 22:57:05,039 [INFO] [MainThread] [root/log.py:103]: YASB v2.0.7
2026-09-21 22:57:05,039 [INFO] [CLIPipeServer] [cli_server/cli_server.py:216]: CLI server started v1.1.7
2026-09-21 22:57:05,040 [INFO] [MainThread] [cli_server/cli_server.py:106]: Log pipe server started
2026-09-21 22:57:05,125 [ERROR] [MainThread] [root/main.py:180]: Exception during application startup
Traceback (most recent call last):
  File "main.py", line 178, in <module>
  File "main.py", line 75, in main
  File "D:\a\yasb\yasb\venv\Lib\site-packages\qasync\__init__.py", line 438, in run_until_complete
  File "main.py", line 109, in main_async
  File "D:\a\yasb\yasb\src\core\config.py", line 144, in get_config_and_stylesheet
  File "D:\a\yasb\yasb\src\core\config.py", line 82, in get_config
  File "D:\a\yasb\yasb\venv\Lib\site-packages\yaml\__init__.py", line 125, in safe_load
  File "D:\a\yasb\yasb\venv\Lib\site-packages\yaml\__init__.py", line 81, in load
  File "D:\a\yasb\yasb\venv\Lib\site-packages\yaml\constructor.py", line 49, in get_single_data
  File "D:\a\yasb\yasb\venv\Lib\site-packages\yaml\composer.py", line 36, in get_single_node
  File "D:\a\yasb\yasb\venv\Lib\site-packages\yaml\composer.py", line 55, in compose_document
  File "D:\a\yasb\yasb\venv\Lib\site-packages\yaml\composer.py", line 84, in compose_node
  File "D:\a\yasb\yasb\venv\Lib\site-packages\yaml\composer.py", line 133, in compose_mapping_node
  File "D:\a\yasb\yasb\venv\Lib\site-packages\yaml\composer.py", line 84, in compose_node
  File "D:\a\yasb\yasb\venv\Lib\site-packages\yaml\composer.py", line 133, in compose_mapping_node
  File "D:\a\yasb\yasb\venv\Lib\site-packages\yaml\composer.py", line 84, in compose_node
  File "D:\a\yasb\yasb\venv\Lib\site-packages\yaml\composer.py", line 133, in compose_mapping_node
  File "D:\a\yasb\yasb\venv\Lib\site-packages\yaml\composer.py", line 84, in compose_node
  File "D:\a\yasb\yasb\venv\Lib\site-packages\yaml\composer.py", line 133, in compose_mapping_node
  File "D:\a\yasb\yasb\venv\Lib\site-packages\yaml\composer.py", line 82, in compose_node
  File "D:\a\yasb\yasb\venv\Lib\site-packages\yaml\composer.py", line 110, in compose_sequence_node
  File "D:\a\yasb\yasb\venv\Lib\site-packages\yaml\parser.py", line 98, in check_event
  File "D:\a\yasb\yasb\venv\Lib\site-packages\yaml\parser.py", line 384, in parse_block_sequence_entry
  File "D:\a\yasb\yasb\venv\Lib\site-packages\yaml\scanner.py", line 116, in check_token
  File "D:\a\yasb\yasb\venv\Lib\site-packages\yaml\scanner.py", line 258, in fetch_more_tokens
yaml.scanner.ScannerError: while scanning for the next token
found character '\t' that cannot start any token
  in "C:\Users\daeyu\.config\yasb\config.yaml", line 47, column 1
2026-09-21 22:57:31,504 [INFO] [MainThread] [root/log.py:103]: YASB v2.0.7
2026-09-21 22:57:31,504 [INFO] [CLIPipeServer] [cli_server/cli_server.py:216]: CLI server started v1.1.7
2026-09-21 22:57:31,505 [INFO] [MainThread] [cli_server/cli_server.py:106]: Log pipe server started
2026-09-21 22:57:31,558 [ERROR] [MainThread] [root/main.py:180]: Exception during application startup
Traceback (most recent call last):
  File "main.py", line 178, in <module>
  File "main.py", line 75, in main
  File "D:\a\yasb\yasb\venv\Lib\site-packages\qasync\__init__.py", line 438, in run_until_complete
  File "main.py", line 109, in main_async
  File "D:\a\yasb\yasb\src\core\config.py", line 144, in get_config_and_stylesheet
  File "D:\a\yasb\yasb\src\core\config.py", line 82, in get_config
  File "D:\a\yasb\yasb\venv\Lib\site-packages\yaml\__init__.py", line 125, in safe_load
  File "D:\a\yasb\yasb\venv\Lib\site-packages\yaml\__init__.py", line 81, in load
  File "D:\a\yasb\yasb\venv\Lib\site-packages\yaml\constructor.py", line 49, in get_single_data
  File "D:\a\yasb\yasb\venv\Lib\site-packages\yaml\composer.py", line 36, in get_single_node
  File "D:\a\yasb\yasb\venv\Lib\site-packages\yaml\composer.py", line 55, in compose_document
  File "D:\a\yasb\yasb\venv\Lib\site-packages\yaml\composer.py", line 84, in compose_node
  File "D:\a\yasb\yasb\venv\Lib\site-packages\yaml\composer.py", line 133, in compose_mapping_node
  File "D:\a\yasb\yasb\venv\Lib\site-packages\yaml\composer.py", line 84, in compose_node
  File "D:\a\yasb\yasb\venv\Lib\site-packages\yaml\composer.py", line 133, in compose_mapping_node
  File "D:\a\yasb\yasb\venv\Lib\site-packages\yaml\composer.py", line 84, in compose_node
  File "D:\a\yasb\yasb\venv\Lib\site-packages\yaml\composer.py", line 133, in compose_mapping_node
  File "D:\a\yasb\yasb\venv\Lib\site-packages\yaml\composer.py", line 84, in compose_node
  File "D:\a\yasb\yasb\venv\Lib\site-packages\yaml\composer.py", line 133, in compose_mapping_node
  File "D:\a\yasb\yasb\venv\Lib\site-packages\yaml\composer.py", line 82, in compose_node
  File "D:\a\yasb\yasb\venv\Lib\site-packages\yaml\composer.py", line 110, in compose_sequence_node
  File "D:\a\yasb\yasb\venv\Lib\site-packages\yaml\parser.py", line 98, in check_event
  File "D:\a\yasb\yasb\venv\Lib\site-packages\yaml\parser.py", line 384, in parse_block_sequence_entry
  File "D:\a\yasb\yasb\venv\Lib\site-packages\yaml\scanner.py", line 116, in check_token
  File "D:\a\yasb\yasb\venv\Lib\site-packages\yaml\scanner.py", line 258, in fetch_more_tokens
yaml.scanner.ScannerError: while scanning for the next token
found character '\t' that cannot start any token
  in "C:\Users\daeyu\.config\yasb\config.yaml", line 47, column 1
2026-09-21 22:57:52,684 [INFO] [MainThread] [root/log.py:103]: YASB v2.0.7
2026-09-21 22:57:52,685 [INFO] [CLIPipeServer] [cli_server/cli_server.py:216]: CLI server started v1.1.7
2026-09-21 22:57:52,685 [INFO] [MainThread] [cli_server/cli_server.py:106]: Log pipe server started
2026-09-21 22:57:52,726 [ERROR] [MainThread] [root/main.py:180]: Exception during application startup
Traceback (most recent call last):
  File "main.py", line 178, in <module>
  File "main.py", line 75, in main
  File "D:\a\yasb\yasb\venv\Lib\site-packages\qasync\__init__.py", line 438, in run_until_complete
  File "main.py", line 109, in main_async
  File "D:\a\yasb\yasb\src\core\config.py", line 144, in get_config_and_stylesheet
  File "D:\a\yasb\yasb\src\core\config.py", line 82, in get_config
  File "D:\a\yasb\yasb\venv\Lib\site-packages\yaml\__init__.py", line 125, in safe_load
  File "D:\a\yasb\yasb\venv\Lib\site-packages\yaml\__init__.py", line 81, in load
  File "D:\a\yasb\yasb\venv\Lib\site-packages\yaml\constructor.py", line 49, in get_single_data
  File "D:\a\yasb\yasb\venv\Lib\site-packages\yaml\composer.py", line 36, in get_single_node
  File "D:\a\yasb\yasb\venv\Lib\site-packages\yaml\composer.py", line 55, in compose_document
  File "D:\a\yasb\yasb\venv\Lib\site-packages\yaml\composer.py", line 84, in compose_node
  File "D:\a\yasb\yasb\venv\Lib\site-packages\yaml\composer.py", line 133, in compose_mapping_node
  File "D:\a\yasb\yasb\venv\Lib\site-packages\yaml\composer.py", line 84, in compose_node
  File "D:\a\yasb\yasb\venv\Lib\site-packages\yaml\composer.py", line 133, in compose_mapping_node
  File "D:\a\yasb\yasb\venv\Lib\site-packages\yaml\composer.py", line 84, in compose_node
  File "D:\a\yasb\yasb\venv\Lib\site-packages\yaml\composer.py", line 133, in compose_mapping_node
  File "D:\a\yasb\yasb\venv\Lib\site-packages\yaml\composer.py", line 84, in compose_node
  File "D:\a\yasb\yasb\venv\Lib\site-packages\yaml\composer.py", line 133, in compose_mapping_node
  File "D:\a\yasb\yasb\venv\Lib\site-packages\yaml\composer.py", line 82, in compose_node
  File "D:\a\yasb\yasb\venv\Lib\site-packages\yaml\composer.py", line 110, in compose_sequence_node
  File "D:\a\yasb\yasb\venv\Lib\site-packages\yaml\parser.py", line 98, in check_event
  File "D:\a\yasb\yasb\venv\Lib\site-packages\yaml\parser.py", line 384, in parse_block_sequence_entry
  File "D:\a\yasb\yasb\venv\Lib\site-packages\yaml\scanner.py", line 116, in check_token
  File "D:\a\yasb\yasb\venv\Lib\site-packages\yaml\scanner.py", line 258, in fetch_more_tokens
yaml.scanner.ScannerError: while scanning for the next token
found character '\t' that cannot start any token
  in "C:\Users\daeyu\.config\yasb\config.yaml", line 47, column 1
2026-09-21 22:58:21,294 [INFO] [MainThread] [root/log.py:103]: YASB v2.0.7
2026-09-21 22:58:21,294 [INFO] [CLIPipeServer] [cli_server/cli_server.py:216]: CLI server started v1.1.7
2026-09-21 22:58:21,295 [INFO] [MainThread] [cli_server/cli_server.py:106]: Log pipe server started
2026-09-21 22:58:21,344 [ERROR] [MainThread] [root/main.py:180]: Exception during application startup
Traceback (most recent call last):
  File "main.py", line 178, in <module>
  File "main.py", line 75, in main
  File "D:\a\yasb\yasb\venv\Lib\site-packages\qasync\__init__.py", line 438, in run_until_complete
  File "main.py", line 109, in main_async
  File "D:\a\yasb\yasb\src\core\config.py", line 144, in get_config_and_stylesheet
  File "D:\a\yasb\yasb\src\core\config.py", line 82, in get_config
  File "D:\a\yasb\yasb\venv\Lib\site-packages\yaml\__init__.py", line 125, in safe_load
  File "D:\a\yasb\yasb\venv\Lib\site-packages\yaml\__init__.py", line 81, in load
  File "D:\a\yasb\yasb\venv\Lib\site-packages\yaml\constructor.py", line 49, in get_single_data
  File "D:\a\yasb\yasb\venv\Lib\site-packages\yaml\composer.py", line 36, in get_single_node
  File "D:\a\yasb\yasb\venv\Lib\site-packages\yaml\composer.py", line 55, in compose_document
  File "D:\a\yasb\yasb\venv\Lib\site-packages\yaml\composer.py", line 84, in compose_node
  File "D:\a\yasb\yasb\venv\Lib\site-packages\yaml\composer.py", line 133, in compose_mapping_node
  File "D:\a\yasb\yasb\venv\Lib\site-packages\yaml\composer.py", line 84, in compose_node
  File "D:\a\yasb\yasb\venv\Lib\site-packages\yaml\composer.py", line 133, in compose_mapping_node
  File "D:\a\yasb\yasb\venv\Lib\site-packages\yaml\composer.py", line 84, in compose_node
  File "D:\a\yasb\yasb\venv\Lib\site-packages\yaml\composer.py", line 133, in compose_mapping_node
  File "D:\a\yasb\yasb\venv\Lib\site-packages\yaml\composer.py", line 84, in compose_node
  File "D:\a\yasb\yasb\venv\Lib\site-packages\yaml\composer.py", line 133, in compose_mapping_node
  File "D:\a\yasb\yasb\venv\Lib\site-packages\yaml\composer.py", line 82, in compose_node
  File "D:\a\yasb\yasb\venv\Lib\site-packages\yaml\composer.py", line 110, in compose_sequence_node
  File "D:\a\yasb\yasb\venv\Lib\site-packages\yaml\parser.py", line 98, in check_event
  File "D:\a\yasb\yasb\venv\Lib\site-packages\yaml\parser.py", line 384, in parse_block_sequence_entry
  File "D:\a\yasb\yasb\venv\Lib\site-packages\yaml\scanner.py", line 116, in check_token
  File "D:\a\yasb\yasb\venv\Lib\site-packages\yaml\scanner.py", line 258, in fetch_more_tokens
yaml.scanner.ScannerError: while scanning for the next token
found character '\t' that cannot start any token
  in "C:\Users\daeyu\.config\yasb\config.yaml", line 47, column 1
2026-09-21 22:58:26,921 [INFO] [MainThread] [root/log.py:103]: YASB v2.0.7
2026-09-21 22:58:26,922 [INFO] [CLIPipeServer] [cli_server/cli_server.py:216]: CLI server started v1.1.7
2026-09-21 22:58:26,923 [INFO] [MainThread] [cli_server/cli_server.py:106]: Log pipe server started
2026-09-21 22:58:26,967 [ERROR] [MainThread] [root/main.py:180]: Exception during application startup
Traceback (most recent call last):
  File "main.py", line 178, in <module>
  File "main.py", line 75, in main
  File "D:\a\yasb\yasb\venv\Lib\site-packages\qasync\__init__.py", line 438, in run_until_complete
  File "main.py", line 109, in main_async
  File "D:\a\yasb\yasb\src\core\config.py", line 144, in get_config_and_stylesheet
  File "D:\a\yasb\yasb\src\core\config.py", line 82, in get_config
  File "D:\a\yasb\yasb\venv\Lib\site-packages\yaml\__init__.py", line 125, in safe_load
  File "D:\a\yasb\yasb\venv\Lib\site-packages\yaml\__init__.py", line 81, in load
  File "D:\a\yasb\yasb\venv\Lib\site-packages\yaml\constructor.py", line 49, in get_single_data
  File "D:\a\yasb\yasb\venv\Lib\site-packages\yaml\composer.py", line 36, in get_single_node
  File "D:\a\yasb\yasb\venv\Lib\site-packages\yaml\composer.py", line 55, in compose_document
  File "D:\a\yasb\yasb\venv\Lib\site-packages\yaml\composer.py", line 84, in compose_node
  File "D:\a\yasb\yasb\venv\Lib\site-packages\yaml\composer.py", line 133, in compose_mapping_node
  File "D:\a\yasb\yasb\venv\Lib\site-packages\yaml\composer.py", line 84, in compose_node
  File "D:\a\yasb\yasb\venv\Lib\site-packages\yaml\composer.py", line 133, in compose_mapping_node
  File "D:\a\yasb\yasb\venv\Lib\site-packages\yaml\composer.py", line 84, in compose_node
  File "D:\a\yasb\yasb\venv\Lib\site-packages\yaml\composer.py", line 133, in compose_mapping_node
  File "D:\a\yasb\yasb\venv\Lib\site-packages\yaml\composer.py", line 84, in compose_node
  File "D:\a\yasb\yasb\venv\Lib\site-packages\yaml\composer.py", line 133, in compose_mapping_node
  File "D:\a\yasb\yasb\venv\Lib\site-packages\yaml\composer.py", line 82, in compose_node
  File "D:\a\yasb\yasb\venv\Lib\site-packages\yaml\composer.py", line 110, in compose_sequence_node
  File "D:\a\yasb\yasb\venv\Lib\site-packages\yaml\parser.py", line 98, in check_event
  File "D:\a\yasb\yasb\venv\Lib\site-packages\yaml\parser.py", line 384, in parse_block_sequence_entry
  File "D:\a\yasb\yasb\venv\Lib\site-packages\yaml\scanner.py", line 116, in check_token
  File "D:\a\yasb\yasb\venv\Lib\site-packages\yaml\scanner.py", line 258, in fetch_more_tokens
yaml.scanner.ScannerError: while scanning for the next token
found character '\t' that cannot start any token
  in "C:\Users\daeyu\.config\yasb\config.yaml", line 47, column 1
2026-09-21 23:00:21,102 [INFO] [MainThread] [root/log.py:103]: YASB v2.0.7
2026-09-21 23:00:21,102 [INFO] [CLIPipeServer] [cli_server/cli_server.py:216]: CLI server started v1.1.7
2026-09-21 23:00:21,103 [INFO] [MainThread] [cli_server/cli_server.py:106]: Log pipe server started
2026-09-21 23:00:21,147 [WARNING] [MainThread] [deprecation/deprecation.py:161]: [DEPRECATED] BarAlignment: 'center' - Use 'align' instead.
2026-09-21 23:00:21,147 [WARNING] [MainThread] [deprecation/deprecation.py:161]: [DEPRECATED] BarBlurEffect: 'acrylic' - No longer supported and can be removed from the config.
2026-09-21 23:00:21,277 [WARNING] [MainThread] [deprecation/deprecation.py:161]: [DEPRECATED] KomorebiWorkspacesConfig: 'animation' - Use CSS animations instead.
2026-09-21 23:00:21,446 [WARNING] [MainThread] [deprecation/deprecation.py:165]: [DEPRECATED] VolumeConfig: 'volume_icons' renamed to 'icons' - Use 'icons' with the dictionary format instead.
2026-09-21 23:00:21,470 [INFO] [MainThread] [root/service.py:52]: AudioOutputService starting...
2026-09-21 23:00:22,653 [INFO] [MainThread] [root/bar_manager.py:103]: Starting KomorebiEventListener...
2026-09-21 23:00:22,653 [INFO] [MainThread] [root/bar_manager.py:103]: Starting SystemEventListener...
2026-09-21 23:00:22,655 [INFO] [Dummy-6] [root/event_listener.py:54]: Created named pipe yasb-1fd5cb89-b5e2-11f1-8311-b4b5b698724c
2026-09-21 23:00:22,655 [INFO] [MainThread] [root/watcher.py:65]: Watching directory: c:\users\daeyu\.config\yasb
2026-09-21 23:00:22,655 [INFO] [MainThread] [root/watcher.py:104]: Created file watcher
2026-09-21 23:00:22,710 [INFO] [MainThread] [root/update_service.py:434]: Background update checker started
2026-09-21 23:00:22,817 [INFO] [Dummy-6] [root/event_listener.py:147]: Komorebi connected to named pipe: yasb-1fd5cb89-b5e2-11f1-8311-b4b5b698724c
2026-09-21 23:01:05,429 [WARNING] [MainThread] [deprecation/deprecation.py:161]: [DEPRECATED] BarAlignment: 'center' - Use 'align' instead.
2026-09-21 23:01:05,429 [WARNING] [MainThread] [deprecation/deprecation.py:161]: [DEPRECATED] BarBlurEffect: 'acrylic' - No longer supported and can be removed from the config.
2026-09-21 23:01:05,468 [INFO] [MainThread] [root/controller.py:21]: Reloading Application because of config change.
2026-09-21 23:01:05,569 [INFO] [MainThread] [cli_server/cli_server.py:114]: Log pipe server stopped
2026-09-21 23:01:05,576 [INFO] [MainThread] [root/bar_manager.py:93]: Successfully loaded updated config and re-initialised all bars.
2026-09-21 23:01:05,809 [INFO] [MainThread] [root/bar_manager.py:119]: Stopping KomorebiEventListener...
2026-09-21 23:01:05,814 [INFO] [MainThread] [root/bar_manager.py:119]: Stopping SystemEventListener...
2026-09-21 23:01:06,448 [INFO] [MainThread] [root/log.py:103]: YASB v2.0.7
2026-09-21 23:01:06,449 [INFO] [CLIPipeServer] [cli_server/cli_server.py:216]: CLI server started v1.1.7
2026-09-21 23:01:06,449 [INFO] [MainThread] [cli_server/cli_server.py:106]: Log pipe server started
2026-09-21 23:01:06,505 [WARNING] [MainThread] [deprecation/deprecation.py:161]: [DEPRECATED] BarAlignment: 'center' - Use 'align' instead.
2026-09-21 23:01:06,505 [WARNING] [MainThread] [deprecation/deprecation.py:161]: [DEPRECATED] BarBlurEffect: 'acrylic' - No longer supported and can be removed from the config.
2026-09-21 23:01:06,589 [WARNING] [MainThread] [deprecation/deprecation.py:161]: [DEPRECATED] KomorebiWorkspacesConfig: 'animation' - Use CSS animations instead.
2026-09-21 23:01:06,734 [WARNING] [MainThread] [deprecation/deprecation.py:165]: [DEPRECATED] VolumeConfig: 'volume_icons' renamed to 'icons' - Use 'icons' with the dictionary format instead.
2026-09-21 23:01:06,758 [INFO] [MainThread] [root/service.py:52]: AudioOutputService starting...
2026-09-21 23:01:07,543 [INFO] [MainThread] [root/bar_manager.py:103]: Starting KomorebiEventListener...
2026-09-21 23:01:07,543 [INFO] [MainThread] [root/bar_manager.py:103]: Starting SystemEventListener...
2026-09-21 23:01:07,544 [INFO] [Dummy-6] [root/event_listener.py:54]: Created named pipe yasb-3a976461-b5e2-11f1-aacc-b4b5b698724c
2026-09-21 23:01:07,545 [INFO] [MainThread] [root/watcher.py:65]: Watching directory: c:\users\daeyu\.config\yasb
2026-09-21 23:01:07,545 [INFO] [MainThread] [root/watcher.py:104]: Created file watcher
2026-09-21 23:01:07,584 [INFO] [MainThread] [root/update_service.py:434]: Background update checker started
2026-09-21 23:01:07,728 [INFO] [Dummy-6] [root/event_listener.py:147]: Komorebi connected to named pipe: yasb-3a976461-b5e2-11f1-aacc-b4b5b698724c
2026-09-21 23:03:17,330 [WARNING] [MainThread] [deprecation/deprecation.py:161]: [DEPRECATED] BarAlignment: 'center' - Use 'align' instead.
2026-09-21 23:03:17,330 [WARNING] [MainThread] [deprecation/deprecation.py:161]: [DEPRECATED] BarBlurEffect: 'acrylic' - No longer supported and can be removed from the config.
2026-09-21 23:03:17,331 [INFO] [MainThread] [root/controller.py:21]: Reloading Application because of config change.
2026-09-21 23:03:17,444 [INFO] [MainThread] [cli_server/cli_server.py:114]: Log pipe server stopped
2026-09-21 23:03:17,451 [INFO] [MainThread] [root/bar_manager.py:93]: Successfully loaded updated config and re-initialised all bars.
2026-09-21 23:03:17,714 [INFO] [MainThread] [root/bar_manager.py:119]: Stopping KomorebiEventListener...
2026-09-21 23:03:17,719 [INFO] [MainThread] [root/bar_manager.py:119]: Stopping SystemEventListener...
2026-09-21 23:03:18,407 [INFO] [MainThread] [root/log.py:103]: YASB v2.0.7
2026-09-21 23:03:18,407 [INFO] [CLIPipeServer] [cli_server/cli_server.py:216]: CLI server started v1.1.7
2026-09-21 23:03:18,408 [INFO] [MainThread] [cli_server/cli_server.py:106]: Log pipe server started
2026-09-21 23:03:18,459 [WARNING] [MainThread] [deprecation/deprecation.py:161]: [DEPRECATED] BarAlignment: 'center' - Use 'align' instead.
2026-09-21 23:03:18,459 [WARNING] [MainThread] [deprecation/deprecation.py:161]: [DEPRECATED] BarBlurEffect: 'acrylic' - No longer supported and can be removed from the config.
2026-09-21 23:03:18,544 [WARNING] [MainThread] [deprecation/deprecation.py:161]: [DEPRECATED] KomorebiWorkspacesConfig: 'animation' - Use CSS animations instead.
2026-09-21 23:03:18,612 [WARNING] [MainThread] [root/widget_builder.py:39]: No widget config could be found for widget 'cava_media
2026-09-21 23:03:18,674 [WARNING] [MainThread] [deprecation/deprecation.py:165]: [DEPRECATED] VolumeConfig: 'volume_icons' renamed to 'icons' - Use 'icons' with the dictionary format instead.
2026-09-21 23:03:18,695 [INFO] [MainThread] [root/service.py:52]: AudioOutputService starting...
2026-09-21 23:03:19,517 [INFO] [MainThread] [root/bar_manager.py:103]: Starting SystemEventListener...
2026-09-21 23:03:19,517 [INFO] [MainThread] [root/bar_manager.py:103]: Starting KomorebiEventListener...
2026-09-21 23:03:19,518 [ERROR] [MainThread] [root/widget_builder.py:100]: Failed to add undefined widget(s)  - The widget "cava_media" is undefined.
2026-09-21 23:03:19,558 [INFO] [Dummy-4] [root/event_listener.py:54]: Created named pipe yasb-894122e4-b5e2-11f1-9347-b4b5b698724c
2026-09-21 23:03:19,609 [INFO] [MainThread] [root/watcher.py:65]: Watching directory: c:\users\daeyu\.config\yasb
2026-09-21 23:03:19,609 [INFO] [MainThread] [root/watcher.py:104]: Created file watcher
2026-09-21 23:03:19,660 [INFO] [MainThread] [root/update_service.py:434]: Background update checker started
2026-09-21 23:03:19,709 [INFO] [Dummy-4] [root/event_listener.py:147]: Komorebi connected to named pipe: yasb-894122e4-b5e2-11f1-9347-b4b5b698724c
2026-09-21 23:03:38,871 [WARNING] [MainThread] [deprecation/deprecation.py:161]: [DEPRECATED] BarAlignment: 'center' - Use 'align' instead.
2026-09-21 23:03:38,871 [WARNING] [MainThread] [deprecation/deprecation.py:161]: [DEPRECATED] BarBlurEffect: 'acrylic' - No longer supported and can be removed from the config.
2026-09-21 23:03:38,871 [INFO] [MainThread] [root/controller.py:21]: Reloading Application because of config change.
2026-09-21 23:03:38,980 [INFO] [MainThread] [cli_server/cli_server.py:114]: Log pipe server stopped
2026-09-21 23:03:38,987 [INFO] [MainThread] [root/bar_manager.py:93]: Successfully loaded updated config and re-initialised all bars.
2026-09-21 23:03:39,222 [INFO] [MainThread] [root/bar_manager.py:119]: Stopping SystemEventListener...
2026-09-21 23:03:39,228 [INFO] [MainThread] [root/bar_manager.py:119]: Stopping KomorebiEventListener...
2026-09-21 23:03:39,994 [INFO] [MainThread] [root/log.py:103]: YASB v2.0.7
2026-09-21 23:03:39,995 [INFO] [CLIPipeServer] [cli_server/cli_server.py:216]: CLI server started v1.1.7
2026-09-21 23:03:39,996 [INFO] [MainThread] [cli_server/cli_server.py:106]: Log pipe server started
2026-09-21 23:03:40,059 [WARNING] [MainThread] [deprecation/deprecation.py:161]: [DEPRECATED] BarAlignment: 'center' - Use 'align' instead.
2026-09-21 23:03:40,059 [WARNING] [MainThread] [deprecation/deprecation.py:161]: [DEPRECATED] BarBlurEffect: 'acrylic' - No longer supported and can be removed from the config.
2026-09-21 23:03:40,161 [WARNING] [MainThread] [deprecation/deprecation.py:161]: [DEPRECATED] KomorebiWorkspacesConfig: 'animation' - Use CSS animations instead.
2026-09-21 23:03:40,506 [WARNING] [MainThread] [deprecation/deprecation.py:165]: [DEPRECATED] VolumeConfig: 'volume_icons' renamed to 'icons' - Use 'icons' with the dictionary format instead.
2026-09-21 23:03:40,536 [INFO] [MainThread] [root/service.py:52]: AudioOutputService starting...
2026-09-21 23:03:41,473 [INFO] [MainThread] [root/bar_manager.py:103]: Starting KomorebiEventListener...
2026-09-21 23:03:41,474 [INFO] [MainThread] [root/bar_manager.py:103]: Starting SystemEventListener...
2026-09-21 23:03:41,475 [INFO] [Dummy-6] [root/event_listener.py:54]: Created named pipe yasb-9657560f-b5e2-11f1-8370-b4b5b698724c
2026-09-21 23:03:41,476 [INFO] [MainThread] [root/watcher.py:65]: Watching directory: c:\users\daeyu\.config\yasb
2026-09-21 23:03:41,477 [INFO] [MainThread] [root/watcher.py:104]: Created file watcher
2026-09-21 23:03:41,527 [INFO] [MainThread] [root/update_service.py:434]: Background update checker started
2026-09-21 23:03:41,642 [INFO] [Dummy-6] [root/event_listener.py:147]: Komorebi connected to named pipe: yasb-9657560f-b5e2-11f1-8370-b4b5b698724c
2026-09-21 23:03:45,788 [WARNING] [MainThread] [deprecation/deprecation.py:161]: [DEPRECATED] BarAlignment: 'center' - Use 'align' instead.
2026-09-21 23:03:45,788 [WARNING] [MainThread] [deprecation/deprecation.py:161]: [DEPRECATED] BarBlurEffect: 'acrylic' - No longer supported and can be removed from the config.
2026-09-21 23:03:45,789 [INFO] [MainThread] [root/controller.py:21]: Reloading Application because of config change.
2026-09-21 23:03:45,893 [INFO] [MainThread] [cli_server/cli_server.py:114]: Log pipe server stopped
2026-09-21 23:03:45,900 [INFO] [MainThread] [root/bar_manager.py:93]: Successfully loaded updated config and re-initialised all bars.
2026-09-21 23:03:46,216 [INFO] [MainThread] [root/bar_manager.py:119]: Stopping KomorebiEventListener...
2026-09-21 23:03:46,219 [INFO] [MainThread] [root/bar_manager.py:119]: Stopping SystemEventListener...
2026-09-21 23:03:46,941 [INFO] [MainThread] [root/log.py:103]: YASB v2.0.7
2026-09-21 23:03:46,942 [INFO] [CLIPipeServer] [cli_server/cli_server.py:216]: CLI server started v1.1.7
2026-09-21 23:03:46,943 [INFO] [MainThread] [cli_server/cli_server.py:106]: Log pipe server started
2026-09-21 23:03:47,002 [WARNING] [MainThread] [deprecation/deprecation.py:161]: [DEPRECATED] BarAlignment: 'center' - Use 'align' instead.
2026-09-21 23:03:47,003 [WARNING] [MainThread] [deprecation/deprecation.py:161]: [DEPRECATED] BarBlurEffect: 'acrylic' - No longer supported and can be removed from the config.
2026-09-21 23:03:47,104 [WARNING] [MainThread] [deprecation/deprecation.py:161]: [DEPRECATED] KomorebiWorkspacesConfig: 'animation' - Use CSS animations instead.
2026-09-21 23:03:47,364 [WARNING] [MainThread] [deprecation/deprecation.py:165]: [DEPRECATED] VolumeConfig: 'volume_icons' renamed to 'icons' - Use 'icons' with the dictionary format instead.
2026-09-21 23:03:47,395 [INFO] [MainThread] [root/service.py:52]: AudioOutputService starting...
2026-09-21 23:03:48,359 [INFO] [MainThread] [root/bar_manager.py:103]: Starting SystemEventListener...
2026-09-21 23:03:48,360 [INFO] [MainThread] [root/bar_manager.py:103]: Starting KomorebiEventListener...
2026-09-21 23:03:48,362 [INFO] [MainThread] [root/watcher.py:65]: Watching directory: c:\users\daeyu\.config\yasb
2026-09-21 23:03:48,362 [INFO] [MainThread] [root/watcher.py:104]: Created file watcher
2026-09-21 23:03:48,362 [INFO] [Dummy-7] [root/event_listener.py:54]: Created named pipe yasb-9a7222fc-b5e2-11f1-9d56-b4b5b698724c
2026-09-21 23:03:48,487 [INFO] [MainThread] [root/update_service.py:434]: Background update checker started
2026-09-21 23:03:48,524 [INFO] [Dummy-7] [root/event_listener.py:147]: Komorebi connected to named pipe: yasb-9a7222fc-b5e2-11f1-9d56-b4b5b698724c
2026-09-21 23:05:15,125 [WARNING] [MainThread] [deprecation/deprecation.py:161]: [DEPRECATED] BarAlignment: 'center' - Use 'align' instead.
2026-09-21 23:05:15,125 [WARNING] [MainThread] [deprecation/deprecation.py:161]: [DEPRECATED] BarBlurEffect: 'acrylic' - No longer supported and can be removed from the config.
2026-09-21 23:05:15,125 [INFO] [MainThread] [root/controller.py:21]: Reloading Application because of config change.
2026-09-21 23:05:15,238 [INFO] [MainThread] [cli_server/cli_server.py:114]: Log pipe server stopped
2026-09-21 23:05:15,245 [INFO] [MainThread] [root/bar_manager.py:93]: Successfully loaded updated config and re-initialised all bars.
2026-09-21 23:05:15,481 [INFO] [MainThread] [root/bar_manager.py:119]: Stopping SystemEventListener...
2026-09-21 23:05:15,493 [INFO] [MainThread] [root/bar_manager.py:119]: Stopping KomorebiEventListener...
2026-09-21 23:05:16,106 [INFO] [MainThread] [root/log.py:103]: YASB v2.0.7
2026-09-21 23:05:16,107 [INFO] [CLIPipeServer] [cli_server/cli_server.py:216]: CLI server started v1.1.7
2026-09-21 23:05:16,107 [INFO] [MainThread] [cli_server/cli_server.py:106]: Log pipe server started
2026-09-21 23:05:16,191 [WARNING] [MainThread] [deprecation/deprecation.py:161]: [DEPRECATED] BarAlignment: 'center' - Use 'align' instead.
2026-09-21 23:05:16,192 [WARNING] [MainThread] [deprecation/deprecation.py:161]: [DEPRECATED] BarBlurEffect: 'acrylic' - No longer supported and can be removed from the config.
2026-09-21 23:05:16,285 [WARNING] [MainThread] [deprecation/deprecation.py:161]: [DEPRECATED] KomorebiWorkspacesConfig: 'animation' - Use CSS animations instead.
2026-09-21 23:05:16,551 [WARNING] [MainThread] [deprecation/deprecation.py:165]: [DEPRECATED] VolumeConfig: 'volume_icons' renamed to 'icons' - Use 'icons' with the dictionary format instead.
2026-09-21 23:05:16,578 [INFO] [MainThread] [root/service.py:52]: AudioOutputService starting...
2026-09-21 23:05:17,534 [INFO] [MainThread] [root/bar_manager.py:103]: Starting KomorebiEventListener...
2026-09-21 23:05:17,535 [INFO] [MainThread] [root/bar_manager.py:103]: Starting SystemEventListener...
2026-09-21 23:05:17,536 [INFO] [MainThread] [root/watcher.py:65]: Watching directory: c:\users\daeyu\.config\yasb
2026-09-21 23:05:17,537 [INFO] [MainThread] [root/watcher.py:104]: Created file watcher
2026-09-21 23:05:17,536 [INFO] [Dummy-7] [root/event_listener.py:54]: Created named pipe yasb-cf99183a-b5e2-11f1-8994-b4b5b698724c
2026-09-21 23:05:17,578 [INFO] [MainThread] [root/update_service.py:434]: Background update checker started
2026-09-21 23:05:17,733 [INFO] [Dummy-7] [root/event_listener.py:147]: Komorebi connected to named pipe: yasb-cf99183a-b5e2-11f1-8994-b4b5b698724c
2026-09-21 23:05:58,046 [WARNING] [MainThread] [deprecation/deprecation.py:161]: [DEPRECATED] BarAlignment: 'center' - Use 'align' instead.
2026-09-21 23:05:58,046 [WARNING] [MainThread] [deprecation/deprecation.py:161]: [DEPRECATED] BarBlurEffect: 'acrylic' - No longer supported and can be removed from the config.
2026-09-21 23:05:58,046 [INFO] [MainThread] [root/controller.py:21]: Reloading Application because of config change.
2026-09-21 23:05:58,149 [INFO] [MainThread] [cli_server/cli_server.py:114]: Log pipe server stopped
2026-09-21 23:05:58,156 [INFO] [MainThread] [root/bar_manager.py:93]: Successfully loaded updated config and re-initialised all bars.
2026-09-21 23:05:58,496 [INFO] [MainThread] [root/bar_manager.py:119]: Stopping KomorebiEventListener...
2026-09-21 23:05:58,500 [INFO] [MainThread] [root/bar_manager.py:119]: Stopping SystemEventListener...
2026-09-21 23:05:59,195 [INFO] [MainThread] [root/log.py:103]: YASB v2.0.7
2026-09-21 23:05:59,196 [INFO] [CLIPipeServer] [cli_server/cli_server.py:216]: CLI server started v1.1.7
2026-09-21 23:05:59,197 [INFO] [MainThread] [cli_server/cli_server.py:106]: Log pipe server started
2026-09-21 23:05:59,250 [WARNING] [MainThread] [deprecation/deprecation.py:161]: [DEPRECATED] BarAlignment: 'center' - Use 'align' instead.
2026-09-21 23:05:59,250 [WARNING] [MainThread] [deprecation/deprecation.py:161]: [DEPRECATED] BarBlurEffect: 'acrylic' - No longer supported and can be removed from the config.
2026-09-21 23:05:59,355 [WARNING] [MainThread] [deprecation/deprecation.py:161]: [DEPRECATED] KomorebiWorkspacesConfig: 'animation' - Use CSS animations instead.
2026-09-21 23:05:59,659 [WARNING] [MainThread] [deprecation/deprecation.py:165]: [DEPRECATED] VolumeConfig: 'volume_icons' renamed to 'icons' - Use 'icons' with the dictionary format instead.
2026-09-21 23:05:59,692 [INFO] [MainThread] [root/service.py:52]: AudioOutputService starting...
2026-09-21 23:06:00,636 [INFO] [MainThread] [root/bar_manager.py:103]: Starting SystemEventListener...
2026-09-21 23:06:00,636 [INFO] [MainThread] [root/bar_manager.py:103]: Starting KomorebiEventListener...
2026-09-21 23:06:00,638 [INFO] [Dummy-6] [root/event_listener.py:54]: Created named pipe yasb-e949f54b-b5e2-11f1-9a69-b4b5b698724c
2026-09-21 23:06:00,638 [INFO] [MainThread] [root/watcher.py:65]: Watching directory: c:\users\daeyu\.config\yasb
2026-09-21 23:06:00,639 [INFO] [MainThread] [root/watcher.py:104]: Created file watcher
2026-09-21 23:06:00,676 [INFO] [MainThread] [root/update_service.py:434]: Background update checker started
2026-09-21 23:06:00,843 [INFO] [Dummy-6] [root/event_listener.py:147]: Komorebi connected to named pipe: yasb-e949f54b-b5e2-11f1-9a69-b4b5b698724c
2026-09-21 23:06:24,091 [INFO] [MainThread] [root/controller.py:21]: Reloading Bar from context menu...
2026-09-21 23:06:24,206 [INFO] [MainThread] [cli_server/cli_server.py:114]: Log pipe server stopped
2026-09-21 23:06:24,508 [INFO] [MainThread] [root/bar_manager.py:119]: Stopping SystemEventListener...
2026-09-21 23:06:24,520 [INFO] [MainThread] [root/bar_manager.py:119]: Stopping KomorebiEventListener...
2026-09-21 23:06:25,161 [INFO] [MainThread] [root/log.py:103]: YASB v2.0.7
2026-09-21 23:06:25,162 [INFO] [CLIPipeServer] [cli_server/cli_server.py:216]: CLI server started v1.1.7
2026-09-21 23:06:25,163 [INFO] [MainThread] [cli_server/cli_server.py:106]: Log pipe server started
2026-09-21 23:06:25,233 [WARNING] [MainThread] [deprecation/deprecation.py:161]: [DEPRECATED] BarAlignment: 'center' - Use 'align' instead.
2026-09-21 23:06:25,233 [WARNING] [MainThread] [deprecation/deprecation.py:161]: [DEPRECATED] BarBlurEffect: 'acrylic' - No longer supported and can be removed from the config.
2026-09-21 23:06:25,318 [WARNING] [MainThread] [deprecation/deprecation.py:161]: [DEPRECATED] KomorebiWorkspacesConfig: 'animation' - Use CSS animations instead.
2026-09-21 23:06:25,579 [WARNING] [MainThread] [deprecation/deprecation.py:165]: [DEPRECATED] VolumeConfig: 'volume_icons' renamed to 'icons' - Use 'icons' with the dictionary format instead.
2026-09-21 23:06:25,608 [INFO] [MainThread] [root/service.py:52]: AudioOutputService starting...
2026-09-21 23:06:26,420 [INFO] [MainThread] [root/bar_manager.py:103]: Starting SystemEventListener...
2026-09-21 23:06:26,421 [INFO] [MainThread] [root/bar_manager.py:103]: Starting KomorebiEventListener...
2026-09-21 23:06:26,423 [INFO] [MainThread] [root/watcher.py:65]: Watching directory: c:\users\daeyu\.config\yasb
2026-09-21 23:06:26,423 [INFO] [MainThread] [root/watcher.py:104]: Created file watcher
2026-09-21 23:06:26,423 [INFO] [Dummy-7] [root/event_listener.py:54]: Created named pipe yasb-f8a85921-b5e2-11f1-bd12-b4b5b698724c
2026-09-21 23:06:26,467 [INFO] [MainThread] [root/update_service.py:434]: Background update checker started
2026-09-21 23:06:26,571 [INFO] [Dummy-7] [root/event_listener.py:147]: Komorebi connected to named pipe: yasb-f8a85921-b5e2-11f1-bd12-b4b5b698724c
2026-09-21 23:07:19,021 [WARNING] [MainThread] [deprecation/deprecation.py:161]: [DEPRECATED] BarAlignment: 'center' - Use 'align' instead.
2026-09-21 23:07:19,021 [WARNING] [MainThread] [deprecation/deprecation.py:161]: [DEPRECATED] BarBlurEffect: 'acrylic' - No longer supported and can be removed from the config.
2026-09-21 23:07:19,022 [INFO] [MainThread] [root/controller.py:21]: Reloading Application because of config change.
2026-09-21 23:07:19,135 [INFO] [MainThread] [cli_server/cli_server.py:114]: Log pipe server stopped
2026-09-21 23:07:19,182 [INFO] [MainThread] [root/bar_manager.py:93]: Successfully loaded updated config and re-initialised all bars.
2026-09-21 23:07:19,461 [INFO] [MainThread] [root/bar_manager.py:119]: Stopping SystemEventListener...
2026-09-21 23:07:19,471 [INFO] [MainThread] [root/bar_manager.py:119]: Stopping KomorebiEventListener...
2026-09-21 23:07:20,094 [INFO] [MainThread] [root/log.py:103]: YASB v2.0.7
2026-09-21 23:07:20,095 [INFO] [CLIPipeServer] [cli_server/cli_server.py:216]: CLI server started v1.1.7
2026-09-21 23:07:20,096 [INFO] [MainThread] [cli_server/cli_server.py:106]: Log pipe server started
2026-09-21 23:07:20,149 [WARNING] [MainThread] [deprecation/deprecation.py:161]: [DEPRECATED] BarAlignment: 'center' - Use 'align' instead.
2026-09-21 23:07:20,150 [WARNING] [MainThread] [deprecation/deprecation.py:161]: [DEPRECATED] BarBlurEffect: 'acrylic' - No longer supported and can be removed from the config.
2026-09-21 23:07:20,247 [WARNING] [MainThread] [deprecation/deprecation.py:161]: [DEPRECATED] KomorebiWorkspacesConfig: 'animation' - Use CSS animations instead.
2026-09-21 23:07:20,517 [WARNING] [MainThread] [deprecation/deprecation.py:165]: [DEPRECATED] VolumeConfig: 'volume_icons' renamed to 'icons' - Use 'icons' with the dictionary format instead.
2026-09-21 23:07:20,552 [INFO] [MainThread] [root/service.py:52]: AudioOutputService starting...
2026-09-21 23:07:21,422 [INFO] [MainThread] [root/bar_manager.py:103]: Starting SystemEventListener...
2026-09-21 23:07:21,422 [INFO] [MainThread] [root/bar_manager.py:103]: Starting KomorebiEventListener...
2026-09-21 23:07:21,424 [INFO] [Dummy-6] [root/event_listener.py:54]: Created named pipe yasb-1970ebbd-b5e3-11f1-8a83-b4b5b698724c
2026-09-21 23:07:21,424 [INFO] [MainThread] [root/watcher.py:65]: Watching directory: c:\users\daeyu\.config\yasb
2026-09-21 23:07:21,425 [INFO] [MainThread] [root/watcher.py:104]: Created file watcher
2026-09-21 23:07:21,502 [INFO] [MainThread] [root/update_service.py:434]: Background update checker started
2026-09-21 23:07:21,640 [INFO] [Dummy-6] [root/event_listener.py:147]: Komorebi connected to named pipe: yasb-1970ebbd-b5e3-11f1-8a83-b4b5b698724c
2026-09-21 23:07:53,835 [INFO] [MainThread] [root/controller.py:21]: Reloading Bar from context menu...
2026-09-21 23:07:53,949 [INFO] [MainThread] [cli_server/cli_server.py:114]: Log pipe server stopped
2026-09-21 23:07:54,267 [INFO] [MainThread] [root/bar_manager.py:119]: Stopping SystemEventListener...
2026-09-21 23:07:54,287 [INFO] [MainThread] [root/bar_manager.py:119]: Stopping KomorebiEventListener...
2026-09-21 23:07:54,864 [INFO] [MainThread] [root/log.py:103]: YASB v2.0.7
2026-09-21 23:07:54,865 [INFO] [CLIPipeServer] [cli_server/cli_server.py:216]: CLI server started v1.1.7
2026-09-21 23:07:54,865 [INFO] [MainThread] [cli_server/cli_server.py:106]: Log pipe server started
2026-09-21 23:07:54,917 [WARNING] [MainThread] [deprecation/deprecation.py:161]: [DEPRECATED] BarAlignment: 'center' - Use 'align' instead.
2026-09-21 23:07:54,917 [WARNING] [MainThread] [deprecation/deprecation.py:161]: [DEPRECATED] BarBlurEffect: 'acrylic' - No longer supported and can be removed from the config.
2026-09-21 23:07:55,001 [WARNING] [MainThread] [deprecation/deprecation.py:161]: [DEPRECATED] KomorebiWorkspacesConfig: 'animation' - Use CSS animations instead.
2026-09-21 23:07:55,252 [WARNING] [MainThread] [deprecation/deprecation.py:165]: [DEPRECATED] VolumeConfig: 'volume_icons' renamed to 'icons' - Use 'icons' with the dictionary format instead.
2026-09-21 23:07:55,280 [INFO] [MainThread] [root/service.py:52]: AudioOutputService starting...
2026-09-21 23:07:56,151 [INFO] [MainThread] [root/bar_manager.py:103]: Starting SystemEventListener...
2026-09-21 23:07:56,151 [INFO] [MainThread] [root/bar_manager.py:103]: Starting KomorebiEventListener...
2026-09-21 23:07:56,153 [INFO] [Dummy-6] [root/event_listener.py:54]: Created named pipe yasb-2e241d4b-b5e3-11f1-811d-b4b5b698724c
2026-09-21 23:07:56,153 [INFO] [MainThread] [root/watcher.py:65]: Watching directory: c:\users\daeyu\.config\yasb
2026-09-21 23:07:56,153 [INFO] [MainThread] [root/watcher.py:104]: Created file watcher
2026-09-21 23:07:56,192 [INFO] [MainThread] [root/update_service.py:434]: Background update checker started
2026-09-21 23:07:56,342 [INFO] [Dummy-6] [root/event_listener.py:147]: Komorebi connected to named pipe: yasb-2e241d4b-b5e3-11f1-811d-b4b5b698724c
2026-09-21 23:08:42,046 [INFO] [MainThread] [root/controller.py:21]: Reloading Bar from context menu...
2026-09-21 23:08:42,151 [INFO] [MainThread] [cli_server/cli_server.py:114]: Log pipe server stopped
2026-09-21 23:08:42,538 [INFO] [MainThread] [root/bar_manager.py:119]: Stopping SystemEventListener...
2026-09-21 23:08:42,555 [INFO] [MainThread] [root/bar_manager.py:119]: Stopping KomorebiEventListener...
2026-09-21 23:08:43,056 [INFO] [MainThread] [root/log.py:103]: YASB v2.0.7
2026-09-21 23:08:43,057 [INFO] [CLIPipeServer] [cli_server/cli_server.py:216]: CLI server started v1.1.7
2026-09-21 23:08:43,057 [INFO] [MainThread] [cli_server/cli_server.py:106]: Log pipe server started
2026-09-21 23:08:43,107 [WARNING] [MainThread] [deprecation/deprecation.py:161]: [DEPRECATED] BarAlignment: 'center' - Use 'align' instead.
2026-09-21 23:08:43,107 [WARNING] [MainThread] [deprecation/deprecation.py:161]: [DEPRECATED] BarBlurEffect: 'acrylic' - No longer supported and can be removed from the config.
2026-09-21 23:08:43,192 [WARNING] [MainThread] [deprecation/deprecation.py:161]: [DEPRECATED] KomorebiWorkspacesConfig: 'animation' - Use CSS animations instead.
2026-09-21 23:08:43,478 [WARNING] [MainThread] [deprecation/deprecation.py:165]: [DEPRECATED] VolumeConfig: 'volume_icons' renamed to 'icons' - Use 'icons' with the dictionary format instead.
2026-09-21 23:08:43,515 [INFO] [MainThread] [root/service.py:52]: AudioOutputService starting...
2026-09-21 23:08:44,332 [INFO] [MainThread] [root/bar_manager.py:103]: Starting KomorebiEventListener...
2026-09-21 23:08:44,333 [INFO] [MainThread] [root/bar_manager.py:103]: Starting SystemEventListener...
2026-09-21 23:08:44,334 [INFO] [Dummy-6] [root/event_listener.py:54]: Created named pipe yasb-4adbf683-b5e3-11f1-a22f-b4b5b698724c
2026-09-21 23:08:44,334 [INFO] [MainThread] [root/watcher.py:65]: Watching directory: c:\users\daeyu\.config\yasb
2026-09-21 23:08:44,335 [INFO] [MainThread] [root/watcher.py:104]: Created file watcher
2026-09-21 23:08:44,368 [INFO] [MainThread] [root/update_service.py:434]: Background update checker started
2026-09-21 23:08:44,476 [INFO] [Dummy-6] [root/event_listener.py:147]: Komorebi connected to named pipe: yasb-4adbf683-b5e3-11f1-a22f-b4b5b698724c
2026-09-21 23:09:25,559 [WARNING] [MainThread] [deprecation/deprecation.py:161]: [DEPRECATED] BarAlignment: 'center' - Use 'align' instead.
2026-09-21 23:09:25,559 [WARNING] [MainThread] [deprecation/deprecation.py:161]: [DEPRECATED] BarBlurEffect: 'acrylic' - No longer supported and can be removed from the config.
2026-09-21 23:09:25,560 [INFO] [MainThread] [root/controller.py:21]: Reloading Application because of config change.
2026-09-21 23:09:25,665 [INFO] [MainThread] [cli_server/cli_server.py:114]: Log pipe server stopped
2026-09-21 23:09:25,711 [INFO] [MainThread] [root/bar_manager.py:93]: Successfully loaded updated config and re-initialised all bars.
2026-09-21 23:09:26,059 [INFO] [MainThread] [root/bar_manager.py:119]: Stopping KomorebiEventListener...
2026-09-21 23:09:26,062 [INFO] [MainThread] [root/bar_manager.py:119]: Stopping SystemEventListener...
2026-09-21 23:09:26,759 [INFO] [MainThread] [root/log.py:103]: YASB v2.0.7
2026-09-21 23:09:26,760 [INFO] [CLIPipeServer] [cli_server/cli_server.py:216]: CLI server started v1.1.7
2026-09-21 23:09:26,760 [INFO] [MainThread] [cli_server/cli_server.py:106]: Log pipe server started
2026-09-21 23:09:26,812 [WARNING] [MainThread] [deprecation/deprecation.py:161]: [DEPRECATED] BarAlignment: 'center' - Use 'align' instead.
2026-09-21 23:09:26,812 [WARNING] [MainThread] [deprecation/deprecation.py:161]: [DEPRECATED] BarBlurEffect: 'acrylic' - No longer supported and can be removed from the config.
2026-09-21 23:09:26,894 [WARNING] [MainThread] [deprecation/deprecation.py:161]: [DEPRECATED] KomorebiWorkspacesConfig: 'animation' - Use CSS animations instead.
2026-09-21 23:09:27,153 [WARNING] [MainThread] [deprecation/deprecation.py:165]: [DEPRECATED] VolumeConfig: 'volume_icons' renamed to 'icons' - Use 'icons' with the dictionary format instead.
2026-09-21 23:09:27,181 [INFO] [MainThread] [root/service.py:52]: AudioOutputService starting...
2026-09-21 23:09:28,202 [INFO] [MainThread] [root/bar_manager.py:103]: Starting KomorebiEventListener...
2026-09-21 23:09:28,203 [INFO] [MainThread] [root/bar_manager.py:103]: Starting SystemEventListener...
2026-09-21 23:09:28,205 [INFO] [Dummy-6] [root/event_listener.py:54]: Created named pipe yasb-65020d9b-b5e3-11f1-83cc-b4b5b698724c
2026-09-21 23:09:28,205 [INFO] [MainThread] [root/watcher.py:65]: Watching directory: c:\users\daeyu\.config\yasb
2026-09-21 23:09:28,205 [INFO] [MainThread] [root/watcher.py:104]: Created file watcher
2026-09-21 23:09:28,253 [INFO] [MainThread] [root/update_service.py:434]: Background update checker started
2026-09-21 23:09:28,424 [INFO] [Dummy-6] [root/event_listener.py:147]: Komorebi connected to named pipe: yasb-65020d9b-b5e3-11f1-83cc-b4b5b698724c
2026-09-21 23:09:56,701 [INFO] [MainThread] [root/controller.py:21]: Reloading Bar from context menu...
2026-09-21 23:09:56,809 [INFO] [MainThread] [cli_server/cli_server.py:114]: Log pipe server stopped
2026-09-21 23:09:57,094 [INFO] [MainThread] [root/bar_manager.py:119]: Stopping KomorebiEventListener...
2026-09-21 23:09:57,098 [INFO] [MainThread] [root/bar_manager.py:119]: Stopping SystemEventListener...
2026-09-21 23:09:57,703 [INFO] [MainThread] [root/log.py:103]: YASB v2.0.7
2026-09-21 23:09:57,704 [INFO] [CLIPipeServer] [cli_server/cli_server.py:216]: CLI server started v1.1.7
2026-09-21 23:09:57,705 [INFO] [MainThread] [cli_server/cli_server.py:106]: Log pipe server started
2026-09-21 23:09:57,754 [WARNING] [MainThread] [deprecation/deprecation.py:161]: [DEPRECATED] BarAlignment: 'center' - Use 'align' instead.
2026-09-21 23:09:57,755 [WARNING] [MainThread] [deprecation/deprecation.py:161]: [DEPRECATED] BarBlurEffect: 'acrylic' - No longer supported and can be removed from the config.
2026-09-21 23:09:57,838 [WARNING] [MainThread] [deprecation/deprecation.py:161]: [DEPRECATED] KomorebiWorkspacesConfig: 'animation' - Use CSS animations instead.
2026-09-21 23:09:58,091 [WARNING] [MainThread] [deprecation/deprecation.py:165]: [DEPRECATED] VolumeConfig: 'volume_icons' renamed to 'icons' - Use 'icons' with the dictionary format instead.
2026-09-21 23:09:58,118 [INFO] [MainThread] [root/service.py:52]: AudioOutputService starting...
2026-09-21 23:09:58,956 [INFO] [MainThread] [root/bar_manager.py:103]: Starting KomorebiEventListener...
2026-09-21 23:09:58,957 [INFO] [MainThread] [root/bar_manager.py:103]: Starting SystemEventListener...
2026-09-21 23:09:58,958 [INFO] [Dummy-6] [root/event_listener.py:54]: Created named pipe yasb-7756ad94-b5e3-11f1-bb85-b4b5b698724c
2026-09-21 23:09:58,958 [INFO] [MainThread] [root/watcher.py:65]: Watching directory: c:\users\daeyu\.config\yasb
2026-09-21 23:09:58,959 [INFO] [MainThread] [root/watcher.py:104]: Created file watcher
2026-09-21 23:09:58,994 [INFO] [MainThread] [root/update_service.py:434]: Background update checker started
2026-09-21 23:09:59,115 [INFO] [Dummy-6] [root/event_listener.py:147]: Komorebi connected to named pipe: yasb-7756ad94-b5e3-11f1-bb85-b4b5b698724c
2026-09-21 23:10:04,943 [INFO] [MainThread] [root/controller.py:43]: Exiting Application from tray...
2026-09-21 23:10:05,051 [INFO] [MainThread] [cli_server/cli_server.py:114]: Log pipe server stopped
2026-09-21 23:10:05,249 [INFO] [MainThread] [root/bar_manager.py:119]: Stopping KomorebiEventListener...
2026-09-21 23:10:05,254 [INFO] [MainThread] [root/bar_manager.py:119]: Stopping SystemEventListener...
2026-09-21 23:10:11,060 [INFO] [MainThread] [root/log.py:103]: YASB v2.0.7
2026-09-21 23:10:11,060 [INFO] [CLIPipeServer] [cli_server/cli_server.py:216]: CLI server started v1.1.7
2026-09-21 23:10:11,061 [INFO] [MainThread] [cli_server/cli_server.py:106]: Log pipe server started
2026-09-21 23:10:11,126 [WARNING] [MainThread] [deprecation/deprecation.py:161]: [DEPRECATED] BarAlignment: 'center' - Use 'align' instead.
2026-09-21 23:10:11,126 [WARNING] [MainThread] [deprecation/deprecation.py:161]: [DEPRECATED] BarBlurEffect: 'acrylic' - No longer supported and can be removed from the config.
2026-09-21 23:10:11,222 [WARNING] [MainThread] [deprecation/deprecation.py:161]: [DEPRECATED] KomorebiWorkspacesConfig: 'animation' - Use CSS animations instead.
2026-09-21 23:10:11,513 [WARNING] [MainThread] [deprecation/deprecation.py:165]: [DEPRECATED] VolumeConfig: 'volume_icons' renamed to 'icons' - Use 'icons' with the dictionary format instead.
2026-09-21 23:10:11,550 [INFO] [MainThread] [root/service.py:52]: AudioOutputService starting...
2026-09-21 23:10:12,358 [INFO] [MainThread] [root/bar_manager.py:103]: Starting SystemEventListener...
2026-09-21 23:10:12,359 [INFO] [MainThread] [root/bar_manager.py:103]: Starting KomorebiEventListener...
2026-09-21 23:10:12,360 [INFO] [MainThread] [root/watcher.py:65]: Watching directory: c:\users\daeyu\.config\yasb
2026-09-21 23:10:12,361 [INFO] [MainThread] [root/watcher.py:104]: Created file watcher
2026-09-21 23:10:12,361 [INFO] [Dummy-7] [root/event_listener.py:54]: Created named pipe yasb-7f53c098-b5e3-11f1-987c-b4b5b698724c
2026-09-21 23:10:12,395 [INFO] [MainThread] [root/update_service.py:434]: Background update checker started
2026-09-21 23:10:12,516 [INFO] [Dummy-7] [root/event_listener.py:147]: Komorebi connected to named pipe: yasb-7f53c098-b5e3-11f1-987c-b4b5b698724c
2026-09-21 23:11:11,522 [WARNING] [MainThread] [deprecation/deprecation.py:161]: [DEPRECATED] BarAlignment: 'center' - Use 'align' instead.
2026-09-21 23:11:11,522 [WARNING] [MainThread] [deprecation/deprecation.py:161]: [DEPRECATED] BarBlurEffect: 'acrylic' - No longer supported and can be removed from the config.
2026-09-21 23:11:11,523 [INFO] [MainThread] [root/controller.py:21]: Reloading Application because of config change.
2026-09-21 23:11:11,623 [INFO] [MainThread] [cli_server/cli_server.py:114]: Log pipe server stopped
2026-09-21 23:11:11,630 [INFO] [MainThread] [root/bar_manager.py:93]: Successfully loaded updated config and re-initialised all bars.
2026-09-21 23:11:11,875 [INFO] [MainThread] [root/bar_manager.py:119]: Stopping SystemEventListener...
2026-09-21 23:11:11,882 [INFO] [MainThread] [root/bar_manager.py:119]: Stopping KomorebiEventListener...
2026-09-21 23:11:12,495 [INFO] [MainThread] [root/log.py:103]: YASB v2.0.7
2026-09-21 23:11:12,495 [INFO] [CLIPipeServer] [cli_server/cli_server.py:216]: CLI server started v1.1.7
2026-09-21 23:11:12,496 [INFO] [MainThread] [cli_server/cli_server.py:106]: Log pipe server started
2026-09-21 23:11:12,544 [WARNING] [MainThread] [deprecation/deprecation.py:161]: [DEPRECATED] BarAlignment: 'center' - Use 'align' instead.
2026-09-21 23:11:12,544 [WARNING] [MainThread] [deprecation/deprecation.py:161]: [DEPRECATED] BarBlurEffect: 'acrylic' - No longer supported and can be removed from the config.
2026-09-21 23:11:12,637 [WARNING] [MainThread] [deprecation/deprecation.py:161]: [DEPRECATED] KomorebiWorkspacesConfig: 'animation' - Use CSS animations instead.
2026-09-21 23:11:12,883 [WARNING] [MainThread] [deprecation/deprecation.py:165]: [DEPRECATED] VolumeConfig: 'volume_icons' renamed to 'icons' - Use 'icons' with the dictionary format instead.
2026-09-21 23:11:12,910 [INFO] [MainThread] [root/service.py:52]: AudioOutputService starting...
2026-09-21 23:11:13,818 [INFO] [MainThread] [root/bar_manager.py:103]: Starting KomorebiEventListener...
2026-09-21 23:11:13,819 [INFO] [MainThread] [root/bar_manager.py:103]: Starting SystemEventListener...
2026-09-21 23:11:13,821 [INFO] [Dummy-6] [root/event_listener.py:54]: Created named pipe yasb-a3f5b575-b5e3-11f1-aadf-b4b5b698724c
2026-09-21 23:11:13,821 [INFO] [MainThread] [root/watcher.py:65]: Watching directory: c:\users\daeyu\.config\yasb
2026-09-21 23:11:13,822 [INFO] [MainThread] [root/watcher.py:104]: Created file watcher
2026-09-21 23:11:13,856 [INFO] [MainThread] [root/update_service.py:434]: Background update checker started
2026-09-21 23:11:14,005 [INFO] [Dummy-6] [root/event_listener.py:147]: Komorebi connected to named pipe: yasb-a3f5b575-b5e3-11f1-aadf-b4b5b698724c
2026-09-21 23:14:25,431 [INFO] [MainThread] [root/bar_manager.py:119]: Stopping KomorebiEventListener...
2026-09-21 23:14:25,438 [INFO] [MainThread] [root/bar_manager.py:119]: Stopping SystemEventListener...
2026-09-22 16:52:58,373 [INFO] [MainThread] [root/log.py:103]: YASB v2.0.7
2026-09-22 16:52:58,374 [INFO] [CLIPipeServer] [cli_server/cli_server.py:216]: CLI server started v1.1.7
2026-09-22 16:52:58,375 [INFO] [MainThread] [cli_server/cli_server.py:106]: Log pipe server started
2026-09-22 16:52:58,467 [WARNING] [MainThread] [deprecation/deprecation.py:161]: [DEPRECATED] BarAlignment: 'center' - Use 'align' instead.
2026-09-22 16:52:58,468 [WARNING] [MainThread] [deprecation/deprecation.py:161]: [DEPRECATED] BarBlurEffect: 'acrylic' - No longer supported and can be removed from the config.
2026-09-22 16:52:58,627 [WARNING] [MainThread] [deprecation/deprecation.py:161]: [DEPRECATED] KomorebiWorkspacesConfig: 'animation' - Use CSS animations instead.
2026-09-22 16:52:59,034 [WARNING] [MainThread] [deprecation/deprecation.py:165]: [DEPRECATED] VolumeConfig: 'volume_icons' renamed to 'icons' - Use 'icons' with the dictionary format instead.
2026-09-22 16:52:59,078 [INFO] [MainThread] [root/service.py:52]: AudioOutputService starting...
2026-09-22 16:53:00,169 [INFO] [MainThread] [root/bar_manager.py:103]: Starting SystemEventListener...
2026-09-22 16:53:00,170 [INFO] [MainThread] [root/bar_manager.py:103]: Starting KomorebiEventListener...
2026-09-22 16:53:00,171 [INFO] [Dummy-5] [root/event_listener.py:54]: Created named pipe yasb-f7e77a23-b677-11f1-8e43-b4b5b698724c
2026-09-22 16:53:00,204 [INFO] [MainThread] [root/watcher.py:65]: Watching directory: c:\users\daeyu\.config\yasb
2026-09-22 16:53:00,204 [INFO] [MainThread] [root/watcher.py:104]: Created file watcher
2026-09-22 16:53:00,280 [INFO] [MainThread] [root/update_service.py:434]: Background update checker started
2026-09-22 16:53:00,996 [WARNING] [Dummy-5] [root/event_listener.py:134]: Komorebi failed to subscribe named pipe. Komorebi is not running, please start Komorebi.
2026-09-22 16:53:06,114 [INFO] [Dummy-5] [root/event_listener.py:147]: Komorebi connected to named pipe: yasb-f7e77a23-b677-11f1-8e43-b4b5b698724c
2026-09-22 16:53:12,207 [ERROR] [MainThread] [root/home.py:70]: The system cannot find the file specified: 'C:\Program Files\PowerShell\7\pwsh.exe'
2026-09-22 16:53:19,449 [ERROR] [MainThread] [root/home.py:70]: The system cannot find the file specified: 'C:\Program Files\PowerShell\7\pwsh.exe'
2026-09-22 16:53:26,216 [ERROR] [MainThread] [root/home.py:70]: The system cannot find the file specified: 'C:\Program Files\PowerShell\7\pwsh.exe'
2026-09-22 16:58:10,315 [WARNING] [MainThread] [deprecation/deprecation.py:161]: [DEPRECATED] BarAlignment: 'center' - Use 'align' instead.
2026-09-22 16:58:10,315 [WARNING] [MainThread] [deprecation/deprecation.py:161]: [DEPRECATED] BarBlurEffect: 'acrylic' - No longer supported and can be removed from the config.
2026-09-22 16:58:10,354 [INFO] [MainThread] [root/controller.py:21]: Reloading Application because of config change.
2026-09-22 16:58:10,467 [INFO] [MainThread] [cli_server/cli_server.py:114]: Log pipe server stopped
2026-09-22 16:58:10,499 [INFO] [MainThread] [root/bar_manager.py:93]: Successfully loaded updated config and re-initialised all bars.
2026-09-22 16:58:10,663 [INFO] [MainThread] [root/bar_manager.py:119]: Stopping SystemEventListener...
2026-09-22 16:58:10,670 [INFO] [MainThread] [root/bar_manager.py:119]: Stopping KomorebiEventListener...
2026-09-22 16:58:11,998 [INFO] [MainThread] [root/log.py:103]: YASB v2.0.7
2026-09-22 16:58:11,998 [INFO] [CLIPipeServer] [cli_server/cli_server.py:216]: CLI server started v1.1.7
2026-09-22 16:58:11,999 [INFO] [MainThread] [cli_server/cli_server.py:106]: Log pipe server started
2026-09-22 16:58:12,035 [WARNING] [MainThread] [deprecation/deprecation.py:161]: [DEPRECATED] BarAlignment: 'center' - Use 'align' instead.
2026-09-22 16:58:12,036 [WARNING] [MainThread] [deprecation/deprecation.py:161]: [DEPRECATED] BarBlurEffect: 'acrylic' - No longer supported and can be removed from the config.
2026-09-22 16:58:12,212 [WARNING] [MainThread] [deprecation/deprecation.py:161]: [DEPRECATED] KomorebiWorkspacesConfig: 'animation' - Use CSS animations instead.
2026-09-22 16:58:12,626 [WARNING] [MainThread] [deprecation/deprecation.py:165]: [DEPRECATED] VolumeConfig: 'volume_icons' renamed to 'icons' - Use 'icons' with the dictionary format instead.
2026-09-22 16:58:12,647 [INFO] [MainThread] [root/service.py:52]: AudioOutputService starting...
2026-09-22 16:58:13,265 [INFO] [MainThread] [root/bar_manager.py:103]: Starting SystemEventListener...
2026-09-22 16:58:13,265 [INFO] [MainThread] [root/bar_manager.py:103]: Starting KomorebiEventListener...
2026-09-22 16:58:13,266 [INFO] [Dummy-6] [root/event_listener.py:54]: Created named pipe yasb-b2861068-b678-11f1-83aa-b4b5b698724c
2026-09-22 16:58:13,267 [INFO] [MainThread] [root/watcher.py:65]: Watching directory: c:\users\daeyu\.config\yasb
2026-09-22 16:58:13,267 [INFO] [MainThread] [root/watcher.py:104]: Created file watcher
2026-09-22 16:58:13,289 [INFO] [MainThread] [root/update_service.py:434]: Background update checker started
2026-09-22 16:58:13,372 [INFO] [Dummy-6] [root/event_listener.py:147]: Komorebi connected to named pipe: yasb-b2861068-b678-11f1-83aa-b4b5b698724c
2026-09-22 16:59:03,790 [INFO] [MainThread] [root/controller.py:21]: Reloading Bar from context menu...
2026-09-22 16:59:03,901 [INFO] [MainThread] [cli_server/cli_server.py:114]: Log pipe server stopped
2026-09-22 16:59:04,182 [INFO] [MainThread] [root/bar_manager.py:119]: Stopping SystemEventListener...
2026-09-22 16:59:04,193 [INFO] [MainThread] [root/bar_manager.py:119]: Stopping KomorebiEventListener...
2026-09-22 16:59:05,273 [INFO] [MainThread] [root/log.py:103]: YASB v2.0.7
2026-09-22 16:59:05,274 [INFO] [CLIPipeServer] [cli_server/cli_server.py:216]: CLI server started v1.1.7
2026-09-22 16:59:05,275 [INFO] [MainThread] [cli_server/cli_server.py:106]: Log pipe server started
2026-09-22 16:59:05,351 [WARNING] [MainThread] [deprecation/deprecation.py:161]: [DEPRECATED] BarAlignment: 'center' - Use 'align' instead.
2026-09-22 16:59:05,352 [WARNING] [MainThread] [deprecation/deprecation.py:161]: [DEPRECATED] BarBlurEffect: 'acrylic' - No longer supported and can be removed from the config.
2026-09-22 16:59:05,559 [WARNING] [MainThread] [deprecation/deprecation.py:161]: [DEPRECATED] KomorebiWorkspacesConfig: 'animation' - Use CSS animations instead.
2026-09-22 16:59:06,111 [WARNING] [MainThread] [deprecation/deprecation.py:165]: [DEPRECATED] VolumeConfig: 'volume_icons' renamed to 'icons' - Use 'icons' with the dictionary format instead.
2026-09-22 16:59:06,164 [INFO] [MainThread] [root/service.py:52]: AudioOutputService starting...
2026-09-22 16:59:07,880 [INFO] [MainThread] [root/bar_manager.py:103]: Starting KomorebiEventListener...
2026-09-22 16:59:07,881 [INFO] [MainThread] [root/bar_manager.py:103]: Starting SystemEventListener...
2026-09-22 16:59:07,886 [INFO] [Dummy-6] [root/event_listener.py:54]: Created named pipe yasb-d313b6e5-b678-11f1-b38d-b4b5b698724c
2026-09-22 16:59:07,887 [INFO] [MainThread] [root/watcher.py:65]: Watching directory: c:\users\daeyu\.config\yasb
2026-09-22 16:59:07,888 [INFO] [MainThread] [root/watcher.py:104]: Created file watcher
2026-09-22 16:59:08,060 [INFO] [MainThread] [root/update_service.py:434]: Background update checker started
2026-09-22 16:59:08,277 [INFO] [Dummy-6] [root/event_listener.py:147]: Komorebi connected to named pipe: yasb-d313b6e5-b678-11f1-b38d-b4b5b698724c
2026-09-22 17:01:18,933 [WARNING] [MainThread] [deprecation/deprecation.py:161]: [DEPRECATED] BarAlignment: 'center' - Use 'align' instead.
2026-09-22 17:01:18,934 [WARNING] [MainThread] [deprecation/deprecation.py:161]: [DEPRECATED] BarBlurEffect: 'acrylic' - No longer supported and can be removed from the config.
2026-09-22 17:01:18,936 [INFO] [MainThread] [root/controller.py:21]: Reloading Application because of config change.
2026-09-22 17:01:19,040 [INFO] [MainThread] [cli_server/cli_server.py:114]: Log pipe server stopped
2026-09-22 17:01:19,053 [INFO] [MainThread] [root/bar_manager.py:93]: Successfully loaded updated config and re-initialised all bars.
2026-09-22 17:01:19,479 [INFO] [MainThread] [root/bar_manager.py:119]: Stopping KomorebiEventListener...
2026-09-22 17:01:19,491 [INFO] [MainThread] [root/bar_manager.py:119]: Stopping SystemEventListener...
2026-09-22 17:01:20,762 [INFO] [MainThread] [root/log.py:103]: YASB v2.0.7
2026-09-22 17:01:20,764 [INFO] [CLIPipeServer] [cli_server/cli_server.py:216]: CLI server started v1.1.7
2026-09-22 17:01:20,764 [INFO] [MainThread] [cli_server/cli_server.py:106]: Log pipe server started
2026-09-22 17:01:20,889 [WARNING] [MainThread] [deprecation/deprecation.py:161]: [DEPRECATED] BarAlignment: 'center' - Use 'align' instead.
2026-09-22 17:01:20,889 [WARNING] [MainThread] [deprecation/deprecation.py:161]: [DEPRECATED] BarBlurEffect: 'acrylic' - No longer supported and can be removed from the config.
2026-09-22 17:01:21,097 [WARNING] [MainThread] [deprecation/deprecation.py:161]: [DEPRECATED] KomorebiWorkspacesConfig: 'animation' - Use CSS animations instead.
2026-09-22 17:01:22,030 [WARNING] [MainThread] [deprecation/deprecation.py:165]: [DEPRECATED] VolumeConfig: 'volume_icons' renamed to 'icons' - Use 'icons' with the dictionary format instead.
2026-09-22 17:01:22,072 [INFO] [MainThread] [root/service.py:52]: AudioOutputService starting...
2026-09-22 17:01:23,407 [INFO] [MainThread] [root/bar_manager.py:103]: Starting KomorebiEventListener...
2026-09-22 17:01:23,412 [INFO] [MainThread] [root/bar_manager.py:103]: Starting SystemEventListener...
2026-09-22 17:01:23,417 [INFO] [MainThread] [root/watcher.py:65]: Watching directory: c:\users\daeyu\.config\yasb
2026-09-22 17:01:23,417 [INFO] [MainThread] [root/watcher.py:104]: Created file watcher
2026-09-22 17:01:23,420 [INFO] [Dummy-7] [root/event_listener.py:54]: Created named pipe yasb-23dc1301-b679-11f1-a143-b4b5b698724c
2026-09-22 17:01:23,531 [INFO] [MainThread] [root/update_service.py:434]: Background update checker started
2026-09-22 17:01:24,047 [INFO] [Dummy-7] [root/event_listener.py:147]: Komorebi connected to named pipe: yasb-23dc1301-b679-11f1-a143-b4b5b698724c
